[C:/Users/peper/OneDrive/ドキュメント/柴原研究室/backblue.gif]
[C:/Users/peper/OneDrive/ドキュメント/柴原研究室/fade.gif]
[C:/Users/peper/OneDrive/ドキュメント/柴原研究室/index.html]
[C:/Users/peper/OneDrive/ドキュメント/柴原研究室/www.omu.ac.jp/eng/shibahara/assets/attachmentfile/attachmentfile-file-70709.jpg]
[C:/Users/peper/OneDrive/ドキュメント/柴原研究室/www.omu.ac.jp/powercmsx/themes/small_site/js/jquery.min.js]
[C:/Users/peper/OneDrive/ドキュメント/柴原研究室/www.omu.ac.jp/eng/shibahara/assets/1_1.jpg]
[C:/Users/peper/OneDrive/ドキュメント/柴原研究室/www.omu.ac.jp/eng/shibahara/assets/2_3.jpg]
[C:/Users/peper/OneDrive/ドキュメント/柴原研究室/www.omu.ac.jp/eng/shibahara/assets/3_2.jpg]
[C:/Users/peper/OneDrive/ドキュメント/柴原研究室/www.omu.ac.jp/eng/shibahara/assets/4_1.jpg]
[C:/Users/peper/OneDrive/ドキュメント/柴原研究室/www.omu.ac.jp/eng/shibahara/assets/5_2.jpg]
[C:/Users/peper/OneDrive/ドキュメント/柴原研究室/www.omu.ac.jp/eng/shibahara/assets/6_3.jpg]
[C:/Users/peper/OneDrive/ドキュメント/柴原研究室/www.omu.ac.jp/eng/shibahara/assets/7.jpg]
[C:/Users/peper/OneDrive/ドキュメント/柴原研究室/www.omu.ac.jp/eng/shibahara/assets/8.jpg]
[C:/Users/peper/OneDrive/ドキュメント/柴原研究室/www.omu.ac.jp/eng/shibahara/assets/9.jpg]
[C:/Users/peper/OneDrive/ドキュメント/柴原研究室/www.omu.ac.jp/eng/shibahara/assets/10.jpg]
[C:/Users/peper/OneDrive/ドキュメント/柴原研究室/www.omu.ac.jp/eng/shibahara/assets/11.jpg]
[C:/Users/peper/OneDrive/ドキュメント/柴原研究室/www.omu.ac.jp/eng/shibahara/assets/12.jpg]
[C:/Users/peper/OneDrive/ドキュメント/柴原研究室/www.omu.ac.jp/eng/shibahara/assets/13.jpg]
[C:/Users/peper/OneDrive/ドキュメント/柴原研究室/www.omu.ac.jp/eng/shibahara/assets/14_1.jpg]
[C:/Users/peper/OneDrive/ドキュメント/柴原研究室/www.omu.ac.jp/eng/shibahara/assets/15.jpg]
[C:/Users/peper/OneDrive/ドキュメント/柴原研究室/www.omu.ac.jp/eng/shibahara/assets/16_3.jpg]
[C:/Users/peper/OneDrive/ドキュメント/柴原研究室/www.omu.ac.jp/eng/shibahara/assets/17_2.jpg]
[C:/Users/peper/OneDrive/ドキュメント/柴原研究室/www.omu.ac.jp/eng/shibahara/assets/thumbnails/thumb-750xauto-235982-file.jpg]
[C:/Users/peper/OneDrive/ドキュメント/柴原研究室/www.omu.ac.jp/eng/shibahara/assets/thumbnails/thumb-750xauto-235867-file.jpg]
[C:/Users/peper/OneDrive/ドキュメント/柴原研究室/www.omu.ac.jp/eng/shibahara/assets/img_news-def@2x.jpg]
[C:/Users/peper/OneDrive/ドキュメント/柴原研究室/www.omu.ac.jp/eng/shibahara/assets/thumbnails/thumb-750xauto-230335-file.jpg]
[C:/Users/peper/OneDrive/ドキュメント/柴原研究室/www.omu.ac.jp/eng/shibahara/assets/thumbnails/thumb-750xauto-230333-file.jpg]
[C:/Users/peper/OneDrive/ドキュメント/柴原研究室/www.omu.ac.jp/eng/shibahara/assets/thumbnails/thumb-750xauto-229848-file.jpg]
[C:/Users/peper/OneDrive/ドキュメント/柴原研究室/www.omu.ac.jp/eng/shibahara/assets/thumbnails/thumb-750xauto-229804-file.jpg]
[C:/Users/peper/OneDrive/ドキュメント/柴原研究室/www.omu.ac.jp/eng/shibahara/assets/thumbnails/thumb-750xauto-229117-file.jpg]
[C:/Users/peper/OneDrive/ドキュメント/柴原研究室/www.omu.ac.jp/eng/shibahara/assets/thumbnails/thumb-750xauto-229102-file.jpg]
[C:/Users/peper/OneDrive/ドキュメント/柴原研究室/www.omu.ac.jp/eng/shibahara/assets/thumbnails/thumb-750xauto-228937-file.jpg]
[C:/Users/peper/OneDrive/ドキュメント/柴原研究室/www.omu.ac.jp/eng/shibahara/assets/thumbnails/thumb-750xauto-228590-file.jpg]
[C:/Users/peper/OneDrive/ドキュメント/柴原研究室/www.omu.ac.jp/eng/shibahara/assets/thumbnails/thumb-750xauto-228285-file.png]
[C:/Users/peper/OneDrive/ドキュメント/柴原研究室/www.omu.ac.jp/eng/shibahara/assets/thumbnails/thumb-750xauto-228277-file.jpg]
[C:/Users/peper/OneDrive/ドキュメント/柴原研究室/www.omu.ac.jp/eng/shibahara/assets/thumbnails/thumb-750xauto-226726-file.jpg]
[C:/Users/peper/OneDrive/ドキュメント/柴原研究室/www.omu.ac.jp/eng/shibahara/assets/thumbnails/thumb-750xauto-227051-file.jpg]
[C:/Users/peper/OneDrive/ドキュメント/柴原研究室/www.omu.ac.jp/eng/shibahara/assets/thumbnails/thumb-750xauto-226729-file.jpg]
[C:/Users/peper/OneDrive/ドキュメント/柴原研究室/www.omu.ac.jp/eng/shibahara/assets/thumbnails/thumb-750xauto-226456-file.jpg]
[C:/Users/peper/OneDrive/ドキュメント/柴原研究室/www.omu.ac.jp/eng/shibahara/assets/thumbnails/thumb-750xauto-226117-file.jpg]
[C:/Users/peper/OneDrive/ドキュメント/柴原研究室/www.omu.ac.jp/eng/shibahara/assets/thumbnails/thumb-750xauto-225554-file.jpg]
[C:/Users/peper/OneDrive/ドキュメント/柴原研究室/www.omu.ac.jp/eng/shibahara/assets/thumbnails/thumb-750xauto-223964-file.jpg]
[C:/Users/peper/OneDrive/ドキュメント/柴原研究室/www.omu.ac.jp/eng/shibahara/assets/thumbnails/thumb-750xauto-223968-file.jpg]
[C:/Users/peper/OneDrive/ドキュメント/柴原研究室/www.omu.ac.jp/eng/shibahara/assets/thumbnails/thumb-750xauto-223967-file.jpg]
[C:/Users/peper/OneDrive/ドキュメント/柴原研究室/www.omu.ac.jp/eng/shibahara/assets/thumbnails/thumb-750xauto-223965-file.jpg]
[C:/Users/peper/OneDrive/ドキュメント/柴原研究室/www.omu.ac.jp/eng/shibahara/assets/thumbnails/thumb-750xauto-223962-file.jpg]
[C:/Users/peper/OneDrive/ドキュメント/柴原研究室/www.omu.ac.jp/eng/shibahara/assets/thumbnails/thumb-750xauto-223801-file.jpg]
[C:/Users/peper/OneDrive/ドキュメント/柴原研究室/www.omu.ac.jp/eng/shibahara/assets/thumbnails/thumb-750xauto-223467-file.jpg]
[C:/Users/peper/OneDrive/ドキュメント/柴原研究室/www.omu.ac.jp/eng/shibahara/assets/thumbnails/thumb-750xauto-223276-file.jpg]
[C:/Users/peper/OneDrive/ドキュメント/柴原研究室/www.omu.ac.jp/eng/shibahara/assets/thumbnails/thumb-750xauto-222785-file.jpg]
[C:/Users/peper/OneDrive/ドキュメント/柴原研究室/www.omu.ac.jp/eng/shibahara/assets/thumbnails/thumb-750xauto-222775-file.jpg]
[C:/Users/peper/OneDrive/ドキュメント/柴原研究室/www.omu.ac.jp/eng/shibahara/index.html]
[C:/Users/peper/OneDrive/ドキュメント/柴原研究室/www.omu.ac.jp/eng/shibahara/assets/thumbnails/thumb-750xauto-222160-file.jpg]
[C:/Users/peper/OneDrive/ドキュメント/柴原研究室/www.omu.ac.jp/eng/shibahara/assets/thumbnails/thumb-750xauto-222032-file.jpg]
[C:/Users/peper/OneDrive/ドキュメント/柴原研究室/www.omu.ac.jp/eng/shibahara/assets/thumbnails/thumb-750xauto-222029-file.jpg]
[C:/Users/peper/OneDrive/ドキュメント/柴原研究室/www.omu.ac.jp/eng/shibahara/assets/thumbnails/thumb-750xauto-222015-file.jpg]
[C:/Users/peper/OneDrive/ドキュメント/柴原研究室/www.omu.ac.jp/powercmsx/themes/small_site/fonts/font-awesome/css/font-awesome.min.css]
[C:/Users/peper/OneDrive/ドキュメント/柴原研究室/www.omu.ac.jp/eng/shibahara/assets/thumbnails/thumb-750xauto-221971-file.jpg]
[C:/Users/peper/OneDrive/ドキュメント/柴原研究室/www.omu.ac.jp/eng/shibahara/assets/thumbnails/thumb-750xauto-221614-file.jpg]
[C:/Users/peper/OneDrive/ドキュメント/柴原研究室/www.omu.ac.jp/eng/shibahara/assets/thumbnails/thumb-750xauto-221409-file.jpg]
[C:/Users/peper/OneDrive/ドキュメント/柴原研究室/www.omu.ac.jp/eng/shibahara/assets/thumbnails/thumb-750xauto-221206-file.jpg]
[C:/Users/peper/OneDrive/ドキュメント/柴原研究室/www.omu.ac.jp/powercmsx/themes/small_site/js/lib.min.css]
[C:/Users/peper/OneDrive/ドキュメント/柴原研究室/www.omu.ac.jp/eng/shibahara/assets/thumbnails/thumb-750xauto-220746-file.jpg]
[C:/Users/peper/OneDrive/ドキュメント/柴原研究室/www.omu.ac.jp/eng/shibahara/assets/thumbnails/thumb-750xauto-220602-file.jpg]
[C:/Users/peper/OneDrive/ドキュメント/柴原研究室/www.omu.ac.jp/eng/shibahara/css/style_variables.css]
[C:/Users/peper/OneDrive/ドキュメント/柴原研究室/www.omu.ac.jp/eng/shibahara/assets/thumbnails/thumb-750xauto-220144-file.jpg]
[C:/Users/peper/OneDrive/ドキュメント/柴原研究室/www.omu.ac.jp/eng/shibahara/assets/thumbnails/thumb-750xauto-220145-file.jpg]
[C:/Users/peper/OneDrive/ドキュメント/柴原研究室/www.omu.ac.jp/eng/shibahara/assets/thumbnails/thumb-750xauto-219762-file.jpg]
[C:/Users/peper/OneDrive/ドキュメント/柴原研究室/www.omu.ac.jp/eng/shibahara/assets/thumbnails/thumb-750xauto-219294-file.jpg]
[C:/Users/peper/OneDrive/ドキュメント/柴原研究室/www.omu.ac.jp/eng/shibahara/assets/thumbnails/thumb-750xauto-219301-file.jpg]
[C:/Users/peper/OneDrive/ドキュメント/柴原研究室/www.omu.ac.jp/eng/shibahara/assets/thumbnails/thumb-750xauto-218046-file.jpg]
[C:/Users/peper/OneDrive/ドキュメント/柴原研究室/www.omu.ac.jp/eng/shibahara/assets/thumbnails/thumb-750xauto-218042-file.jpg]
[C:/Users/peper/OneDrive/ドキュメント/柴原研究室/www.omu.ac.jp/eng/shibahara/assets/thumbnails/thumb-750xauto-217925-file.jpg]
[C:/Users/peper/OneDrive/ドキュメント/柴原研究室/www.omu.ac.jp/eng/shibahara/assets/thumbnails/thumb-750xauto-217171-file.jpg]
[C:/Users/peper/OneDrive/ドキュメント/柴原研究室/www.omu.ac.jp/eng/shibahara/assets/thumbnails/thumb-750xauto-217091-file.jpg]
[C:/Users/peper/OneDrive/ドキュメント/柴原研究室/www.omu.ac.jp/eng/shibahara/assets/thumbnails/thumb-750xauto-216788-file.jpg]
[C:/Users/peper/OneDrive/ドキュメント/柴原研究室/www.omu.ac.jp/eng/shibahara/assets/thumbnails/thumb-750xauto-216515-file.jpg]
[C:/Users/peper/OneDrive/ドキュメント/柴原研究室/www.omu.ac.jp/eng/shibahara/assets/thumbnails/thumb-750xauto-216037-file.jpg]
[C:/Users/peper/OneDrive/ドキュメント/柴原研究室/www.omu.ac.jp/eng/shibahara/assets/thumbnails/thumb-750xauto-215668-file.jpg]
[C:/Users/peper/OneDrive/ドキュメント/柴原研究室/www.omu.ac.jp/powercmsx/themes/small_site/css/style.css]
[C:/Users/peper/OneDrive/ドキュメント/柴原研究室/www.omu.ac.jp/eng/shibahara/assets/thumbnails/thumb-750xauto-215475-file.jpg]
[C:/Users/peper/OneDrive/ドキュメント/柴原研究室/www.omu.ac.jp/eng/shibahara/assets/thumbnails/thumb-750xauto-215301-file.jpg]
[C:/Users/peper/OneDrive/ドキュメント/柴原研究室/www.omu.ac.jp/eng/shibahara/css/style.css]
[C:/Users/peper/OneDrive/ドキュメント/柴原研究室/www.omu.ac.jp/eng/shibahara/assets/thumbnails/thumb-750xauto-215276-file.jpg]
[C:/Users/peper/OneDrive/ドキュメント/柴原研究室/www.omu.ac.jp/eng/shibahara/assets/thumbnails/thumb-750xauto-214716-file.jpg]
[C:/Users/peper/OneDrive/ドキュメント/柴原研究室/www.omu.ac.jp/eng/shibahara/assets/thumbnails/thumb-750xauto-214541-file.jpg]
[C:/Users/peper/OneDrive/ドキュメント/柴原研究室/www.omu.ac.jp/eng/shibahara/assets/thumbnails/thumb-750xauto-214340-file.jpg]
[C:/Users/peper/OneDrive/ドキュメント/柴原研究室/www.omu.ac.jp/eng/shibahara/assets/thumbnails/thumb-750xauto-214096-file.jpg]
[C:/Users/peper/OneDrive/ドキュメント/柴原研究室/www.omu.ac.jp/eng/shibahara/assets/thumbnails/thumb-750xauto-213695-file.jpg]
[C:/Users/peper/OneDrive/ドキュメント/柴原研究室/www.omu.ac.jp/eng/shibahara/assets/thumbnails/thumb-750xauto-213589-file.jpg]
[C:/Users/peper/OneDrive/ドキュメント/柴原研究室/www.omu.ac.jp/eng/shibahara/assets/thumbnails/thumb-750xauto-213337-file.jpg]
[C:/Users/peper/OneDrive/ドキュメント/柴原研究室/www.omu.ac.jp/eng/shibahara/assets/thumbnails/thumb-750xauto-213187-file.jpg]
[C:/Users/peper/OneDrive/ドキュメント/柴原研究室/www.omu.ac.jp/eng/shibahara/assets/thumbnails/thumb-750xauto-211994-file.jpg]
[C:/Users/peper/OneDrive/ドキュメント/柴原研究室/www.omu.ac.jp/eng/shibahara/assets/thumbnails/thumb-750xauto-211979-file.jpg]
[C:/Users/peper/OneDrive/ドキュメント/柴原研究室/www.omu.ac.jp/eng/shibahara/assets/thumbnails/thumb-750xauto-211970-file.jpg]
[C:/Users/peper/OneDrive/ドキュメント/柴原研究室/www.omu.ac.jp/eng/shibahara/assets/thumbnails/thumb-750xauto-211936-file.jpg]
[C:/Users/peper/OneDrive/ドキュメント/柴原研究室/www.omu.ac.jp/eng/shibahara/assets/thumbnails/thumb-750xauto-210465-file.jpg]
[C:/Users/peper/OneDrive/ドキュメント/柴原研究室/www.omu.ac.jp/eng/shibahara/assets/thumbnails/thumb-750xauto-210388-file.jpg]
[C:/Users/peper/OneDrive/ドキュメント/柴原研究室/www.omu.ac.jp/eng/shibahara/assets/thumbnails/thumb-750xauto-210377-file.jpg]
[C:/Users/peper/OneDrive/ドキュメント/柴原研究室/www.omu.ac.jp/eng/shibahara/assets/thumbnails/thumb-750xauto-210469-file.jpg]
[C:/Users/peper/OneDrive/ドキュメント/柴原研究室/www.omu.ac.jp/eng/shibahara/assets/thumbnails/thumb-750xauto-210369-file.jpg]
[C:/Users/peper/OneDrive/ドキュメント/柴原研究室/www.omu.ac.jp/eng/shibahara/assets/thumbnails/thumb-750xauto-208821-file.jpg]
[C:/Users/peper/OneDrive/ドキュメント/柴原研究室/www.omu.ac.jp/eng/shibahara/assets/thumbnails/thumb-750xauto-208054-file.jpg]
[C:/Users/peper/OneDrive/ドキュメント/柴原研究室/www.omu.ac.jp/eng/shibahara/assets/thumbnails/thumb-750xauto-208820-file.jpg]
[C:/Users/peper/OneDrive/ドキュメント/柴原研究室/www.omu.ac.jp/eng/shibahara/assets/thumbnails/thumb-750xauto-208053-file.jpg]
[C:/Users/peper/OneDrive/ドキュメント/柴原研究室/www.omu.ac.jp/eng/shibahara/assets/thumbnails/thumb-750xauto-209108-file.jpg]
[C:/Users/peper/OneDrive/ドキュメント/柴原研究室/www.omu.ac.jp/eng/shibahara/assets/thumbnails/thumb-750xauto-208574-file.jpg]
[C:/Users/peper/OneDrive/ドキュメント/柴原研究室/www.omu.ac.jp/eng/shibahara/assets/thumbnails/thumb-750xauto-208569-file.jpg]
[C:/Users/peper/OneDrive/ドキュメント/柴原研究室/www.omu.ac.jp/eng/shibahara/assets/thumbnails/thumb-750xauto-208548-file.jpg]
[C:/Users/peper/OneDrive/ドキュメント/柴原研究室/www.omu.ac.jp/eng/shibahara/assets/thumbnails/thumb-750xauto-208503-file.jpg]
[C:/Users/peper/OneDrive/ドキュメント/柴原研究室/www.omu.ac.jp/eng/shibahara/assets/thumbnails/thumb-750xauto-208052-file.jpg]
[C:/Users/peper/OneDrive/ドキュメント/柴原研究室/www.omu.ac.jp/eng/shibahara/assets/thumbnails/thumb-750xauto-207381-file.jpg]
[C:/Users/peper/OneDrive/ドキュメント/柴原研究室/www.omu.ac.jp/eng/shibahara/assets/thumbnails/thumb-750xauto-206702-file.jpg]
[C:/Users/peper/OneDrive/ドキュメント/柴原研究室/www.omu.ac.jp/eng/shibahara/assets/thumbnails/thumb-750xauto-206192-file.jpg]
[C:/Users/peper/OneDrive/ドキュメント/柴原研究室/www.omu.ac.jp/eng/shibahara/assets/thumbnails/thumb-750xauto-205826-file.jpg]
[C:/Users/peper/OneDrive/ドキュメント/柴原研究室/www.omu.ac.jp/eng/shibahara/assets/thumbnails/thumb-750xauto-205216-file.jpg]
[C:/Users/peper/OneDrive/ドキュメント/柴原研究室/www.omu.ac.jp/eng/shibahara/assets/thumbnails/thumb-750xauto-204639-file.jpg]
[C:/Users/peper/OneDrive/ドキュメント/柴原研究室/www.omu.ac.jp/eng/shibahara/assets/thumbnails/thumb-750xauto-204093-file.jpg]
[C:/Users/peper/OneDrive/ドキュメント/柴原研究室/www.omu.ac.jp/eng/shibahara/assets/thumbnails/thumb-750xauto-203701-file.jpg]
[C:/Users/peper/OneDrive/ドキュメント/柴原研究室/www.omu.ac.jp/eng/shibahara/assets/thumbnails/thumb-750xauto-203697-file.jpg]
[C:/Users/peper/OneDrive/ドキュメント/柴原研究室/www.omu.ac.jp/eng/shibahara/assets/thumbnails/thumb-750xauto-201982-file.jpg]
[C:/Users/peper/OneDrive/ドキュメント/柴原研究室/www.omu.ac.jp/eng/shibahara/assets/thumbnails/thumb-750xauto-203002-file.jpg]
[C:/Users/peper/OneDrive/ドキュメント/柴原研究室/www.omu.ac.jp/eng/shibahara/assets/thumbnails/thumb-750xauto-201981-file.jpg]
[C:/Users/peper/OneDrive/ドキュメント/柴原研究室/www.omu.ac.jp/eng/shibahara/index-2.html]
[C:/Users/peper/OneDrive/ドキュメント/柴原研究室/www.omu.ac.jp/eng/shibahara/assets/thumbnails/thumb-750xauto-201880-file.jpg]
[C:/Users/peper/OneDrive/ドキュメント/柴原研究室/www.omu.ac.jp/eng/shibahara/assets/thumbnails/thumb-750xauto-201749-file.jpg]
[C:/Users/peper/OneDrive/ドキュメント/柴原研究室/www.googletagmanager.com/gtm5445.html]
[C:/Users/peper/OneDrive/ドキュメント/柴原研究室/www.omu.ac.jp/eng/shibahara/assets/thumbnails/thumb-750xauto-201334-file.jpg]
[C:/Users/peper/OneDrive/ドキュメント/柴原研究室/www.omu.ac.jp/eng/shibahara/assets/thumbnails/thumb-750xauto-198436-file.jpg]
[C:/Users/peper/OneDrive/ドキュメント/柴原研究室/www.omu.ac.jp/eng/shibahara/assets/thumbnails/thumb-750xauto-200808-file.jpg]
[C:/Users/peper/OneDrive/ドキュメント/柴原研究室/www.omu.ac.jp/eng/shibahara/assets/thumbnails/thumb-750xauto-200112-file.jpg]
[C:/Users/peper/OneDrive/ドキュメント/柴原研究室/www.omu.ac.jp/eng/shibahara/assets/thumbnails/thumb-750xauto-200010-file.jpg]
[C:/Users/peper/OneDrive/ドキュメント/柴原研究室/www.omu.ac.jp/eng/shibahara/assets/thumbnails/thumb-750xauto-199471-file.jpg]
[C:/Users/peper/OneDrive/ドキュメント/柴原研究室/www.omu.ac.jp/eng/shibahara/assets/thumbnails/thumb-750xauto-198902-file.jpg]
[C:/Users/peper/OneDrive/ドキュメント/柴原研究室/www.omu.ac.jp/eng/shibahara/assets/thumbnails/thumb-750xauto-197691-file.jpg]
[C:/Users/peper/OneDrive/ドキュメント/柴原研究室/www.omu.ac.jp/eng/shibahara/assets/thumbnails/thumb-750xauto-197673-file.jpg]
[C:/Users/peper/OneDrive/ドキュメント/柴原研究室/www.omu.ac.jp/eng/shibahara/assets/thumbnails/thumb-750xauto-197169-file.jpg]
[C:/Users/peper/OneDrive/ドキュメント/柴原研究室/www.omu.ac.jp/eng/shibahara/assets/thumbnails/thumb-750xauto-196852-file.jpg]
[C:/Users/peper/OneDrive/ドキュメント/柴原研究室/www.omu.ac.jp/eng/shibahara/assets/thumbnails/thumb-750xauto-196294-file.jpg]
[C:/Users/peper/OneDrive/ドキュメント/柴原研究室/www.omu.ac.jp/eng/shibahara/assets/thumbnails/thumb-750xauto-195907-file.jpg]
[C:/Users/peper/OneDrive/ドキュメント/柴原研究室/www.omu.ac.jp/eng/shibahara/assets/thumbnails/thumb-750xauto-195876-file.jpg]
[C:/Users/peper/OneDrive/ドキュメント/柴原研究室/www.omu.ac.jp/eng/shibahara/assets/thumbnails/thumb-750xauto-195342-file.jpg]
[C:/Users/peper/OneDrive/ドキュメント/柴原研究室/www.omu.ac.jp/eng/shibahara/assets/thumbnails/thumb-750xauto-195083-file.jpg]
[C:/Users/peper/OneDrive/ドキュメント/柴原研究室/www.omu.ac.jp/eng/shibahara/assets/thumbnails/thumb-750xauto-194008-file.jpg]
[C:/Users/peper/OneDrive/ドキュメント/柴原研究室/www.omu.ac.jp/eng/shibahara/assets/thumbnails/thumb-750xauto-193996-file.jpg]
[C:/Users/peper/OneDrive/ドキュメント/柴原研究室/www.omu.ac.jp/eng/shibahara/assets/thumbnails/thumb-750xauto-193767-file.jpg]
[C:/Users/peper/OneDrive/ドキュメント/柴原研究室/www.omu.ac.jp/eng/shibahara/assets/thumbnails/thumb-750xauto-192587-file.jpg]
[C:/Users/peper/OneDrive/ドキュメント/柴原研究室/www.omu.ac.jp/eng/shibahara/assets/thumbnails/thumb-750xauto-194914-file.jpg]
[C:/Users/peper/OneDrive/ドキュメント/柴原研究室/www.omu.ac.jp/eng/shibahara/assets/thumbnails/thumb-750xauto-195023-file.jpg]
[C:/Users/peper/OneDrive/ドキュメント/柴原研究室/www.omu.ac.jp/eng/shibahara/assets/thumbnails/thumb-750xauto-195030-file.jpg]
[C:/Users/peper/OneDrive/ドキュメント/柴原研究室/www.omu.ac.jp/eng/shibahara/professor/index.html]
[C:/Users/peper/OneDrive/ドキュメント/柴原研究室/www.omu.ac.jp/eng/shibahara/assets/thumbnails/thumb-750xauto-195025-file.jpg]
[C:/Users/peper/OneDrive/ドキュメント/柴原研究室/www.omu.ac.jp/eng/shibahara/assets/thumbnails/thumb-750xauto-195026-file.jpg]
[C:/Users/peper/OneDrive/ドキュメント/柴原研究室/www.omu.ac.jp/eng/shibahara/intro/member/index.html]
[C:/Users/peper/OneDrive/ドキュメント/柴原研究室/www.omu.ac.jp/eng/shibahara/assets/thumbnails/thumb-750xauto-195027-file.jpg]
[C:/Users/peper/OneDrive/ドキュメント/柴原研究室/www.omu.ac.jp/eng/shibahara/assets/thumbnails/thumb-750xauto-195032-file.jpg]
[C:/Users/peper/OneDrive/ドキュメント/柴原研究室/www.omu.ac.jp/eng/shibahara/assets/thumbnails/thumb-750xauto-185973-file.jpg]
[C:/Users/peper/OneDrive/ドキュメント/柴原研究室/www.omu.ac.jp/eng/shibahara/assets/thumbnails/thumb-750xauto-185966-file.jpg]
[C:/Users/peper/OneDrive/ドキュメント/柴原研究室/www.omu.ac.jp/eng/shibahara/assets/thumbnails/thumb-750xauto-185938-file.jpg]
[C:/Users/peper/OneDrive/ドキュメント/柴原研究室/www.omu.ac.jp/eng/shibahara/assets/thumbnails/thumb-750xauto-185935-file.jpg]
[C:/Users/peper/OneDrive/ドキュメント/柴原研究室/www.omu.ac.jp/eng/shibahara/intro/success/index.html]
[C:/Users/peper/OneDrive/ドキュメント/柴原研究室/www.omu.ac.jp/eng/shibahara/assets/thumbnails/thumb-750xauto-185932-file.jpg]
[C:/Users/peper/OneDrive/ドキュメント/柴原研究室/www.omu.ac.jp/eng/shibahara/assets/thumbnails/thumb-750xauto-185919-file.jpg]
[C:/Users/peper/OneDrive/ドキュメント/柴原研究室/www.omu.ac.jp/eng/shibahara/assets/thumbnails/thumb-750xauto-185914-file.jpg]
[C:/Users/peper/OneDrive/ドキュメント/柴原研究室/www.omu.ac.jp/eng/shibahara/assets/thumbnails/thumb-750xauto-185911-file.jpg]
[C:/Users/peper/OneDrive/ドキュメント/柴原研究室/www.omu.ac.jp/eng/shibahara/assets/thumbnails/thumb-750xauto-185666-file.jpg]
[C:/Users/peper/OneDrive/ドキュメント/柴原研究室/www.omu.ac.jp/eng/shibahara/assets/thumbnails/thumb-750xauto-185662-file.jpg]
[C:/Users/peper/OneDrive/ドキュメント/柴原研究室/www.omu.ac.jp/eng/shibahara/assets/thumbnails/thumb-750xauto-185658-file.jpg]
[C:/Users/peper/OneDrive/ドキュメント/柴原研究室/www.omu.ac.jp/eng/shibahara/assets/thumbnails/thumb-750xauto-185653-file.jpg]
[C:/Users/peper/OneDrive/ドキュメント/柴原研究室/www.omu.ac.jp/eng/shibahara/assets/thumbnails/thumb-750xauto-185647-file.jpg]
[C:/Users/peper/OneDrive/ドキュメント/柴原研究室/www.omu.ac.jp/eng/shibahara/assets/thumbnails/thumb-750xauto-185644-file.jpg]
[C:/Users/peper/OneDrive/ドキュメント/柴原研究室/www.omu.ac.jp/eng/shibahara/assets/thumbnails/thumb-750xauto-185635-file.jpg]
[C:/Users/peper/OneDrive/ドキュメント/柴原研究室/www.omu.ac.jp/eng/shibahara/assets/thumbnails/thumb-750xauto-185632-file.jpg]
[C:/Users/peper/OneDrive/ドキュメント/柴原研究室/www.omu.ac.jp/eng/shibahara/assets/thumbnails/thumb-750xauto-185628-file.jpg]
[C:/Users/peper/OneDrive/ドキュメント/柴原研究室/www.omu.ac.jp/eng/shibahara/assets/thumbnails/thumb-750xauto-185621-file.jpg]
[C:/Users/peper/OneDrive/ドキュメント/柴原研究室/www.omu.ac.jp/eng/shibahara/assets/thumbnails/thumb-750xauto-185623-file.jpg]
[C:/Users/peper/OneDrive/ドキュメント/柴原研究室/www.omu.ac.jp/eng/shibahara/assets/thumbnails/thumb-750xauto-185615-file.jpg]
[C:/Users/peper/OneDrive/ドキュメント/柴原研究室/www.omu.ac.jp/eng/shibahara/assets/thumbnails/thumb-750xauto-185613-file.jpg]
[C:/Users/peper/OneDrive/ドキュメント/柴原研究室/www.omu.ac.jp/eng/shibahara/assets/thumbnails/thumb-750xauto-185616-file.jpg]
[C:/Users/peper/OneDrive/ドキュメント/柴原研究室/www.omu.ac.jp/eng/shibahara/assets/thumbnails/thumb-750xauto-185582-file.jpg]
[C:/Users/peper/OneDrive/ドキュメント/柴原研究室/www.omu.ac.jp/eng/shibahara/assets/thumbnails/thumb-750xauto-185575-file.jpg]
[C:/Users/peper/OneDrive/ドキュメント/柴原研究室/www.omu.ac.jp/eng/shibahara/assets/thumbnails/thumb-750xauto-185579-file.jpg]
[C:/Users/peper/OneDrive/ドキュメント/柴原研究室/www.omu.ac.jp/eng/shibahara/assets/thumbnails/thumb-750xauto-185573-file.jpg]
[C:/Users/peper/OneDrive/ドキュメント/柴原研究室/www.omu.ac.jp/eng/shibahara/assets/thumbnails/thumb-750xauto-185570-file.jpg]
[C:/Users/peper/OneDrive/ドキュメント/柴原研究室/www.omu.ac.jp/eng/shibahara/assets/thumbnails/thumb-750xauto-185562-file.jpg]
[C:/Users/peper/OneDrive/ドキュメント/柴原研究室/www.omu.ac.jp/eng/shibahara/assets/thumbnails/thumb-750xauto-185552-file.jpg]
[C:/Users/peper/OneDrive/ドキュメント/柴原研究室/www.omu.ac.jp/eng/shibahara/assets/thumbnails/thumb-750xauto-185549-file.png]
[C:/Users/peper/OneDrive/ドキュメント/柴原研究室/www.omu.ac.jp/eng/shibahara/assets/thumbnails/thumb-750xauto-185538-file.jpg]
[C:/Users/peper/OneDrive/ドキュメント/柴原研究室/www.omu.ac.jp/eng/shibahara/assets/thumbnails/thumb-750xauto-185531-file.jpg]
[C:/Users/peper/OneDrive/ドキュメント/柴原研究室/www.omu.ac.jp/eng/shibahara/assets/thumbnails/thumb-750xauto-185527-file.jpg]
[C:/Users/peper/OneDrive/ドキュメント/柴原研究室/www.omu.ac.jp/eng/shibahara/assets/thumbnails/thumb-750xauto-166416-file.jpg]
[C:/Users/peper/OneDrive/ドキュメント/柴原研究室/www.omu.ac.jp/eng/shibahara/assets/thumbnails/thumb-750xauto-166410-file.jpg]
[C:/Users/peper/OneDrive/ドキュメント/柴原研究室/www.omu.ac.jp/eng/shibahara/assets/thumbnails/thumb-750xauto-166408-file.jpg]
[C:/Users/peper/OneDrive/ドキュメント/柴原研究室/www.omu.ac.jp/eng/shibahara/assets/thumbnails/thumb-750xauto-166404-file.jpg]
[C:/Users/peper/OneDrive/ドキュメント/柴原研究室/www.omu.ac.jp/eng/shibahara/assets/thumbnails/thumb-750xauto-166401-file.jpg]
[C:/Users/peper/OneDrive/ドキュメント/柴原研究室/www.omu.ac.jp/eng/shibahara/assets/thumbnails/thumb-750xauto-166400-file.jpg]
[C:/Users/peper/OneDrive/ドキュメント/柴原研究室/www.omu.ac.jp/eng/shibahara/assets/thumbnails/thumb-750xauto-166391-file.jpg]
[C:/Users/peper/OneDrive/ドキュメント/柴原研究室/www.omu.ac.jp/eng/shibahara/assets/thumbnails/thumb-750xauto-161670-file.jpg]
[C:/Users/peper/OneDrive/ドキュメント/柴原研究室/www.omu.ac.jp/eng/shibahara/assets/thumbnails/thumb-750xauto-161662-file.jpg]
[C:/Users/peper/OneDrive/ドキュメント/柴原研究室/www.omu.ac.jp/eng/shibahara/assets/thumbnails/thumb-750xauto-161661-file.jpg]
[C:/Users/peper/OneDrive/ドキュメント/柴原研究室/www.omu.ac.jp/eng/shibahara/assets/thumbnails/thumb-750xauto-161651-file.jpg]
[C:/Users/peper/OneDrive/ドキュメント/柴原研究室/www.omu.ac.jp/eng/shibahara/assets/thumbnails/thumb-750xauto-161649-file.jpg]
[C:/Users/peper/OneDrive/ドキュメント/柴原研究室/www.omu.ac.jp/eng/shibahara/assets/thumbnails/thumb-750xauto-161647-file.jpg]
[C:/Users/peper/OneDrive/ドキュメント/柴原研究室/www.omu.ac.jp/eng/shibahara/assets/thumbnails/thumb-750xauto-161640-file.jpg]
[C:/Users/peper/OneDrive/ドキュメント/柴原研究室/www.omu.ac.jp/eng/shibahara/assets/thumbnails/thumb-750xauto-161637-file.jpg]
[C:/Users/peper/OneDrive/ドキュメント/柴原研究室/www.omu.ac.jp/eng/shibahara/assets/thumbnails/thumb-750xauto-161635-file.jpg]
[C:/Users/peper/OneDrive/ドキュメント/柴原研究室/www.omu.ac.jp/eng/shibahara/assets/thumbnails/thumb-750xauto-161599-file.jpg]
[C:/Users/peper/OneDrive/ドキュメント/柴原研究室/www.omu.ac.jp/eng/shibahara/assets/thumbnails/thumb-750xauto-161598-file.jpg]
[C:/Users/peper/OneDrive/ドキュメント/柴原研究室/www.omu.ac.jp/eng/shibahara/assets/thumbnails/thumb-750xauto-158091-file.jpg]
[C:/Users/peper/OneDrive/ドキュメント/柴原研究室/www.omu.ac.jp/eng/shibahara/assets/thumbnails/thumb-750xauto-195035-file.jpg]
[C:/Users/peper/OneDrive/ドキュメント/柴原研究室/www.omu.ac.jp/eng/shibahara/assets/thumbnails/thumb-750xauto-158093-file.jpg]
[C:/Users/peper/OneDrive/ドキュメント/柴原研究室/www.omu.ac.jp/eng/shibahara/assets/thumbnails/thumb-750xauto-158080-file.jpg]
[C:/Users/peper/OneDrive/ドキュメント/柴原研究室/www.omu.ac.jp/eng/shibahara/assets/thumbnails/thumb-750xauto-158074-file.jpg]
[C:/Users/peper/OneDrive/ドキュメント/柴原研究室/www.omu.ac.jp/eng/shibahara/assets/thumbnails/thumb-750xauto-158070-file.jpg]
[C:/Users/peper/OneDrive/ドキュメント/柴原研究室/www.omu.ac.jp/eng/shibahara/assets/thumbnails/thumb-750xauto-158059-file.jpg]
[C:/Users/peper/OneDrive/ドキュメント/柴原研究室/www.omu.ac.jp/eng/shibahara/assets/thumbnails/thumb-750xauto-158054-file.jpg]
[C:/Users/peper/OneDrive/ドキュメント/柴原研究室/www.omu.ac.jp/eng/shibahara/assets/thumbnails/thumb-750xauto-158051-file.jpg]
[C:/Users/peper/OneDrive/ドキュメント/柴原研究室/www.omu.ac.jp/eng/shibahara/assets/thumbnails/thumb-750xauto-158049-file.jpg]
[C:/Users/peper/OneDrive/ドキュメント/柴原研究室/www.omu.ac.jp/eng/shibahara/assets/thumbnails/thumb-750xauto-158048-file.jpg]
[C:/Users/peper/OneDrive/ドキュメント/柴原研究室/www.omu.ac.jp/eng/shibahara/assets/thumbnails/thumb-750xauto-158046-file.jpg]
[C:/Users/peper/OneDrive/ドキュメント/柴原研究室/www.omu.ac.jp/eng/shibahara/assets/thumbnails/thumb-750xauto-158045-file.jpg]
[C:/Users/peper/OneDrive/ドキュメント/柴原研究室/www.omu.ac.jp/eng/shibahara/assets/thumbnails/thumb-750xauto-158044-file.jpg]
[C:/Users/peper/OneDrive/ドキュメント/柴原研究室/www.omu.ac.jp/eng/shibahara/assets/thumbnails/thumb-750xauto-158025-file.jpg]
[C:/Users/peper/OneDrive/ドキュメント/柴原研究室/www.omu.ac.jp/eng/shibahara/assets/thumbnails/thumb-750xauto-158021-file.jpg]
[C:/Users/peper/OneDrive/ドキュメント/柴原研究室/www.omu.ac.jp/eng/shibahara/assets/thumbnails/thumb-750xauto-154680-file.jpg]
[C:/Users/peper/OneDrive/ドキュメント/柴原研究室/www.omu.ac.jp/eng/shibahara/assets/thumbnails/thumb-750xauto-154677-file.jpg]
[C:/Users/peper/OneDrive/ドキュメント/柴原研究室/www.omu.ac.jp/eng/shibahara/assets/thumbnails/thumb-750xauto-150904-file.jpg]
[C:/Users/peper/OneDrive/ドキュメント/柴原研究室/www.omu.ac.jp/eng/shibahara/assets/thumbnails/thumb-750xauto-150900-file.png]
[C:/Users/peper/OneDrive/ドキュメント/柴原研究室/www.omu.ac.jp/eng/shibahara/assets/thumbnails/thumb-750xauto-154667-file.jpg]
[C:/Users/peper/OneDrive/ドキュメント/柴原研究室/www.omu.ac.jp/eng/shibahara/assets/thumbnails/thumb-750xauto-150908-file.jpg]
[C:/Users/peper/OneDrive/ドキュメント/柴原研究室/www.omu.ac.jp/eng/shibahara/assets/thumbnails/thumb-750xauto-150894-file.jpg]
[C:/Users/peper/OneDrive/ドキュメント/柴原研究室/www.omu.ac.jp/eng/shibahara/assets/thumbnails/thumb-750xauto-150891-file.jpg]
[C:/Users/peper/OneDrive/ドキュメント/柴原研究室/www.omu.ac.jp/eng/shibahara/assets/thumbnails/thumb-750xauto-150888-file.jpg]
[C:/Users/peper/OneDrive/ドキュメント/柴原研究室/www.omu.ac.jp/eng/shibahara/assets/thumbnails/thumb-750xauto-150881-file.jpg]
[C:/Users/peper/OneDrive/ドキュメント/柴原研究室/www.omu.ac.jp/eng/shibahara/assets/thumbnails/thumb-750xauto-150878-file.jpg]
[C:/Users/peper/OneDrive/ドキュメント/柴原研究室/www.omu.ac.jp/eng/shibahara/assets/thumbnails/thumb-750xauto-150876-file.jpg]
[C:/Users/peper/OneDrive/ドキュメント/柴原研究室/www.omu.ac.jp/eng/shibahara/assets/thumbnails/thumb-750xauto-147950-file.gif]
[C:/Users/peper/OneDrive/ドキュメント/柴原研究室/www.omu.ac.jp/eng/shibahara/assets/thumbnails/thumb-750xauto-147948-file.jpg]
[C:/Users/peper/OneDrive/ドキュメント/柴原研究室/www.omu.ac.jp/eng/shibahara/assets/thumbnails/thumb-750xauto-147947-file.jpg]
[C:/Users/peper/OneDrive/ドキュメント/柴原研究室/www.omu.ac.jp/eng/shibahara/assets/thumbnails/thumb-750xauto-147935-file.jpg]
[C:/Users/peper/OneDrive/ドキュメント/柴原研究室/www.omu.ac.jp/eng/shibahara/assets/thumbnails/thumb-750xauto-147921-file.jpg]
[C:/Users/peper/OneDrive/ドキュメント/柴原研究室/www.omu.ac.jp/eng/shibahara/assets/thumbnails/thumb-750xauto-147909-file.jpg]
[C:/Users/peper/OneDrive/ドキュメント/柴原研究室/www.omu.ac.jp/eng/shibahara/assets/thumbnails/thumb-750xauto-147901-file.jpg]
[C:/Users/peper/OneDrive/ドキュメント/柴原研究室/www.omu.ac.jp/eng/shibahara/assets/thumbnails/thumb-750xauto-147931-file.jpg]
[C:/Users/peper/OneDrive/ドキュメント/柴原研究室/www.omu.ac.jp/eng/shibahara/assets/thumbnails/thumb-750xauto-147896-file.jpg]
[C:/Users/peper/OneDrive/ドキュメント/柴原研究室/www.omu.ac.jp/eng/shibahara/assets/thumbnails/thumb-750xauto-147895-file.jpg]
[C:/Users/peper/OneDrive/ドキュメント/柴原研究室/www.omu.ac.jp/eng/shibahara/assets/thumbnails/thumb-750xauto-147888-file.jpg]
[C:/Users/peper/OneDrive/ドキュメント/柴原研究室/www.omu.ac.jp/eng/shibahara/assets/thumbnails/thumb-750xauto-147886-file.jpg]
[C:/Users/peper/OneDrive/ドキュメント/柴原研究室/www.omu.ac.jp/eng/shibahara/assets/thumbnails/thumb-750xauto-147881-file.jpg]
[C:/Users/peper/OneDrive/ドキュメント/柴原研究室/www.omu.ac.jp/eng/shibahara/assets/thumbnails/thumb-750xauto-147877-file.jpg]
[C:/Users/peper/OneDrive/ドキュメント/柴原研究室/www.omu.ac.jp/eng/shibahara/assets/thumbnails/thumb-750xauto-147872-file.jpg]
[C:/Users/peper/OneDrive/ドキュメント/柴原研究室/www.omu.ac.jp/eng/shibahara/assets/thumbnails/thumb-750xauto-138163-file.jpg]
[C:/Users/peper/OneDrive/ドキュメント/柴原研究室/www.omu.ac.jp/eng/shibahara/assets/thumbnails/thumb-750xauto-138156-file.jpg]
[C:/Users/peper/OneDrive/ドキュメント/柴原研究室/www.omu.ac.jp/eng/shibahara/assets/thumbnails/thumb-750xauto-138147-file.jpg]
[C:/Users/peper/OneDrive/ドキュメント/柴原研究室/www.omu.ac.jp/eng/shibahara/assets/thumbnails/thumb-750xauto-138135-file.jpg]
[C:/Users/peper/OneDrive/ドキュメント/柴原研究室/www.omu.ac.jp/eng/shibahara/assets/thumbnails/thumb-750xauto-138128-file.jpg]
[C:/Users/peper/OneDrive/ドキュメント/柴原研究室/www.omu.ac.jp/eng/shibahara/assets/thumbnails/thumb-750xauto-138126-file.jpg]
[C:/Users/peper/OneDrive/ドキュメント/柴原研究室/www.omu.ac.jp/eng/shibahara/assets/thumbnails/thumb-750xauto-127182-file.jpg]
[C:/Users/peper/OneDrive/ドキュメント/柴原研究室/www.omu.ac.jp/eng/shibahara/assets/thumbnails/thumb-750xauto-126731-file.jpg]
[C:/Users/peper/OneDrive/ドキュメント/柴原研究室/www.omu.ac.jp/eng/shibahara/assets/thumbnails/thumb-750xauto-127181-file.jpg]
[C:/Users/peper/OneDrive/ドキュメント/柴原研究室/www.omu.ac.jp/eng/shibahara/assets/thumbnails/thumb-750xauto-126719-file.jpg]
[C:/Users/peper/OneDrive/ドキュメント/柴原研究室/www.omu.ac.jp/eng/shibahara/assets/thumbnails/thumb-750xauto-126723-file.jpg]
[C:/Users/peper/OneDrive/ドキュメント/柴原研究室/www.omu.ac.jp/eng/shibahara/assets/thumbnails/thumb-750xauto-126711-file.jpg]
[C:/Users/peper/OneDrive/ドキュメント/柴原研究室/www.omu.ac.jp/eng/shibahara/assets/thumbnails/thumb-750xauto-126710-file.jpg]
[C:/Users/peper/OneDrive/ドキュメント/柴原研究室/www.omu.ac.jp/eng/shibahara/assets/thumbnails/thumb-750xauto-126707-file.jpg]
[C:/Users/peper/OneDrive/ドキュメント/柴原研究室/www.omu.ac.jp/eng/shibahara/assets/thumbnails/thumb-750xauto-126706-file.jpg]
[C:/Users/peper/OneDrive/ドキュメント/柴原研究室/www.omu.ac.jp/eng/shibahara/assets/thumbnails/thumb-750xauto-126701-file.jpg]
[C:/Users/peper/OneDrive/ドキュメント/柴原研究室/www.omu.ac.jp/eng/shibahara/assets/thumbnails/thumb-750xauto-125924-file.jpg]
[C:/Users/peper/OneDrive/ドキュメント/柴原研究室/www.omu.ac.jp/eng/shibahara/assets/thumbnails/thumb-750xauto-107595-file.jpg]
[C:/Users/peper/OneDrive/ドキュメント/柴原研究室/www.omu.ac.jp/eng/shibahara/assets/thumbnails/thumb-750xauto-107591-file.jpg]
[C:/Users/peper/OneDrive/ドキュメント/柴原研究室/www.omu.ac.jp/eng/shibahara/assets/thumbnails/thumb-750xauto-107588-file.jpg]
[C:/Users/peper/OneDrive/ドキュメント/柴原研究室/www.omu.ac.jp/eng/shibahara/assets/thumbnails/thumb-750xauto-107583-file.jpg]
[C:/Users/peper/OneDrive/ドキュメント/柴原研究室/www.omu.ac.jp/eng/shibahara/assets/thumbnails/thumb-750xauto-107577-file.jpg]
[C:/Users/peper/OneDrive/ドキュメント/柴原研究室/www.omu.ac.jp/eng/shibahara/assets/thumbnails/thumb-750xauto-107567-file.jpg]
[C:/Users/peper/OneDrive/ドキュメント/柴原研究室/www.omu.ac.jp/eng/shibahara/assets/thumbnails/thumb-750xauto-107558-file.jpg]
[C:/Users/peper/OneDrive/ドキュメント/柴原研究室/www.omu.ac.jp/eng/shibahara/assets/thumbnails/thumb-750xauto-107552-file.jpg]
[C:/Users/peper/OneDrive/ドキュメント/柴原研究室/www.omu.ac.jp/eng/shibahara/assets/thumbnails/thumb-750xauto-107546-file.png]
[C:/Users/peper/OneDrive/ドキュメント/柴原研究室/www.omu.ac.jp/eng/shibahara/assets/thumbnails/thumb-750xauto-107538-file.jpg]
[C:/Users/peper/OneDrive/ドキュメント/柴原研究室/www.omu.ac.jp/eng/shibahara/assets/thumbnails/thumb-750xauto-107533-file.jpg]
[C:/Users/peper/OneDrive/ドキュメント/柴原研究室/www.omu.ac.jp/eng/shibahara/assets/thumbnails/thumb-750xauto-107515-file.jpg]
[C:/Users/peper/OneDrive/ドキュメント/柴原研究室/www.omu.ac.jp/eng/shibahara/assets/thumbnails/thumb-750xauto-107476-file.jpg]
[C:/Users/peper/OneDrive/ドキュメント/柴原研究室/www.omu.ac.jp/eng/shibahara/assets/thumbnails/thumb-750xauto-107468-file.jpg]
[C:/Users/peper/OneDrive/ドキュメント/柴原研究室/www.omu.ac.jp/eng/shibahara/assets/thumbnails/thumb-750xauto-107463-file.jpg]
[C:/Users/peper/OneDrive/ドキュメント/柴原研究室/www.omu.ac.jp/eng/shibahara/assets/thumbnails/thumb-750xauto-107455-file.jpg]
[C:/Users/peper/OneDrive/ドキュメント/柴原研究室/www.omu.ac.jp/eng/shibahara/assets/thumbnails/thumb-750xauto-107461-file.jpg]
[C:/Users/peper/OneDrive/ドキュメント/柴原研究室/www.omu.ac.jp/eng/shibahara/assets/thumbnails/thumb-750xauto-107448-file.jpg]
[C:/Users/peper/OneDrive/ドキュメント/柴原研究室/www.omu.ac.jp/eng/shibahara/assets/thumbnails/thumb-750xauto-107453-file.jpg]
[C:/Users/peper/OneDrive/ドキュメント/柴原研究室/www.omu.ac.jp/eng/shibahara/assets/thumbnails/thumb-750xauto-107441-file.jpg]
[C:/Users/peper/OneDrive/ドキュメント/柴原研究室/www.omu.ac.jp/eng/shibahara/assets/thumbnails/thumb-750xauto-107434-file.jpg]
[C:/Users/peper/OneDrive/ドキュメント/柴原研究室/www.omu.ac.jp/eng/shibahara/assets/thumbnails/thumb-750xauto-107423-file.jpg]
[C:/Users/peper/OneDrive/ドキュメント/柴原研究室/www.omu.ac.jp/eng/shibahara/assets/thumbnails/thumb-750xauto-107170-file.jpg]
[C:/Users/peper/OneDrive/ドキュメント/柴原研究室/www.omu.ac.jp/eng/shibahara/assets/thumbnails/thumb-750xauto-107160-file.jpg]
[C:/Users/peper/OneDrive/ドキュメント/柴原研究室/www.omu.ac.jp/eng/shibahara/assets/thumbnails/thumb-750xauto-107153-file.jpg]
[C:/Users/peper/OneDrive/ドキュメント/柴原研究室/www.omu.ac.jp/eng/shibahara/assets/thumbnails/thumb-750xauto-107152-file.jpg]
[C:/Users/peper/OneDrive/ドキュメント/柴原研究室/www.omu.ac.jp/eng/shibahara/assets/thumbnails/thumb-750xauto-107150-file.jpg]
[C:/Users/peper/OneDrive/ドキュメント/柴原研究室/www.omu.ac.jp/eng/shibahara/assets/thumbnails/thumb-750xauto-107145-file.jpg]
[C:/Users/peper/OneDrive/ドキュメント/柴原研究室/www.omu.ac.jp/eng/shibahara/assets/thumbnails/thumb-750xauto-107144-file.jpg]
[C:/Users/peper/OneDrive/ドキュメント/柴原研究室/www.omu.ac.jp/eng/shibahara/assets/thumbnails/thumb-750xauto-107138-file.jpg]
[C:/Users/peper/OneDrive/ドキュメント/柴原研究室/www.omu.ac.jp/eng/shibahara/assets/thumbnails/thumb-750xauto-107130-file.jpg]
[C:/Users/peper/OneDrive/ドキュメント/柴原研究室/www.omu.ac.jp/eng/shibahara/assets/thumbnails/thumb-750xauto-107123-file.jpg]
[C:/Users/peper/OneDrive/ドキュメント/柴原研究室/www.omu.ac.jp/eng/shibahara/assets/thumbnails/thumb-750xauto-107120-file.jpg]
[C:/Users/peper/OneDrive/ドキュメント/柴原研究室/www.omu.ac.jp/eng/shibahara/assets/thumbnails/thumb-750xauto-107117-file.jpg]
[C:/Users/peper/OneDrive/ドキュメント/柴原研究室/www.omu.ac.jp/eng/shibahara/assets/thumbnails/thumb-750xauto-107082-file.jpg]
[C:/Users/peper/OneDrive/ドキュメント/柴原研究室/www.omu.ac.jp/eng/shibahara/assets/thumbnails/thumb-750xauto-107065-file.jpg]
[C:/Users/peper/OneDrive/ドキュメント/柴原研究室/www.omu.ac.jp/eng/shibahara/assets/thumbnails/thumb-750xauto-106939-file.jpg]
[C:/Users/peper/OneDrive/ドキュメント/柴原研究室/www.omu.ac.jp/eng/shibahara/assets/thumbnails/thumb-750xauto-106935-file.jpg]
[C:/Users/peper/OneDrive/ドキュメント/柴原研究室/www.omu.ac.jp/eng/shibahara/assets/thumbnails/thumb-750xauto-106925-file.jpg]
[C:/Users/peper/OneDrive/ドキュメント/柴原研究室/www.omu.ac.jp/eng/shibahara/assets/thumbnails/thumb-750xauto-106920-file.jpg]
[C:/Users/peper/OneDrive/ドキュメント/柴原研究室/www.omu.ac.jp/eng/shibahara/assets/thumbnails/thumb-750xauto-106916-file.jpg]
[C:/Users/peper/OneDrive/ドキュメント/柴原研究室/www.omu.ac.jp/eng/shibahara/assets/thumbnails/thumb-750xauto-106913-file.jpg]
[C:/Users/peper/OneDrive/ドキュメント/柴原研究室/www.omu.ac.jp/eng/shibahara/assets/thumbnails/thumb-750xauto-106908-file.jpg]
[C:/Users/peper/OneDrive/ドキュメント/柴原研究室/www.omu.ac.jp/eng/shibahara/assets/thumbnails/thumb-750xauto-106903-file.jpg]
[C:/Users/peper/OneDrive/ドキュメント/柴原研究室/www.omu.ac.jp/eng/shibahara/assets/thumbnails/thumb-750xauto-106892-file.jpg]
[C:/Users/peper/OneDrive/ドキュメント/柴原研究室/www.omu.ac.jp/eng/shibahara/assets/thumbnails/thumb-750xauto-106887-file.jpg]
[C:/Users/peper/OneDrive/ドキュメント/柴原研究室/www.omu.ac.jp/eng/shibahara/assets/thumbnails/thumb-750xauto-106879-file.jpg]
[C:/Users/peper/OneDrive/ドキュメント/柴原研究室/www.omu.ac.jp/eng/shibahara/assets/thumbnails/thumb-750xauto-106856-file.jpg]
[C:/Users/peper/OneDrive/ドキュメント/柴原研究室/www.omu.ac.jp/eng/shibahara/assets/thumbnails/thumb-750xauto-195029-file.jpg]
[C:/Users/peper/OneDrive/ドキュメント/柴原研究室/www.omu.ac.jp/eng/shibahara/assets/thumbnails/thumb-750xauto-195031-file.jpg]
[C:/Users/peper/OneDrive/ドキュメント/柴原研究室/www.omu.ac.jp/eng/shibahara/assets/thumbnails/thumb-750xauto-195024-file.jpg]
[C:/Users/peper/OneDrive/ドキュメント/柴原研究室/www.omu.ac.jp/eng/shibahara/assets/thumbnails/thumb-750xauto-106855-file.jpg]
[C:/Users/peper/OneDrive/ドキュメント/柴原研究室/www.omu.ac.jp/eng/shibahara/assets/thumbnails/thumb-750xauto-106849-file.jpg]
[C:/Users/peper/OneDrive/ドキュメント/柴原研究室/www.omu.ac.jp/eng/shibahara/assets/thumbnails/thumb-750xauto-106846-file.jpg]
[C:/Users/peper/OneDrive/ドキュメント/柴原研究室/www.omu.ac.jp/eng/shibahara/assets/thumbnails/thumb-750xauto-106836-file.jpg]
[C:/Users/peper/OneDrive/ドキュメント/柴原研究室/www.omu.ac.jp/eng/shibahara/assets/thumbnails/thumb-750xauto-106828-file.jpg]
[C:/Users/peper/OneDrive/ドキュメント/柴原研究室/www.omu.ac.jp/eng/shibahara/assets/thumbnails/thumb-750xauto-106831-file.jpg]
[C:/Users/peper/OneDrive/ドキュメント/柴原研究室/www.omu.ac.jp/eng/shibahara/assets/thumbnails/thumb-750xauto-106827-file.jpg]
[C:/Users/peper/OneDrive/ドキュメント/柴原研究室/www.omu.ac.jp/eng/shibahara/assets/thumbnails/thumb-750xauto-106825-file.jpg]
[C:/Users/peper/OneDrive/ドキュメント/柴原研究室/www.omu.ac.jp/eng/shibahara/assets/thumbnails/thumb-750xauto-195033-file.jpg]
[C:/Users/peper/OneDrive/ドキュメント/柴原研究室/www.omu.ac.jp/eng/shibahara/assets/thumbnails/thumb-750xauto-106816-file.jpg]
[C:/Users/peper/OneDrive/ドキュメント/柴原研究室/www.omu.ac.jp/eng/shibahara/assets/thumbnails/thumb-750xauto-106785-file.jpg]
[C:/Users/peper/OneDrive/ドキュメント/柴原研究室/www.omu.ac.jp/eng/shibahara/assets/thumbnails/thumb-750xauto-106783-file.jpg]
[C:/Users/peper/OneDrive/ドキュメント/柴原研究室/www.omu.ac.jp/eng/shibahara/assets/thumbnails/thumb-750xauto-106782-file.jpg]
[C:/Users/peper/OneDrive/ドキュメント/柴原研究室/www.omu.ac.jp/eng/shibahara/assets/3.jpg]
[C:/Users/peper/OneDrive/ドキュメント/柴原研究室/www.omu.ac.jp/eng/shibahara/js/include_calendar.js]
[C:/Users/peper/OneDrive/ドキュメント/柴原研究室/www.omu.ac.jp/powercmsx/themes/small_site/js/bootstrap.bundle.min.js]
[C:/Users/peper/OneDrive/ドキュメント/柴原研究室/www.omu.ac.jp/powercmsx/themes/small_site/js/lib.min.js]
[C:/Users/peper/OneDrive/ドキュメント/柴原研究室/www.omu.ac.jp/powercmsx/themes/small_site/js/lib/lottie.min.js]
[C:/Users/peper/OneDrive/ドキュメント/柴原研究室/www.omu.ac.jp/powercmsx/themes/small_site/js/common.js]
[C:/Users/peper/OneDrive/ドキュメント/柴原研究室/www.omu.ac.jp/powercmsx/themes/small_site/js/script.js]
[C:/Users/peper/OneDrive/ドキュメント/柴原研究室/www.omu.ac.jp/eng/shibahara/js/script_footer.js]
[C:/Users/peper/OneDrive/ドキュメント/柴原研究室/www.omu.ac.jp/powercmsx/themes/small_site/img/img_scroll.png]
[C:/Users/peper/OneDrive/ドキュメント/柴原研究室/www.omu.ac.jp/eng/shibahara/assets/attachmentfile/attachmentfile-file-69175.jpg]
[C:/Users/peper/OneDrive/ドキュメント/柴原研究室/www.omu.ac.jp/eng/shibahara/assets/Image2-113-768x7771.jpg]
[C:/Users/peper/OneDrive/ドキュメント/柴原研究室/www.omu.ac.jp/eng/shibahara/assets/mail.jpg]
[C:/Users/peper/OneDrive/ドキュメント/柴原研究室/www.omu.ac.jp/eng/shibahara/assets/Image2-113-768x777_4.jpg]
[C:/Users/peper/OneDrive/ドキュメント/柴原研究室/www.omu.ac.jp/eng/shibahara/assets/Image4-17-242x300.jpg]
[C:/Users/peper/OneDrive/ドキュメント/柴原研究室/www.omu.ac.jp/eng/shibahara/assets/Ramy_Gadallah_1.jpg]
[C:/Users/peper/OneDrive/ドキュメント/柴原研究室/www.omu.ac.jp/eng/shibahara/assets/port.jpg]
[C:/Users/peper/OneDrive/ドキュメント/柴原研究室/www.omu.ac.jp/eng/shibahara/omu-content/uploads/sites/1156/Image2-14.jpg]
[C:/Users/peper/OneDrive/ドキュメント/柴原研究室/www.omu.ac.jp/eng/shibahara/omu-content/uploads/sites/1156/Image3-9.jpg]
[C:/Users/peper/OneDrive/ドキュメント/柴原研究室/www.omu.ac.jp/eng/shibahara/assets/Image7-31.jpg]
[C:/Users/peper/OneDrive/ドキュメント/柴原研究室/www.omu.ac.jp/eng/shibahara/omu-content/uploads/sites/1156/IMG_9028.jpg]
[C:/Users/peper/OneDrive/ドキュメント/柴原研究室/www.omu.ac.jp/eng/shibahara/assets/Image1_t-3.jpg]
[C:/Users/peper/OneDrive/ドキュメント/柴原研究室/www.omu.ac.jp/eng/shibahara/omu-content/uploads/sites/1156/Image1-123-228x300.jpg]
[C:/Users/peper/OneDrive/ドキュメント/柴原研究室/www.omu.ac.jp/eng/shibahara/omu-content/uploads/sites/1156/32933-225x300.jpg]
[C:/Users/peper/OneDrive/ドキュメント/柴原研究室/www.omu.ac.jp/eng/shibahara/assets/ddd-4.jpg]
[C:/Users/peper/OneDrive/ドキュメント/柴原研究室/www.omu.ac.jp/eng/shibahara/assets/Image11-24.jpg]
[C:/Users/peper/OneDrive/ドキュメント/柴原研究室/www.omu.ac.jp/eng/shibahara/assets/Image3-43-242x300.jpg]
[C:/Users/peper/OneDrive/ドキュメント/柴原研究室/www.omu.ac.jp/eng/shibahara/omu-content/uploads/sites/1156/Image3-96.jpg]
[C:/Users/peper/OneDrive/ドキュメント/柴原研究室/www.omu.ac.jp/eng/shibahara/omu-content/uploads/sites/1156/Image2-146.jpg]
[C:/Users/peper/OneDrive/ドキュメント/柴原研究室/www.omu.ac.jp/eng/shibahara/omu-content/uploads/sites/1156/Image1-121-256x300.jpg]
[C:/Users/peper/OneDrive/ドキュメント/柴原研究室/www.omu.ac.jp/eng/shibahara/omu-content/uploads/sites/1156/S__85229585-300x225.jpg]
[C:/Users/peper/OneDrive/ドキュメント/柴原研究室/www.omu.ac.jp/eng/shibahara/intro/folder/index.html]
[C:/Users/peper/OneDrive/ドキュメント/柴原研究室/www.omu.ac.jp/eng/shibahara/omu-content/uploads/sites/1156/9DFC7F8B-5C02-4FED-9258-8FA274E89180-231x300.jpg]
[C:/Users/peper/OneDrive/ドキュメント/柴原研究室/www.omu.ac.jp/eng/shibahara/omu-content/uploads/sites/1156/149629_0-225x300.jpg]
[C:/Users/peper/OneDrive/ドキュメント/柴原研究室/www.omu.ac.jp/eng/shibahara/omu-content/uploads/sites/1156/Image2-189-239x300.jpg]
[C:/Users/peper/OneDrive/ドキュメント/柴原研究室/www.omu.ac.jp/eng/shibahara/omu-content/uploads/sites/1156/Image3-128-221x300.jpg]
[C:/Users/peper/OneDrive/ドキュメント/柴原研究室/www.omu.ac.jp/eng/shibahara/omu-content/uploads/sites/1156/Image2-75-279x300.jpg]
[C:/Users/peper/OneDrive/ドキュメント/柴原研究室/www.omu.ac.jp/eng/shibahara/assets/Image2-79-230x300.jpg]
[C:/Users/peper/OneDrive/ドキュメント/柴原研究室/www.omu.ac.jp/eng/shibahara/assets/S__10559555_0.jpg]
[C:/Users/peper/OneDrive/ドキュメント/柴原研究室/www.omu.ac.jp/eng/shibahara/omu-content/uploads/sites/1156/Image1-187-251x300.jpg]
[C:/Users/peper/OneDrive/ドキュメント/柴原研究室/www.omu.ac.jp/eng/shibahara/assets/S__10559553_0.jpg]
[C:/Users/peper/OneDrive/ドキュメント/柴原研究室/www.omu.ac.jp/eng/shibahara/assets/attachmentfile/attachmentfile-file-69609.jpg]
[C:/Users/peper/OneDrive/ドキュメント/柴原研究室/www.omu.ac.jp/eng/shibahara/assets/S__13213743.jpg]
[C:/Users/peper/OneDrive/ドキュメント/柴原研究室/www.omu.ac.jp/eng/shibahara/omu-content/uploads/sites/1156/Image3-115-229x300.jpg]
[C:/Users/peper/OneDrive/ドキュメント/柴原研究室/www.omu.ac.jp/eng/shibahara/omu-content/uploads/sites/1156/Image1-176-277x300.jpg]
[C:/Users/peper/OneDrive/ドキュメント/柴原研究室/www.omu.ac.jp/eng/shibahara/omu-content/uploads/sites/1156/Image7_t.jpg]
[C:/Users/peper/OneDrive/ドキュメント/柴原研究室/www.omu.ac.jp/eng/shibahara/omu-content/uploads/sites/1156/Image6_t.jpg]
[C:/Users/peper/OneDrive/ドキュメント/柴原研究室/www.omu.ac.jp/eng/shibahara/omu-content/uploads/sites/1156/Image8_t.jpg]
[C:/Users/peper/OneDrive/ドキュメント/柴原研究室/www.omu.ac.jp/eng/shibahara/omu-content/uploads/sites/1156/Image1_t-1.jpg]
[C:/Users/peper/OneDrive/ドキュメント/柴原研究室/www.omu.ac.jp/eng/shibahara/omu-content/uploads/sites/1156/Image2_t-2.jpg]
[C:/Users/peper/OneDrive/ドキュメント/柴原研究室/www.omu.ac.jp/eng/shibahara/omu-content/uploads/sites/1156/Image3_t-1.jpg]
[C:/Users/peper/OneDrive/ドキュメント/柴原研究室/www.omu.ac.jp/eng/shibahara/assets/Image1-48.jpg]
[C:/Users/peper/OneDrive/ドキュメント/柴原研究室/www.omu.ac.jp/eng/shibahara/assets/Image4-13-247x300.jpg]
[C:/Users/peper/OneDrive/ドキュメント/柴原研究室/www.omu.ac.jp/eng/shibahara/assets/dwdd-245x300.jpg]
[C:/Users/peper/OneDrive/ドキュメント/柴原研究室/www.omu.ac.jp/eng/shibahara/assets/sffg-1-268x300.jpg]
[C:/Users/peper/OneDrive/ドキュメント/柴原研究室/www.omu.ac.jp/eng/shibahara/omu-content/uploads/sites/1156/sfdae_t.jpg]
[C:/Users/peper/OneDrive/ドキュメント/柴原研究室/www.omu.ac.jp/eng/shibahara/assets/deew-232x300.jpg]
[C:/Users/peper/OneDrive/ドキュメント/柴原研究室/www.omu.ac.jp/eng/shibahara/assets/dse3-241x300.jpg]
[C:/Users/peper/OneDrive/ドキュメント/柴原研究室/www.omu.ac.jp/eng/shibahara/assets/dwqe3-225x300.jpg]
[C:/Users/peper/OneDrive/ドキュメント/柴原研究室/www.omu.ac.jp/eng/shibahara/assets/Image1-24-243x300.jpg]
[C:/Users/peper/OneDrive/ドキュメント/柴原研究室/www.omu.ac.jp/eng/shibahara/assets/ewete-286x300.jpg]
[C:/Users/peper/OneDrive/ドキュメント/柴原研究室/www.omu.ac.jp/eng/shibahara/omu-content/uploads/sites/1156/%E6%B2%96%E8%A6%8B.jpg]
[C:/Users/peper/OneDrive/ドキュメント/柴原研究室/www.omu.ac.jp/eng/shibahara/assets/%E8%8A%A6%E7%94%B0-252x300.jpg]
[C:/Users/peper/OneDrive/ドキュメント/柴原研究室/www.omu.ac.jp/eng/shibahara/assets/%E5%86%85%E6%9D%911-300x300.jpg]
[C:/Users/peper/OneDrive/ドキュメント/柴原研究室/www.omu.ac.jp/eng/shibahara/assets/%E6%B0%B8%E9%87%8C-253x300.jpg]
[C:/Users/peper/OneDrive/ドキュメント/柴原研究室/www.omu.ac.jp/eng/shibahara/assets/%E6%A9%8B%E8%A9%B0-270x300.jpg]
[C:/Users/peper/OneDrive/ドキュメント/柴原研究室/www.omu.ac.jp/eng/shibahara/assets/dfre-258x300.jpg]
[C:/Users/peper/OneDrive/ドキュメント/柴原研究室/www.omu.ac.jp/eng/shibahara/assets/image17-2.jpg]
[C:/Users/peper/OneDrive/ドキュメント/柴原研究室/www.omu.ac.jp/eng/shibahara/omu-content/uploads/sites/1156/Image1-22.jpg]
[C:/Users/peper/OneDrive/ドキュメント/柴原研究室/www.omu.ac.jp/eng/shibahara/assets/Image1_t.jpg]
[C:/Users/peper/OneDrive/ドキュメント/柴原研究室/www.omu.ac.jp/eng/shibahara/omu-content/uploads/sites/1156/Momo.jpg]
[C:/Users/peper/OneDrive/ドキュメント/柴原研究室/www.omu.ac.jp/eng/shibahara/omu-content/uploads/sites/1156/Image4-18.jpg]
[C:/Users/peper/OneDrive/ドキュメント/柴原研究室/www.omu.ac.jp/eng/shibahara/omu-content/uploads/sites/1156/Image5-13.jpg]
[C:/Users/peper/OneDrive/ドキュメント/柴原研究室/www.omu.ac.jp/eng/shibahara/omu-content/uploads/sites/1156/Image7-7.jpg]
[C:/Users/peper/OneDrive/ドキュメント/柴原研究室/www.omu.ac.jp/eng/shibahara/omu-content/uploads/sites/1156/Image6-12.jpg]
[C:/Users/peper/OneDrive/ドキュメント/柴原研究室/www.omu.ac.jp/eng/shibahara/omu-content/uploads/sites/1156/Image3-8.jpg]
[C:/Users/peper/OneDrive/ドキュメント/柴原研究室/www.omu.ac.jp/eng/shibahara/omu-content/uploads/sites/1156/Image8-12.jpg]
[C:/Users/peper/OneDrive/ドキュメント/柴原研究室/www.omu.ac.jp/eng/shibahara/omu-content/uploads/sites/1156/Image10-10.jpg]
[C:/Users/peper/OneDrive/ドキュメント/柴原研究室/www.omu.ac.jp/eng/shibahara/omu-content/uploads/sites/1156/Image12-8.jpg]
[C:/Users/peper/OneDrive/ドキュメント/柴原研究室/www.omu.ac.jp/eng/shibahara/omu-content/uploads/sites/1156/Image13-5.jpg]
[C:/Users/peper/OneDrive/ドキュメント/柴原研究室/www.omu.ac.jp/eng/shibahara/omu-content/uploads/sites/1156/Image14-9.jpg]
[C:/Users/peper/OneDrive/ドキュメント/柴原研究室/www.omu.ac.jp/eng/shibahara/omu-content/uploads/sites/1156/%E3%82%B7%E3%82%A7%E3%83%AB%E3%81%95%E3%82%93.jpg]
[C:/Users/peper/OneDrive/ドキュメント/柴原研究室/www.omu.ac.jp/eng/shibahara/omu-content/uploads/sites/1156/%E5%8C%97%E6%9D%91%E5%85%88%E7%94%9F.jpg]
[C:/Users/peper/OneDrive/ドキュメント/柴原研究室/www.omu.ac.jp/eng/shibahara/omu-content/uploads/sites/1156/原田さん.jpg]
[C:/Users/peper/OneDrive/ドキュメント/柴原研究室/www.omu.ac.jp/eng/shibahara/omu-content/uploads/sites/1156/%E5%B2%A9%E7%94%B0%E3%81%95%E3%82%93.jpg]
[C:/Users/peper/OneDrive/ドキュメント/柴原研究室/www.omu.ac.jp/eng/shibahara/omu-content/uploads/sites/1156/%E7%9F%A2%E9%87%8E%E3%81%95%E3%82%93.jpg]
[C:/Users/peper/OneDrive/ドキュメント/柴原研究室/www.omu.ac.jp/eng/shibahara/omu-content/uploads/sites/1156/Image15-5.jpg]
[C:/Users/peper/OneDrive/ドキュメント/柴原研究室/www.omu.ac.jp/eng/shibahara/omu-content/uploads/sites/1156/%E5%A4%8F%E7%9B%AE%E3%81%95%E3%82%93.jpg]
[C:/Users/peper/OneDrive/ドキュメント/柴原研究室/www.omu.ac.jp/eng/shibahara/omu-content/uploads/sites/1156/%E3%81%BE%E3%81%95%E3%81%95%E3%82%93.jpg]
[C:/Users/peper/OneDrive/ドキュメント/柴原研究室/www.omu.ac.jp/eng/shibahara/omu-content/uploads/sites/1156/%E7%94%B0%E5%8E%9F%E3%81%95%E3%82%93.jpg]
[C:/Users/peper/OneDrive/ドキュメント/柴原研究室/www.omu.ac.jp/eng/shibahara/omu-content/uploads/sites/1156/%E4%BB%8A%E3%81%95%EF%BD%8E.jpg]
[C:/Users/peper/OneDrive/ドキュメント/柴原研究室/www.omu.ac.jp/eng/shibahara/assets/%E6%A8%AA%E5%B1%B1%E3%81%95%E3%82%93-300x225.jpg]
[C:/Users/peper/OneDrive/ドキュメント/柴原研究室/www.omu.ac.jp/eng/shibahara/omu-content/uploads/sites/1156/%E9%87%8D%E6%94%BF%E3%81%95%E3%82%93.jpg]
[C:/Users/peper/OneDrive/ドキュメント/柴原研究室/www.omu.ac.jp/eng/shibahara/omu-content/uploads/sites/1156/%E7%AB%B9%E5%86%85%E3%81%95%E3%82%93.jpg]
[C:/Users/peper/OneDrive/ドキュメント/柴原研究室/www.omu.ac.jp/eng/shibahara/omu-content/uploads/sites/1156/%E6%BF%B1%E7%94%B0%E3%81%95%E3%82%93.jpg]
[C:/Users/peper/OneDrive/ドキュメント/柴原研究室/www.omu.ac.jp/eng/shibahara/omu-content/uploads/sites/1156/iwamotosann.jpg]
[C:/Users/peper/OneDrive/ドキュメント/柴原研究室/www.omu.ac.jp/eng/shibahara/omu-content/uploads/sites/1156/%E5%B2%A1%E7%94%B0%E3%81%95%E3%82%93.jpg]
[C:/Users/peper/OneDrive/ドキュメント/柴原研究室/www.omu.ac.jp/eng/shibahara/assets/%E5%85%AB%E6%9C%A8%E3%81%95%E3%82%93-229x300.jpg]
[C:/Users/peper/OneDrive/ドキュメント/柴原研究室/www.omu.ac.jp/eng/shibahara/omu-content/uploads/sites/1156/%E4%BB%8A%E6%9C%A8%E3%81%95%E3%82%93.jpg]
[C:/Users/peper/OneDrive/ドキュメント/柴原研究室/www.omu.ac.jp/eng/shibahara/omu-content/uploads/sites/1156/%E5%9D%AA%E4%BA%95%E3%81%95%E3%82%93.jpg]
[C:/Users/peper/OneDrive/ドキュメント/柴原研究室/www.omu.ac.jp/eng/shibahara/omu-content/uploads/sites/1156/Image16-3.jpg]
[C:/Users/peper/OneDrive/ドキュメント/柴原研究室/www.omu.ac.jp/eng/shibahara/omu-content/uploads/sites/1156/%E6%81%A9%E7%94%B0%E3%81%95%E3%82%93.jpg]
[C:/Users/peper/OneDrive/ドキュメント/柴原研究室/www.omu.ac.jp/eng/shibahara/omu-content/uploads/sites/1156/土橋さん.jpg]
[C:/Users/peper/OneDrive/ドキュメント/柴原研究室/www.omu.ac.jp/eng/shibahara/omu-content/uploads/sites/1156/%E5%A0%80%E3%81%95%E3%82%93.jpg]
[C:/Users/peper/OneDrive/ドキュメント/柴原研究室/www.omu.ac.jp/eng/shibahara/omu-content/uploads/sites/1156/%E5%8D%97%E3%81%95%E3%82%93.jpg]
[C:/Users/peper/OneDrive/ドキュメント/柴原研究室/www.omu.ac.jp/eng/shibahara/omu-content/uploads/sites/1156/%E6%9C%89%E6%9D%91%E3%81%95%E3%82%93.jpg]
[C:/Users/peper/OneDrive/ドキュメント/柴原研究室/www.omu.ac.jp/eng/shibahara/omu-content/uploads/sites/1156/%E5%A4%A7%E5%B9%B3%E3%81%95%E3%82%93.jpg]
[C:/Users/peper/OneDrive/ドキュメント/柴原研究室/www.omu.ac.jp/eng/shibahara/omu-content/uploads/sites/1156/%E7%B4%99%E8%B0%B7%E3%81%95%E3%82%93.jpg]
[C:/Users/peper/OneDrive/ドキュメント/柴原研究室/www.omu.ac.jp/eng/shibahara/omu-content/uploads/sites/1156/%E5%B7%9D%E6%9D%91%E3%81%95%E3%82%93.jpg]
[C:/Users/peper/OneDrive/ドキュメント/柴原研究室/www.omu.ac.jp/eng/shibahara/omu-content/uploads/sites/1156/%E6%97%A6%E3%81%95%E3%82%93.jpg]
[C:/Users/peper/OneDrive/ドキュメント/柴原研究室/www.omu.ac.jp/eng/shibahara/omu-content/uploads/sites/1156/%E9%95%B7%E5%B0%BE%E3%81%95%E3%82%93.jpg]
[C:/Users/peper/OneDrive/ドキュメント/柴原研究室/www.omu.ac.jp/eng/shibahara/omu-content/uploads/sites/1156/%E6%9D%BE%E6%9C%AC%E3%81%95%E3%82%93.jpg]
[C:/Users/peper/OneDrive/ドキュメント/柴原研究室/www.omu.ac.jp/eng/shibahara/omu-content/uploads/sites/1156/%E5%B1%B1%E5%8F%A3%E3%81%95%E3%82%93.jpg]
[C:/Users/peper/OneDrive/ドキュメント/柴原研究室/www.omu.ac.jp/eng/shibahara/omu-content/uploads/sites/1156/%E9%87%8E%E7%94%B0%E3%81%95%E3%82%93.jpg]
[C:/Users/peper/OneDrive/ドキュメント/柴原研究室/www.omu.ac.jp/eng/shibahara/omu-content/uploads/sites/1156/%E4%BC%8A%E8%97%A4%E3%81%95%E3%82%93.jpg]
[C:/Users/peper/OneDrive/ドキュメント/柴原研究室/www.omu.ac.jp/eng/shibahara/assets/attachmentfile/attachmentfile-file-69595.jpg]
[C:/Users/peper/OneDrive/ドキュメント/柴原研究室/www.omu.ac.jp/eng/shibahara/assets/Image2-71-768x597_1.jpg]
[C:/Users/peper/OneDrive/ドキュメント/柴原研究室/www.omu.ac.jp/eng/shibahara/assets/Image2-70-768x576_2.jpg]
[C:/Users/peper/OneDrive/ドキュメント/柴原研究室/www.omu.ac.jp/eng/shibahara/assets/Image24-11-768x575_2.jpg]
[C:/Users/peper/OneDrive/ドキュメント/柴原研究室/www.omu.ac.jp/eng/shibahara/assets/HP%E7%90%86%E6%83%B3%E5%8C%96%E9%99%BD%E8%A7%A3%E6%B3%95FEM3 %E3%81%AE%E3%82%B3%E3%83%94%E3%83%BC.jpg]
[C:/Users/peper/OneDrive/ドキュメント/柴原研究室/www.omu.ac.jp/eng/shibahara/assets/Image42-3-768x521.jpg]
[C:/Users/peper/OneDrive/ドキュメント/柴原研究室/www.omu.ac.jp/eng/shibahara/assets/Image62-768x577_1.jpg]
[C:/Users/peper/OneDrive/ドキュメント/柴原研究室/www.omu.ac.jp/eng/shibahara/assets/Image22-7-768x576_1.jpg]
[C:/Users/peper/OneDrive/ドキュメント/柴原研究室/www.omu.ac.jp/eng/shibahara/assets/Image21-9-300x225_1.jpg]
[C:/Users/peper/OneDrive/ドキュメント/柴原研究室/www.omu.ac.jp/eng/shibahara/assets/Image23-6-768x519_1.jpg]
[C:/Users/peper/OneDrive/ドキュメント/柴原研究室/www.omu.ac.jp/eng/shibahara/assets/Image18-17-scaled.jpg]
[C:/Users/peper/OneDrive/ドキュメント/柴原研究室/www.omu.ac.jp/eng/shibahara/assets/Image16-17-scaled.jpg]
[C:/Users/peper/OneDrive/ドキュメント/柴原研究室/www.omu.ac.jp/eng/shibahara/assets/Image15-18-scaled.jpg]
[C:/Users/peper/OneDrive/ドキュメント/柴原研究室/www.omu.ac.jp/eng/shibahara/assets/Image17-12-scaled.jpg]
[C:/Users/peper/OneDrive/ドキュメント/柴原研究室/www.omu.ac.jp/eng/shibahara/assets/Image20-9-768x510.jpg]
[C:/Users/peper/OneDrive/ドキュメント/柴原研究室/www.omu.ac.jp/eng/shibahara/assets/Image28-7-768x531.jpg]
[C:/Users/peper/OneDrive/ドキュメント/柴原研究室/www.omu.ac.jp/eng/shibahara/assets/Image34-4-scaled.jpg]
[C:/Users/peper/OneDrive/ドキュメント/柴原研究室/www.omu.ac.jp/eng/shibahara/assets/Image31-3-scaled.jpg]
[C:/Users/peper/OneDrive/ドキュメント/柴原研究室/www.omu.ac.jp/eng/shibahara/assets/Image48-768x577.jpg]
[C:/Users/peper/OneDrive/ドキュメント/柴原研究室/www.omu.ac.jp/eng/shibahara/assets/Image55-1-768x577.jpg]
[C:/Users/peper/OneDrive/ドキュメント/柴原研究室/www.omu.ac.jp/eng/shibahara/assets/Image8-27-768x481.jpg]
[C:/Users/peper/OneDrive/ドキュメント/柴原研究室/www.omu.ac.jp/eng/shibahara/assets/Image57-1-300x206.jpg]
[C:/Users/peper/OneDrive/ドキュメント/柴原研究室/www.omu.ac.jp/eng/shibahara/assets/Image38-1-768x576.jpg]
[C:/Users/peper/OneDrive/ドキュメント/柴原研究室/www.omu.ac.jp/eng/shibahara/assets/Image15-15-768x575.jpg]
[C:/Users/peper/OneDrive/ドキュメント/柴原研究室/www.omu.ac.jp/eng/shibahara/assets/Image43-2-768x577_1.jpg]
[C:/Users/peper/OneDrive/ドキュメント/柴原研究室/www.omu.ac.jp/eng/shibahara/assets/Image36-2-768x576_1.jpg]
[C:/Users/peper/OneDrive/ドキュメント/柴原研究室/www.omu.ac.jp/eng/shibahara/assets/Image65-300x209.jpg]
[C:/Users/peper/OneDrive/ドキュメント/柴原研究室/www.omu.ac.jp/eng/shibahara/assets/Image63-1.jpg]
[C:/Users/peper/OneDrive/ドキュメント/柴原研究室/www.omu.ac.jp/eng/shibahara/assets/Image60-768x575.jpg]
[C:/Users/peper/OneDrive/ドキュメント/柴原研究室/www.omu.ac.jp/eng/shibahara/assets/Image10-21-768x576.jpg]
[C:/Users/peper/OneDrive/ドキュメント/柴原研究室/www.omu.ac.jp/eng/shibahara/assets/Image29-3-300x272.jpg]
[C:/Users/peper/OneDrive/ドキュメント/柴原研究室/www.omu.ac.jp/eng/shibahara/assets/Image45-2-768x578.jpg]
[C:/Users/peper/OneDrive/ドキュメント/柴原研究室/www.omu.ac.jp/eng/shibahara/assets/Image47-3-768x530_1.jpg]
[C:/Users/peper/OneDrive/ドキュメント/柴原研究室/www.omu.ac.jp/eng/shibahara/assets/Image53-768x531_1.jpg]
[C:/Users/peper/OneDrive/ドキュメント/柴原研究室/www.omu.ac.jp/eng/shibahara/professor/fem/index.html]
[C:/Users/peper/OneDrive/ドキュメント/柴原研究室/www.omu.ac.jp/eng/shibahara/assets/Image5-44-768x578.jpg]
[C:/Users/peper/OneDrive/ドキュメント/柴原研究室/www.omu.ac.jp/eng/shibahara/assets/attachmentfile/attachmentfile-file-69610.jpg]
[C:/Users/peper/OneDrive/ドキュメント/柴原研究室/www.omu.ac.jp/eng/shibahara/intro/movie/index.html]
[C:/Users/peper/OneDrive/ドキュメント/柴原研究室/www.omu.ac.jp/eng/shibahara/assets/IMG_1566_1.mp4]
[C:/Users/peper/OneDrive/ドキュメント/柴原研究室/www.omu.ac.jp/eng/shibahara/assets/PR-wt-music-small_1.mp4]
[C:/Users/peper/OneDrive/ドキュメント/柴原研究室/www.omu.ac.jp/eng/shibahara/assets/attachmentfile/attachmentfile-file-69611.jpg]
[C:/Users/peper/OneDrive/ドキュメント/柴原研究室/www.omu.ac.jp/eng/shibahara/assets/attachmentfile/attachmentfile-file-75735.pdf]
[C:/Users/peper/OneDrive/ドキュメント/柴原研究室/www.omu.ac.jp/eng/shibahara/assets/hozen_harada.jpg]
[C:/Users/peper/OneDrive/ドキュメント/柴原研究室/www.omu.ac.jp/eng/shibahara/assets/attachmentfile/attachmentfile-file-75730.pdf]
[C:/Users/peper/OneDrive/ドキュメント/柴原研究室/www.omu.ac.jp/eng/shibahara/assets/hozen_shimizu.jpg]
[C:/Users/peper/OneDrive/ドキュメント/柴原研究室/www.omu.ac.jp/eng/shibahara/assets/attachmentfile/attachmentfile-file-75732.pdf]
[C:/Users/peper/OneDrive/ドキュメント/柴原研究室/www.omu.ac.jp/eng/shibahara/assets/hozen_yokoyama.jpg]
[C:/Users/peper/OneDrive/ドキュメント/柴原研究室/www.omu.ac.jp/eng/shibahara/assets/cms-sites-1156-Image3-71.jpg]
[C:/Users/peper/OneDrive/ドキュメント/柴原研究室/www.omu.ac.jp/eng/shibahara/assets/cms-sites-1156-Image3-68.jpg]
[C:/Users/peper/OneDrive/ドキュメント/柴原研究室/www.omu.ac.jp/eng/shibahara/assets/cms-sites-1156-Image1-80.jpg]
[C:/Users/peper/OneDrive/ドキュメント/柴原研究室/www.omu.ac.jp/eng/shibahara/assets/attachmentfile/attachmentfile-file-75733.pdf]
[C:/Users/peper/OneDrive/ドキュメント/柴原研究室/www.omu.ac.jp/eng/shibahara/assets/cms-sites-1156-Image2-110.jpg]
[C:/Users/peper/OneDrive/ドキュメント/柴原研究室/www.omu.ac.jp/eng/shibahara/assets/attachmentfile/attachmentfile-file-75729.pdf]
[C:/Users/peper/OneDrive/ドキュメント/柴原研究室/www.omu.ac.jp/eng/shibahara/assets/cms-sites-1156-Image18-11_1.jpg]
[C:/Users/peper/OneDrive/ドキュメント/柴原研究室/www.omu.ac.jp/eng/shibahara/assets/attachmentfile/attachmentfile-file-75736.pdf]
[C:/Users/peper/OneDrive/ドキュメント/柴原研究室/www.omu.ac.jp/eng/shibahara/assets/cms-sites-1156-Image14-17.jpg]
[C:/Users/peper/OneDrive/ドキュメント/柴原研究室/www.omu.ac.jp/eng/shibahara/assets/attachmentfile/attachmentfile-file-75731.pdf]
[C:/Users/peper/OneDrive/ドキュメント/柴原研究室/www.omu.ac.jp/eng/shibahara/assets/cms-sites-1156-Image16-11.jpg]
[C:/Users/peper/OneDrive/ドキュメント/柴原研究室/www.omu.ac.jp/eng/shibahara/assets/attachmentfile/attachmentfile-file-75734.pdf]
[C:/Users/peper/OneDrive/ドキュメント/柴原研究室/www.omu.ac.jp/eng/shibahara/assets/cms-sites-1156-Image12-15.jpg]
[C:/Users/peper/OneDrive/ドキュメント/柴原研究室/www.omu.ac.jp/eng/shibahara/assets/attachmentfile/attachmentfile-file-75959.pdf]
[C:/Users/peper/OneDrive/ドキュメント/柴原研究室/www.omu.ac.jp/eng/shibahara/assets/cms-sites-1156-Image6-28.jpg]
[C:/Users/peper/OneDrive/ドキュメント/柴原研究室/www.omu.ac.jp/eng/shibahara/assets/attachmentfile/attachmentfile-file-75979.pdf]
[C:/Users/peper/OneDrive/ドキュメント/柴原研究室/www.omu.ac.jp/eng/shibahara/assets/cms-sites-1156-Image8-21.jpg]
[C:/Users/peper/OneDrive/ドキュメント/柴原研究室/www.omu.ac.jp/eng/shibahara/assets/attachmentfile/attachmentfile-file-75991.pdf]
[C:/Users/peper/OneDrive/ドキュメント/柴原研究室/www.omu.ac.jp/eng/shibahara/assets/cms-sites-1156-Image4-43.jpg]
[C:/Users/peper/OneDrive/ドキュメント/柴原研究室/www.omu.ac.jp/eng/shibahara/assets/attachmentfile/attachmentfile-file-75990.pdf]
[C:/Users/peper/OneDrive/ドキュメント/柴原研究室/www.omu.ac.jp/eng/shibahara/assets/cms-sites-1156-Image4-42.jpg]
[C:/Users/peper/OneDrive/ドキュメント/柴原研究室/www.omu.ac.jp/eng/shibahara/assets/cms-sites-1156-Image9-12.jpg]
[C:/Users/peper/OneDrive/ドキュメント/柴原研究室/www.omu.ac.jp/eng/shibahara/assets/attachmentfile/attachmentfile-file-76059.pdf]
[C:/Users/peper/OneDrive/ドキュメント/柴原研究室/www.omu.ac.jp/eng/shibahara/assets/cms-sites-1156-Image16-6.jpg]
[C:/Users/peper/OneDrive/ドキュメント/柴原研究室/www.omu.ac.jp/eng/shibahara/assets/attachmentfile/attachmentfile-file-76045.pdf]
[C:/Users/peper/OneDrive/ドキュメント/柴原研究室/www.omu.ac.jp/eng/shibahara/assets/cms-sites-1156-Image14-12.jpg]
[C:/Users/peper/OneDrive/ドキュメント/柴原研究室/www.omu.ac.jp/eng/shibahara/assets/attachmentfile/attachmentfile-file-76044.pdf]
[C:/Users/peper/OneDrive/ドキュメント/柴原研究室/www.omu.ac.jp/eng/shibahara/assets/cms-sites-1156-Image7-11.jpg]
[C:/Users/peper/OneDrive/ドキュメント/柴原研究室/www.omu.ac.jp/eng/shibahara/assets/attachmentfile/attachmentfile-file-76004.pdf]
[C:/Users/peper/OneDrive/ドキュメント/柴原研究室/www.omu.ac.jp/eng/shibahara/assets/cms-sites-1156-Image2-12.jpg]
[C:/Users/peper/OneDrive/ドキュメント/柴原研究室/www.omu.ac.jp/eng/shibahara/assets/attachmentfile/attachmentfile-file-75992.pdf]
[C:/Users/peper/OneDrive/ドキュメント/柴原研究室/www.omu.ac.jp/eng/shibahara/assets/cms-sites-1156-Image14-5.jpg]
[C:/Users/peper/OneDrive/ドキュメント/柴原研究室/www.omu.ac.jp/eng/shibahara/assets/attachmentfile/attachmentfile-file-75993.pdf]
[C:/Users/peper/OneDrive/ドキュメント/柴原研究室/www.omu.ac.jp/eng/shibahara/assets/cms-sites-1156-Image12-6.jpg]
[C:/Users/peper/OneDrive/ドキュメント/柴原研究室/www.omu.ac.jp/eng/shibahara/assets/attachmentfile/attachmentfile-file-76001.pdf]
[C:/Users/peper/OneDrive/ドキュメント/柴原研究室/www.omu.ac.jp/eng/shibahara/assets/cms-sites-1156-Image4-16.jpg]
[C:/Users/peper/OneDrive/ドキュメント/柴原研究室/www.omu.ac.jp/eng/shibahara/assets/attachmentfile/attachmentfile-file-75998.pdf]
[C:/Users/peper/OneDrive/ドキュメント/柴原研究室/www.omu.ac.jp/eng/shibahara/assets/cms-sites-1156-dee.jpg]
[C:/Users/peper/OneDrive/ドキュメント/柴原研究室/www.omu.ac.jp/eng/shibahara/assets/attachmentfile/attachmentfile-file-75994.pdf]
[C:/Users/peper/OneDrive/ドキュメント/柴原研究室/www.omu.ac.jp/eng/shibahara/assets/cms-sites-1156-Image13-2.jpg]
[C:/Users/peper/OneDrive/ドキュメント/柴原研究室/www.omu.ac.jp/eng/shibahara/assets/attachmentfile/attachmentfile-file-75995.pdf]
[C:/Users/peper/OneDrive/ドキュメント/柴原研究室/www.omu.ac.jp/eng/shibahara/assets/cms-sites-1156-Image30.jpg]
[C:/Users/peper/OneDrive/ドキュメント/柴原研究室/www.omu.ac.jp/eng/shibahara/assets/cms-sites-1156-Image15-3.jpg]
[C:/Users/peper/OneDrive/ドキュメント/柴原研究室/www.omu.ac.jp/eng/shibahara/assets/attachmentfile/attachmentfile-file-76002.pdf]
[C:/Users/peper/OneDrive/ドキュメント/柴原研究室/www.omu.ac.jp/eng/shibahara/assets/cms-sites-1156-Image4-15.jpg]
[C:/Users/peper/OneDrive/ドキュメント/柴原研究室/www.omu.ac.jp/eng/shibahara/assets/cms-sites-1156-Image4-16 (1).jpg]
[C:/Users/peper/OneDrive/ドキュメント/柴原研究室/www.omu.ac.jp/eng/shibahara/assets/attachmentfile/attachmentfile-file-76000.pdf]
[C:/Users/peper/OneDrive/ドキュメント/柴原研究室/www.omu.ac.jp/eng/shibahara/assets/cms-sites-1156-Image9-3.jpg]
[C:/Users/peper/OneDrive/ドキュメント/柴原研究室/www.omu.ac.jp/eng/shibahara/assets/attachmentfile/attachmentfile-file-75999.pdf]
[C:/Users/peper/OneDrive/ドキュメント/柴原研究室/www.omu.ac.jp/eng/shibahara/assets/cms-sites-1156-Image3-28.jpg]
[C:/Users/peper/OneDrive/ドキュメント/柴原研究室/www.omu.ac.jp/eng/shibahara/assets/attachmentfile/attachmentfile-file-76003.pdf]
[C:/Users/peper/OneDrive/ドキュメント/柴原研究室/www.omu.ac.jp/eng/shibahara/assets/cms-sites-1156-Image25.jpg]
[C:/Users/peper/OneDrive/ドキュメント/柴原研究室/www.omu.ac.jp/eng/shibahara/assets/cms-sites-1156-Image20-7.jpg]
[C:/Users/peper/OneDrive/ドキュメント/柴原研究室/www.omu.ac.jp/eng/shibahara/assets/attachmentfile/attachmentfile-file-76005.pdf]
[C:/Users/peper/OneDrive/ドキュメント/柴原研究室/www.omu.ac.jp/eng/shibahara/assets/cms-sites-1156-Image12-14.jpg]
[C:/Users/peper/OneDrive/ドキュメント/柴原研究室/www.omu.ac.jp/eng/shibahara/assets/cms-sites-1156-Image40-1.jpg]
[C:/Users/peper/OneDrive/ドキュメント/柴原研究室/www.omu.ac.jp/eng/shibahara/assets/attachmentfile/attachmentfile-file-76006.pdf]
[C:/Users/peper/OneDrive/ドキュメント/柴原研究室/www.omu.ac.jp/eng/shibahara/assets/cms-sites-1156-Image24-10.jpg]
[C:/Users/peper/OneDrive/ドキュメント/柴原研究室/www.omu.ac.jp/eng/shibahara/assets/attachmentfile/attachmentfile-file-76008.pdf]
[C:/Users/peper/OneDrive/ドキュメント/柴原研究室/www.omu.ac.jp/eng/shibahara/assets/cms-sites-1156-Image22-6.jpg]
[C:/Users/peper/OneDrive/ドキュメント/柴原研究室/www.omu.ac.jp/eng/shibahara/assets/attachmentfile/attachmentfile-file-76009.pdf]
[C:/Users/peper/OneDrive/ドキュメント/柴原研究室/www.omu.ac.jp/eng/shibahara/assets/cms-sites-1156-Image38.jpg]
[C:/Users/peper/OneDrive/ドキュメント/柴原研究室/www.omu.ac.jp/eng/shibahara/assets/attachmentfile/attachmentfile-file-76010.pdf]
[C:/Users/peper/OneDrive/ドキュメント/柴原研究室/www.omu.ac.jp/eng/shibahara/assets/cms-sites-1156-Image42-2.jpg]
[C:/Users/peper/OneDrive/ドキュメント/柴原研究室/www.omu.ac.jp/eng/shibahara/assets/attachmentfile/attachmentfile-file-76031.pdf]
[C:/Users/peper/OneDrive/ドキュメント/柴原研究室/www.omu.ac.jp/eng/shibahara/assets/cms-sites-1156-Image14-2.jpg]
[C:/Users/peper/OneDrive/ドキュメント/柴原研究室/www.omu.ac.jp/eng/shibahara/assets/attachmentfile/attachmentfile-file-76021.pdf]
[C:/Users/peper/OneDrive/ドキュメント/柴原研究室/www.omu.ac.jp/eng/shibahara/assets/cms-sites-1156-Image36-1.jpg]
[C:/Users/peper/OneDrive/ドキュメント/柴原研究室/www.omu.ac.jp/eng/shibahara/assets/attachmentfile/attachmentfile-file-76014.pdf]
[C:/Users/peper/OneDrive/ドキュメント/柴原研究室/www.omu.ac.jp/eng/shibahara/assets/cms-sites-1156-Image4-41.jpg]
[C:/Users/peper/OneDrive/ドキュメント/柴原研究室/www.omu.ac.jp/eng/shibahara/assets/attachmentfile/attachmentfile-file-76012.pdf]
[C:/Users/peper/OneDrive/ドキュメント/柴原研究室/www.omu.ac.jp/eng/shibahara/assets/cms-sites-1156-Image11-3.jpg]
[C:/Users/peper/OneDrive/ドキュメント/柴原研究室/www.omu.ac.jp/eng/shibahara/assets/attachmentfile/attachmentfile-file-76013.pdf]
[C:/Users/peper/OneDrive/ドキュメント/柴原研究室/www.omu.ac.jp/eng/shibahara/assets/cms-sites-1156-Image27.jpg]
[C:/Users/peper/OneDrive/ドキュメント/柴原研究室/www.omu.ac.jp/eng/shibahara/assets/attachmentfile/attachmentfile-file-76015.pdf]
[C:/Users/peper/OneDrive/ドキュメント/柴原研究室/www.omu.ac.jp/eng/shibahara/assets/cms-sites-1156-Image9-2.jpg]
[C:/Users/peper/OneDrive/ドキュメント/柴原研究室/www.omu.ac.jp/eng/shibahara/assets/attachmentfile/attachmentfile-file-76017.pdf]
[C:/Users/peper/OneDrive/ドキュメント/柴原研究室/www.omu.ac.jp/eng/shibahara/assets/cms-sites-1156-Image10-2.jpg]
[C:/Users/peper/OneDrive/ドキュメント/柴原研究室/www.omu.ac.jp/eng/shibahara/assets/attachmentfile/attachmentfile-file-76022.pdf]
[C:/Users/peper/OneDrive/ドキュメント/柴原研究室/www.omu.ac.jp/eng/shibahara/assets/cms-sites-1156-Image2-55.jpg]
[C:/Users/peper/OneDrive/ドキュメント/柴原研究室/www.omu.ac.jp/eng/shibahara/assets/attachmentfile/attachmentfile-file-76016.pdf]
[C:/Users/peper/OneDrive/ドキュメント/柴原研究室/www.omu.ac.jp/eng/shibahara/assets/cms-sites-1156-Image14-16.jpg]
[C:/Users/peper/OneDrive/ドキュメント/柴原研究室/www.omu.ac.jp/eng/shibahara/assets/attachmentfile/attachmentfile-file-76018.pdf]
[C:/Users/peper/OneDrive/ドキュメント/柴原研究室/www.omu.ac.jp/eng/shibahara/assets/cms-sites-1156-Image10-15.jpg]
[C:/Users/peper/OneDrive/ドキュメント/柴原研究室/www.omu.ac.jp/eng/shibahara/assets/attachmentfile/attachmentfile-file-76019.pdf]
[C:/Users/peper/OneDrive/ドキュメント/柴原研究室/www.omu.ac.jp/eng/shibahara/assets/cms-sites-1156-Image7-2.jpg]
[C:/Users/peper/OneDrive/ドキュメント/柴原研究室/www.omu.ac.jp/eng/shibahara/assets/cms-sites-1156-Image16-2.jpg]
[C:/Users/peper/OneDrive/ドキュメント/柴原研究室/www.omu.ac.jp/eng/shibahara/intro/poster/index.html]
[C:/Users/peper/OneDrive/ドキュメント/柴原研究室/www.omu.ac.jp/eng/shibahara/assets/attachmentfile/attachmentfile-file-76023.pdf]
[C:/Users/peper/OneDrive/ドキュメント/柴原研究室/www.omu.ac.jp/eng/shibahara/assets/cms-sites-1156-Image18-3.jpg]
[C:/Users/peper/OneDrive/ドキュメント/柴原研究室/www.omu.ac.jp/eng/shibahara/assets/attachmentfile/attachmentfile-file-76025.pdf]
[C:/Users/peper/OneDrive/ドキュメント/柴原研究室/www.omu.ac.jp/eng/shibahara/assets/cms-sites-1156-Image2-4.jpg]
[C:/Users/peper/OneDrive/ドキュメント/柴原研究室/www.omu.ac.jp/eng/shibahara/assets/attachmentfile/attachmentfile-file-76026.pdf]
[C:/Users/peper/OneDrive/ドキュメント/柴原研究室/www.omu.ac.jp/eng/shibahara/assets/cms-sites-1156-Image16-10.jpg]
[C:/Users/peper/OneDrive/ドキュメント/柴原研究室/www.omu.ac.jp/eng/shibahara/assets/attachmentfile/attachmentfile-file-76024.pdf]
[C:/Users/peper/OneDrive/ドキュメント/柴原研究室/www.omu.ac.jp/eng/shibahara/assets/cms-sites-1156-Image34-3.jpg]
[C:/Users/peper/OneDrive/ドキュメント/柴原研究室/www.omu.ac.jp/eng/shibahara/assets/attachmentfile/attachmentfile-file-76027.pdf]
[C:/Users/peper/OneDrive/ドキュメント/柴原研究室/www.omu.ac.jp/eng/shibahara/assets/cms-sites-1156-Image2-2.jpg]
[C:/Users/peper/OneDrive/ドキュメント/柴原研究室/www.omu.ac.jp/eng/shibahara/assets/attachmentfile/attachmentfile-file-76028.pdf]
[C:/Users/peper/OneDrive/ドキュメント/柴原研究室/www.omu.ac.jp/eng/shibahara/assets/cms-sites-1156-Image2-56.jpg]
[C:/Users/peper/OneDrive/ドキュメント/柴原研究室/www.omu.ac.jp/eng/shibahara/assets/attachmentfile/attachmentfile-file-76029.pdf]
[C:/Users/peper/OneDrive/ドキュメント/柴原研究室/www.omu.ac.jp/eng/shibahara/assets/cms-sites-1156-Image28.jpg]
[C:/Users/peper/OneDrive/ドキュメント/柴原研究室/www.omu.ac.jp/eng/shibahara/assets/attachmentfile/attachmentfile-file-76046.pdf]
[C:/Users/peper/OneDrive/ドキュメント/柴原研究室/www.omu.ac.jp/eng/shibahara/assets/cms-sites-1156-Image26-5.jpg]
[C:/Users/peper/OneDrive/ドキュメント/柴原研究室/www.omu.ac.jp/eng/shibahara/assets/attachmentfile/attachmentfile-file-76030.pdf]
[C:/Users/peper/OneDrive/ドキュメント/柴原研究室/www.omu.ac.jp/eng/shibahara/assets/cms-sites-1156-Image9-15.jpg]
[C:/Users/peper/OneDrive/ドキュメント/柴原研究室/www.omu.ac.jp/eng/shibahara/assets/attachmentfile/attachmentfile-file-76032.pdf]
[C:/Users/peper/OneDrive/ドキュメント/柴原研究室/www.omu.ac.jp/eng/shibahara/assets/cms-sites-1156-Image18-10.jpg]
[C:/Users/peper/OneDrive/ドキュメント/柴原研究室/www.omu.ac.jp/eng/shibahara/assets/attachmentfile/attachmentfile-file-76033.pdf]
[C:/Users/peper/OneDrive/ドキュメント/柴原研究室/www.omu.ac.jp/eng/shibahara/assets/cms-sites-1156-Image5-35.jpg]
[C:/Users/peper/OneDrive/ドキュメント/柴原研究室/www.omu.ac.jp/eng/shibahara/assets/attachmentfile/attachmentfile-file-76036.pdf]
[C:/Users/peper/OneDrive/ドキュメント/柴原研究室/www.omu.ac.jp/eng/shibahara/assets/cms-sites-1156-Image5-3.jpg]
[C:/Users/peper/OneDrive/ドキュメント/柴原研究室/www.omu.ac.jp/eng/shibahara/assets/attachmentfile/attachmentfile-file-76035.pdf]
[C:/Users/peper/OneDrive/ドキュメント/柴原研究室/www.omu.ac.jp/eng/shibahara/assets/cms-sites-1156-Image14-3.jpg]
[C:/Users/peper/OneDrive/ドキュメント/柴原研究室/www.omu.ac.jp/eng/shibahara/assets/attachmentfile/attachmentfile-file-76037.pdf]
[C:/Users/peper/OneDrive/ドキュメント/柴原研究室/www.omu.ac.jp/eng/shibahara/assets/cms-sites-1156-Image28-6.jpg]
[C:/Users/peper/OneDrive/ドキュメント/柴原研究室/www.omu.ac.jp/eng/shibahara/assets/attachmentfile/attachmentfile-file-76034.pdf]
[C:/Users/peper/OneDrive/ドキュメント/柴原研究室/www.omu.ac.jp/eng/shibahara/assets/cms-sites-1156-Image8-20.jpg]
[C:/Users/peper/OneDrive/ドキュメント/柴原研究室/www.omu.ac.jp/eng/shibahara/assets/attachmentfile/attachmentfile-file-76038.pdf]
[C:/Users/peper/OneDrive/ドキュメント/柴原研究室/www.omu.ac.jp/eng/shibahara/assets/cms-sites-1156-Image15-2.jpg]
[C:/Users/peper/OneDrive/ドキュメント/柴原研究室/www.omu.ac.jp/eng/shibahara/assets/cms-sites-1156-Image7-22.jpg]
[C:/Users/peper/OneDrive/ドキュメント/柴原研究室/www.omu.ac.jp/eng/shibahara/assets/attachmentfile/attachmentfile-file-76039.pdf]
[C:/Users/peper/OneDrive/ドキュメント/柴原研究室/www.omu.ac.jp/eng/shibahara/assets/cms-sites-1156-Image32-3.jpg]
[C:/Users/peper/OneDrive/ドキュメント/柴原研究室/www.omu.ac.jp/eng/shibahara/assets/attachmentfile/attachmentfile-file-76041.pdf]
[C:/Users/peper/OneDrive/ドキュメント/柴原研究室/www.omu.ac.jp/eng/shibahara/assets/cms-sites-1156-Image6-27.jpg]
[C:/Users/peper/OneDrive/ドキュメント/柴原研究室/www.omu.ac.jp/eng/shibahara/assets/attachmentfile/attachmentfile-file-75996.pdf]
[C:/Users/peper/OneDrive/ドキュメント/柴原研究室/www.omu.ac.jp/eng/shibahara/assets/attachmentfile/attachmentfile-file-75997.pdf]
[C:/Users/peper/OneDrive/ドキュメント/柴原研究室/www.omu.ac.jp/eng/shibahara/assets/attachmentfile/attachmentfile-file-76007.pdf]
[C:/Users/peper/OneDrive/ドキュメント/柴原研究室/www.omu.ac.jp/eng/shibahara/assets/attachmentfile/attachmentfile-file-76011.pdf]
[C:/Users/peper/OneDrive/ドキュメント/柴原研究室/www.omu.ac.jp/eng/shibahara/assets/attachmentfile/attachmentfile-file-76040.pdf]
[C:/Users/peper/OneDrive/ドキュメント/柴原研究室/www.omu.ac.jp/eng/shibahara/assets/attachmentfile/attachmentfile-file-76060.pdf]
[C:/Users/peper/OneDrive/ドキュメント/柴原研究室/www.omu.ac.jp/eng/shibahara/assets/attachmentfile/attachmentfile-file-76469.pdf]
[C:/Users/peper/OneDrive/ドキュメント/柴原研究室/www.omu.ac.jp/eng/shibahara/assets/attachmentfile/attachmentfile-file-76470.pdf]
[C:/Users/peper/OneDrive/ドキュメント/柴原研究室/www.omu.ac.jp/eng/shibahara/assets/attachmentfile/attachmentfile-file-76471.pdf]
[C:/Users/peper/OneDrive/ドキュメント/柴原研究室/www.omu.ac.jp/eng/shibahara/assets/attachmentfile/attachmentfile-file-69612.jpg]
[C:/Users/peper/OneDrive/ドキュメント/柴原研究室/www.omu.ac.jp/eng/shibahara/intro/paper/index.html]
[C:/Users/peper/OneDrive/ドキュメント/柴原研究室/www.omu.ac.jp/eng/shibahara/assets/attachmentfile/attachmentfile-file-76204.pdf]
[C:/Users/peper/OneDrive/ドキュメント/柴原研究室/www.omu.ac.jp/eng/shibahara/assets/cms-sites-1156-Image18-7.jpg]
[C:/Users/peper/OneDrive/ドキュメント/柴原研究室/www.omu.ac.jp/eng/shibahara/assets/cms-sites-1156-Image9-11.jpg]
[C:/Users/peper/OneDrive/ドキュメント/柴原研究室/www.omu.ac.jp/eng/shibahara/assets/attachmentfile/attachmentfile-file-76205.pdf]
[C:/Users/peper/OneDrive/ドキュメント/柴原研究室/www.omu.ac.jp/eng/shibahara/assets/cms-sites-1156-Image7-10.jpg]
[C:/Users/peper/OneDrive/ドキュメント/柴原研究室/www.omu.ac.jp/eng/shibahara/assets/attachmentfile/attachmentfile-file-76206.pdf]
[C:/Users/peper/OneDrive/ドキュメント/柴原研究室/www.omu.ac.jp/eng/shibahara/assets/cms-sites-1156-Image16-5.jpg]
[C:/Users/peper/OneDrive/ドキュメント/柴原研究室/www.omu.ac.jp/eng/shibahara/assets/attachmentfile/attachmentfile-file-76209.pdf]
[C:/Users/peper/OneDrive/ドキュメント/柴原研究室/www.omu.ac.jp/eng/shibahara/assets/cms-sites-1156-Image12-11.jpg]
[C:/Users/peper/OneDrive/ドキュメント/柴原研究室/www.omu.ac.jp/eng/shibahara/assets/attachmentfile/attachmentfile-file-76207.pdf]
[C:/Users/peper/OneDrive/ドキュメント/柴原研究室/www.omu.ac.jp/eng/shibahara/assets/cms-sites-1156-Image20-4.jpg]
[C:/Users/peper/OneDrive/ドキュメント/柴原研究室/www.omu.ac.jp/eng/shibahara/assets/attachmentfile/attachmentfile-file-76211.pdf]
[C:/Users/peper/OneDrive/ドキュメント/柴原研究室/www.omu.ac.jp/eng/shibahara/assets/cms-sites-1156-Image14-11.jpg]
[C:/Users/peper/OneDrive/ドキュメント/柴原研究室/www.omu.ac.jp/eng/shibahara/assets/attachmentfile/attachmentfile-file-76210.pdf]
[C:/Users/peper/OneDrive/ドキュメント/柴原研究室/www.omu.ac.jp/eng/shibahara/assets/cms-sites-1156-Image24-5.jpg]
[C:/Users/peper/OneDrive/ドキュメント/柴原研究室/www.omu.ac.jp/eng/shibahara/assets/attachmentfile/attachmentfile-file-76212.pdf]
[C:/Users/peper/OneDrive/ドキュメント/柴原研究室/www.omu.ac.jp/eng/shibahara/assets/cms-sites-1156-ikushima.jpg]
[C:/Users/peper/OneDrive/ドキュメント/柴原研究室/www.omu.ac.jp/eng/shibahara/assets/attachmentfile/attachmentfile-file-76214.pdf]
[C:/Users/peper/OneDrive/ドキュメント/柴原研究室/www.omu.ac.jp/eng/shibahara/assets/cms-sites-1156-kawajiri2.jpg]
[C:/Users/peper/OneDrive/ドキュメント/柴原研究室/www.omu.ac.jp/eng/shibahara/assets/attachmentfile/attachmentfile-file-76213.pdf]
[C:/Users/peper/OneDrive/ドキュメント/柴原研究室/www.omu.ac.jp/eng/shibahara/assets/cms-sites-1156-yamada.jpg]
[C:/Users/peper/OneDrive/ドキュメント/柴原研究室/www.omu.ac.jp/eng/shibahara/assets/attachmentfile/attachmentfile-file-76215.pdf]
[C:/Users/peper/OneDrive/ドキュメント/柴原研究室/www.omu.ac.jp/eng/shibahara/assets/cms-sites-1156-maeda2.jpg]
[C:/Users/peper/OneDrive/ドキュメント/柴原研究室/www.omu.ac.jp/eng/shibahara/assets/attachmentfile/attachmentfile-file-76217.pdf]
[C:/Users/peper/OneDrive/ドキュメント/柴原研究室/www.omu.ac.jp/eng/shibahara/assets/cms-sites-1156-usuki.jpg]
[C:/Users/peper/OneDrive/ドキュメント/柴原研究室/www.omu.ac.jp/eng/shibahara/assets/attachmentfile/attachmentfile-file-76219.pdf]
[C:/Users/peper/OneDrive/ドキュメント/柴原研究室/www.omu.ac.jp/eng/shibahara/assets/cms-sites-1156-ieshita.jpg]
[C:/Users/peper/OneDrive/ドキュメント/柴原研究室/www.omu.ac.jp/eng/shibahara/assets/attachmentfile/attachmentfile-file-76216.pdf]
[C:/Users/peper/OneDrive/ドキュメント/柴原研究室/www.omu.ac.jp/eng/shibahara/assets/cms-sites-1156-223.jpg]
[C:/Users/peper/OneDrive/ドキュメント/柴原研究室/www.omu.ac.jp/eng/shibahara/assets/attachmentfile/attachmentfile-file-76218.pdf]
[C:/Users/peper/OneDrive/ドキュメント/柴原研究室/www.omu.ac.jp/eng/shibahara/assets/cms-sites-1156-kawase.jpg]
[C:/Users/peper/OneDrive/ドキュメント/柴原研究室/www.omu.ac.jp/eng/shibahara/assets/attachmentfile/attachmentfile-file-76221.pdf]
[C:/Users/peper/OneDrive/ドキュメント/柴原研究室/www.omu.ac.jp/eng/shibahara/assets/cms-sites-1156-理想化陽解法FEM-を用いた異材円筒継手の残留応力解析-212x300.jpg]
[C:/Users/peper/OneDrive/ドキュメント/柴原研究室/www.omu.ac.jp/eng/shibahara/assets/attachmentfile/attachmentfile-file-76224.pdf]
[C:/Users/peper/OneDrive/ドキュメント/柴原研究室/www.omu.ac.jp/eng/shibahara/assets/cms-sites-1156-マルチグリッド法を導入した理想化陽解法による大規模薄板構造物の溶接変形解析-211x300.jpg]
[C:/Users/peper/OneDrive/ドキュメント/柴原研究室/www.omu.ac.jp/eng/shibahara/assets/attachmentfile/attachmentfile-file-76220.pdf]
[C:/Users/peper/OneDrive/ドキュメント/柴原研究室/www.omu.ac.jp/eng/shibahara/assets/cms-sites-1156-重合メッシュ法を用いた理想化陽解法FEMによる溶接変形・残留応力解析-212x300.jpg]
[C:/Users/peper/OneDrive/ドキュメント/柴原研究室/www.omu.ac.jp/eng/shibahara/assets/attachmentfile/attachmentfile-file-76222.pdf]
[C:/Users/peper/OneDrive/ドキュメント/柴原研究室/www.omu.ac.jp/eng/shibahara/assets/cms-sites-1156-理想化陽解法による3次元スポット溶接解析-212x300.jpg]
[C:/Users/peper/OneDrive/ドキュメント/柴原研究室/www.omu.ac.jp/eng/shibahara/assets/attachmentfile/attachmentfile-file-76223.pdf]
[C:/Users/peper/OneDrive/ドキュメント/柴原研究室/www.omu.ac.jp/eng/shibahara/assets/cms-sites-1156-FCB溶接時における端部割れにおよぼす諸因子の影響に関する力学的検討-212x300.jpg]
[C:/Users/peper/OneDrive/ドキュメント/柴原研究室/www.omu.ac.jp/eng/shibahara/assets/attachmentfile/attachmentfile-file-76225.pdf]
[C:/Users/peper/OneDrive/ドキュメント/柴原研究室/www.omu.ac.jp/eng/shibahara/assets/cms-sites-1156-狭開先２トーチ高速円周MAG溶接時における凝固割れに関する力学的検討-212x300.jpg]
[C:/Users/peper/OneDrive/ドキュメント/柴原研究室/www.omu.ac.jp/eng/shibahara/assets/attachmentfile/attachmentfile-file-76226.pdf]
[C:/Users/peper/OneDrive/ドキュメント/柴原研究室/www.omu.ac.jp/eng/shibahara/assets/cms-sites-1156-理想化陽解法を用いた建機構造体モデルの溶接変形解析-211x300.jpg]
[C:/Users/peper/OneDrive/ドキュメント/柴原研究室/www.omu.ac.jp/eng/shibahara/assets/attachmentfile/attachmentfile-file-76227.pdf]
[C:/Users/peper/OneDrive/ドキュメント/柴原研究室/www.omu.ac.jp/eng/shibahara/assets/cms-sites-1156-理想化陽解法FEM-による超高速大規模解析-211x300.jpg]
[C:/Users/peper/OneDrive/ドキュメント/柴原研究室/www.omu.ac.jp/eng/shibahara/assets/attachmentfile/attachmentfile-file-76231.pdf]
[C:/Users/peper/OneDrive/ドキュメント/柴原研究室/www.omu.ac.jp/eng/shibahara/assets/cms-sites-1156-GPUを用いた並列化理想化陽解法FEMの開発-214x300.jpg]
[C:/Users/peper/OneDrive/ドキュメント/柴原研究室/www.omu.ac.jp/eng/shibahara/assets/attachmentfile/attachmentfile-file-76229.pdf]
[C:/Users/peper/OneDrive/ドキュメント/柴原研究室/www.omu.ac.jp/eng/shibahara/assets/cms-sites-1156-動的陽解法FEMを基にした大規模構造のための溶接過渡変形・応力解析手法の提案-212x300.jpg]
[C:/Users/peper/OneDrive/ドキュメント/柴原研究室/www.omu.ac.jp/eng/shibahara/assets/attachmentfile/attachmentfile-file-76230.pdf]
[C:/Users/peper/OneDrive/ドキュメント/柴原研究室/www.omu.ac.jp/eng/shibahara/assets/cms-sites-1156-溶接中における三次元変形の時系列全視野計測-213x300.jpg]
[C:/Users/peper/OneDrive/ドキュメント/柴原研究室/www.omu.ac.jp/eng/shibahara/assets/attachmentfile/attachmentfile-file-76228.pdf]
[C:/Users/peper/OneDrive/ドキュメント/柴原研究室/www.omu.ac.jp/eng/shibahara/assets/cms-sites-1156-狭開先溶接時における梨形ビード割れの解析と割れを考慮した溶接諸条件最適化システムの構築-209x300.jpg]
[C:/Users/peper/OneDrive/ドキュメント/柴原研究室/www.omu.ac.jp/eng/shibahara/assets/attachmentfile/attachmentfile-file-76233.pdf]
[C:/Users/peper/OneDrive/ドキュメント/柴原研究室/www.omu.ac.jp/eng/shibahara/assets/cms-sites-1156-ステレオ画像法による三次元溶接変形計測法の開発-213x300.jpg]
[C:/Users/peper/OneDrive/ドキュメント/柴原研究室/www.omu.ac.jp/eng/shibahara/assets/attachmentfile/attachmentfile-file-76232.pdf]
[C:/Users/peper/OneDrive/ドキュメント/柴原研究室/www.omu.ac.jp/eng/shibahara/assets/cms-sites-1156-デジタルカメラを用いた溶接面内変形のIn-situ全視野計測-209x300.jpg]
[C:/Users/peper/OneDrive/ドキュメント/柴原研究室/www.omu.ac.jp/eng/shibahara/assets/attachmentfile/attachmentfile-file-76234.pdf]
[C:/Users/peper/OneDrive/ドキュメント/柴原研究室/www.omu.ac.jp/eng/shibahara/assets/cms-sites-1156-三次元溶接高温割れ解析法の開発と狭開先溶接における梨型ビード割れへの応用-209x300.jpg]
[C:/Users/peper/OneDrive/ドキュメント/柴原研究室/www.omu.ac.jp/eng/shibahara/assets/attachmentfile/attachmentfile-file-76235.pdf]
[C:/Users/peper/OneDrive/ドキュメント/柴原研究室/www.omu.ac.jp/eng/shibahara/assets/cms-sites-1156-温度依存型界面要素を用いたT継手完全溶け込み溶接時における梨型ビード割れの発生予測-209x300.jpg]
[C:/Users/peper/OneDrive/ドキュメント/柴原研究室/www.omu.ac.jp/eng/shibahara/assets/attachmentfile/attachmentfile-file-76237.pdf]
[C:/Users/peper/OneDrive/ドキュメント/柴原研究室/www.omu.ac.jp/eng/shibahara/assets/cms-sites-1156-デジタル画像相関法による溶接変形の計測-209x300.jpg]
[C:/Users/peper/OneDrive/ドキュメント/柴原研究室/www.omu.ac.jp/eng/shibahara/assets/attachmentfile/attachmentfile-file-76236.pdf]
[C:/Users/peper/OneDrive/ドキュメント/柴原研究室/www.omu.ac.jp/eng/shibahara/assets/cms-sites-1156-MLPGメッシュレス法による溶接力学解析法の開発とその応用-209x300.jpg]
[C:/Users/peper/OneDrive/ドキュメント/柴原研究室/www.omu.ac.jp/eng/shibahara/assets/attachmentfile/attachmentfile-file-76199.pdf]
[C:/Users/peper/OneDrive/ドキュメント/柴原研究室/www.omu.ac.jp/eng/shibahara/assets/cms-sites-1156-MLPG法による溶接構造解析手法の開発-206x300.jpg]
[C:/Users/peper/OneDrive/ドキュメント/柴原研究室/www.omu.ac.jp/eng/shibahara/assets/attachmentfile/attachmentfile-file-76203.pdf]
[C:/Users/peper/OneDrive/ドキュメント/柴原研究室/www.omu.ac.jp/eng/shibahara/assets/cms-sites-1156-デジタル画像相関法による溶接変形の計測-209x300 (1).jpg]
[C:/Users/peper/OneDrive/ドキュメント/柴原研究室/www.omu.ac.jp/eng/shibahara/assets/attachmentfile/attachmentfile-file-76201.pdf]
[C:/Users/peper/OneDrive/ドキュメント/柴原研究室/www.omu.ac.jp/eng/shibahara/assets/cms-sites-1156-温度依存型界面要素法を用いたT字継手完全溶け込み溶接時における梨型ビード割れの発生予測-211x300.jpg]
[C:/Users/peper/OneDrive/ドキュメント/柴原研究室/www.omu.ac.jp/eng/shibahara/assets/attachmentfile/attachmentfile-file-76198.pdf]
[C:/Users/peper/OneDrive/ドキュメント/柴原研究室/www.omu.ac.jp/eng/shibahara/assets/cms-sites-1156-防撓箱形断面梁構造の繰り返し曲げ崩壊実験について-210x300.jpg]
[C:/Users/peper/OneDrive/ドキュメント/柴原研究室/www.omu.ac.jp/eng/shibahara/assets/attachmentfile/attachmentfile-file-76202.pdf]
[C:/Users/peper/OneDrive/ドキュメント/柴原研究室/www.omu.ac.jp/eng/shibahara/assets/cms-sites-1156-プラズマ切断時の電極割れに関する力学的検討-212x300.jpg]
[C:/Users/peper/OneDrive/ドキュメント/柴原研究室/www.omu.ac.jp/eng/shibahara/assets/attachmentfile/attachmentfile-file-76200.pdf]
[C:/Users/peper/OneDrive/ドキュメント/柴原研究室/www.omu.ac.jp/eng/shibahara/assets/cms-sites-1156-image10.jpg画像処理による非接触変形・応力計測手法の開発-212x300.jpg]
[C:/Users/peper/OneDrive/ドキュメント/柴原研究室/www.omu.ac.jp/eng/shibahara/assets/attachmentfile/attachmentfile-file-76208.pdf]
[C:/Users/peper/OneDrive/ドキュメント/柴原研究室/www.omu.ac.jp/eng/shibahara/assets/Image1-52-768x582_1.jpg]
[C:/Users/peper/OneDrive/ドキュメント/柴原研究室/www.omu.ac.jp/eng/shibahara/assets/Image2-69-768x429.jpg]
[C:/Users/peper/OneDrive/ドキュメント/柴原研究室/www.omu.ac.jp/eng/shibahara/assets/Image3-38-768x515.jpg]
[C:/Users/peper/OneDrive/ドキュメント/柴原研究室/www.omu.ac.jp/eng/shibahara/assets/Image4-55-768x563.jpg]
[C:/Users/peper/OneDrive/ドキュメント/柴原研究室/www.omu.ac.jp/eng/shibahara/assets/Image7-28-768x429.jpg]
[C:/Users/peper/OneDrive/ドキュメント/柴原研究室/www.omu.ac.jp/eng/shibahara/assets/Image8-26-768x519.jpg]
[C:/Users/peper/OneDrive/ドキュメント/柴原研究室/www.omu.ac.jp/eng/shibahara/assets/Image9-21-300x277.jpg]
[C:/Users/peper/OneDrive/ドキュメント/柴原研究室/www.omu.ac.jp/eng/shibahara/assets/Image10-20-768x513.jpg]
[C:/Users/peper/OneDrive/ドキュメント/柴原研究室/www.omu.ac.jp/eng/shibahara/assets/Image11-19-768x956_1.jpg]
[C:/Users/peper/OneDrive/ドキュメント/柴原研究室/www.omu.ac.jp/eng/shibahara/assets/Image12-19-768x428_1.jpg]
[C:/Users/peper/OneDrive/ドキュメント/柴原研究室/www.omu.ac.jp/eng/shibahara/assets/Image14-19-768x428.jpg]
[C:/Users/peper/OneDrive/ドキュメント/柴原研究室/www.omu.ac.jp/eng/shibahara/assets/Image15-14-768x380.jpg]
[C:/Users/peper/OneDrive/ドキュメント/柴原研究室/www.omu.ac.jp/eng/shibahara/assets/Image16-13-768x558.jpg]
[C:/Users/peper/OneDrive/ドキュメント/柴原研究室/www.omu.ac.jp/eng/shibahara/assets/Image17-10-768x571.jpg]
[C:/Users/peper/OneDrive/ドキュメント/柴原研究室/www.omu.ac.jp/eng/shibahara/assets/Image18-13-768x432.jpg]
[C:/Users/peper/OneDrive/ドキュメント/柴原研究室/www.omu.ac.jp/eng/shibahara/intro/facility/index.html]
[C:/Users/peper/OneDrive/ドキュメント/柴原研究室/www.omu.ac.jp/eng/shibahara/assets/Image19-8-768x576.jpg]
[C:/Users/peper/OneDrive/ドキュメント/柴原研究室/www.omu.ac.jp/eng/shibahara/assets/Image20-8-768x1016_1.jpg]
[C:/Users/peper/OneDrive/ドキュメント/柴原研究室/www.omu.ac.jp/eng/shibahara/assets/Image21-8-768x1352_2.jpg]
[C:/Users/peper/OneDrive/ドキュメント/柴原研究室/www.omu.ac.jp/eng/shibahara/intro/index.html]
[C:/Users/peper/OneDrive/ドキュメント/柴原研究室/www.omu.ac.jp/eng/shibahara/assets/1-4_1.mp4]
[C:/Users/peper/OneDrive/ドキュメント/柴原研究室/www.omu.ac.jp/eng/shibahara/assets/mail_2.jpg]
[C:/Users/peper/OneDrive/ドキュメント/柴原研究室/www.omu.ac.jp/eng/shibahara/intro/theme/index.html]
[C:/Users/peper/OneDrive/ドキュメント/柴原研究室/www.omu.ac.jp/eng/shibahara/assets/attachmentfile/attachmentfile-file-69620.jpg]
[C:/Users/peper/OneDrive/ドキュメント/柴原研究室/www.omu.ac.jp/eng/shibahara/summary.html]
[C:/Users/peper/OneDrive/ドキュメント/柴原研究室/www.omu.ac.jp/eng/shibahara/assets/attachmentfile/attachmentfile-file-69598.jpg]
[C:/Users/peper/OneDrive/ドキュメント/柴原研究室/www.omu.ac.jp/eng/shibahara/assets/Image3_1.jpg]
[C:/Users/peper/OneDrive/ドキュメント/柴原研究室/www.omu.ac.jp/eng/shibahara/assets/Image4_1_1.jpg]
[C:/Users/peper/OneDrive/ドキュメント/柴原研究室/www.omu.ac.jp/eng/shibahara/assets/Image2-191-scaled (1).jpg]
[C:/Users/peper/OneDrive/ドキュメント/柴原研究室/www.omu.ac.jp/eng/shibahara/assets/Image2-183-scaled_2.jpg]
[C:/Users/peper/OneDrive/ドキュメント/柴原研究室/www.omu.ac.jp/eng/shibahara/assets/Image4_4.jpg]
[C:/Users/peper/OneDrive/ドキュメント/柴原研究室/www.omu.ac.jp/eng/shibahara/assets/Image1-170-scaled_3.jpg]
[C:/Users/peper/OneDrive/ドキュメント/柴原研究室/www.omu.ac.jp/eng/shibahara/assets/sedadf-1_1.jpg]
[C:/Users/peper/OneDrive/ドキュメント/柴原研究室/www.omu.ac.jp/eng/shibahara/assets/0B1A0356-EE25-426E-8768-8AA1457BEEBA-1536x1152_1.jpg]
[C:/Users/peper/OneDrive/ドキュメント/柴原研究室/www.omu.ac.jp/eng/shibahara/assets/LINE_ALBUM_20240610_240614_56_1.jpg]
[C:/Users/peper/OneDrive/ドキュメント/柴原研究室/www.omu.ac.jp/eng/shibahara/assets/Image1-137_1.jpg]
[C:/Users/peper/OneDrive/ドキュメント/柴原研究室/www.omu.ac.jp/eng/shibahara/assets/Image1-122-2048x1540_1.jpg]
[C:/Users/peper/OneDrive/ドキュメント/柴原研究室/www.omu.ac.jp/eng/shibahara/omu-content/uploads/sites/1156/IMG_1575-1-scaled.jpg]
[C:/Users/peper/OneDrive/ドキュメント/柴原研究室/www.omu.ac.jp/eng/shibahara/assets/22-4_1.jpg]
[C:/Users/peper/OneDrive/ドキュメント/柴原研究室/www.omu.ac.jp/eng/shibahara/assets/LINE_ALBUM_幅田真史壮行会_230809_3_1.jpg]
[C:/Users/peper/OneDrive/ドキュメント/柴原研究室/www.omu.ac.jp/eng/shibahara/assets/Image2-85_1_1.jpg]
[C:/Users/peper/OneDrive/ドキュメント/柴原研究室/www.omu.ac.jp/eng/shibahara/assets/Image2-60-2048x1064_1.jpg]
[C:/Users/peper/OneDrive/ドキュメント/柴原研究室/www.omu.ac.jp/eng/shibahara/assets/IMG_9813_edited-2048x1126_1.jpg]
[C:/Users/peper/OneDrive/ドキュメント/柴原研究室/www.omu.ac.jp/eng/shibahara/assets/320A8142-2048x1365_1.jpg]
[C:/Users/peper/OneDrive/ドキュメント/柴原研究室/www.omu.ac.jp/eng/shibahara/assets/DSC_9923-2048x1367_1.jpg]
[C:/Users/peper/OneDrive/ドキュメント/柴原研究室/www.omu.ac.jp/eng/shibahara/omu-content/uploads/sites/1156/IMG_0477-scaled.jpg]
[C:/Users/peper/OneDrive/ドキュメント/柴原研究室/www.omu.ac.jp/eng/shibahara/assets/IMG_6838.jpg]
[C:/Users/peper/OneDrive/ドキュメント/柴原研究室/www.omu.ac.jp/eng/shibahara/assets/DSC_3649_2997.jpg]
[C:/Users/peper/OneDrive/ドキュメント/柴原研究室/www.omu.ac.jp/eng/shibahara/assets/IMG_9456.jpg]
[C:/Users/peper/OneDrive/ドキュメント/柴原研究室/www.omu.ac.jp/eng/shibahara/assets/IMG_5955.jpg]
[C:/Users/peper/OneDrive/ドキュメント/柴原研究室/www.omu.ac.jp/eng/shibahara/assets/IMG_4427.jpg]
[C:/Users/peper/OneDrive/ドキュメント/柴原研究室/www.omu.ac.jp/eng/shibahara/assets/IMG_4360.jpg]
[C:/Users/peper/OneDrive/ドキュメント/柴原研究室/www.omu.ac.jp/eng/shibahara/assets/IMG_1814.jpg]
[C:/Users/peper/OneDrive/ドキュメント/柴原研究室/www.omu.ac.jp/eng/shibahara/assets/DSC_4930_00402.jpg]
[C:/Users/peper/OneDrive/ドキュメント/柴原研究室/www.omu.ac.jp/eng/shibahara/assets/DSC_4526_00357.jpg]
[C:/Users/peper/OneDrive/ドキュメント/柴原研究室/www.omu.ac.jp/eng/shibahara/omu-content/uploads/sites/1156/IMG_4964-3.jpg]
[C:/Users/peper/OneDrive/ドキュメント/柴原研究室/www.omu.ac.jp/eng/shibahara/omu-content/uploads/sites/1156/22-1.jpg]
[C:/Users/peper/OneDrive/ドキュメント/柴原研究室/www.omu.ac.jp/eng/shibahara/omu-content/uploads/sites/1156/IMG_4147.jpg]
[C:/Users/peper/OneDrive/ドキュメント/柴原研究室/www.omu.ac.jp/eng/shibahara/omu-content/uploads/sites/1156/aa1.jpg]
[C:/Users/peper/OneDrive/ドキュメント/柴原研究室/www.omu.ac.jp/eng/shibahara/omu-content/uploads/sites/1156/DSC_4697.jpg]
[C:/Users/peper/OneDrive/ドキュメント/柴原研究室/www.omu.ac.jp/eng/shibahara/omu-content/uploads/sites/1156/image-2.jpg]
[C:/Users/peper/OneDrive/ドキュメント/柴原研究室/www.omu.ac.jp/eng/shibahara/assets/shin (58).jpg]
[C:/Users/peper/OneDrive/ドキュメント/柴原研究室/www.omu.ac.jp/eng/shibahara/assets/DSC_1840.jpg]
[C:/Users/peper/OneDrive/ドキュメント/柴原研究室/www.omu.ac.jp/eng/shibahara/assets/DSC_0369.jpg]
[C:/Users/peper/OneDrive/ドキュメント/柴原研究室/www.omu.ac.jp/eng/shibahara/assets/IMG_0063.jpg]
[C:/Users/peper/OneDrive/ドキュメント/柴原研究室/www.omu.ac.jp/eng/shibahara/assets/DSC_5597_02.jpg]
[C:/Users/peper/OneDrive/ドキュメント/柴原研究室/www.omu.ac.jp/eng/shibahara/assets/52_original.jpg]
[C:/Users/peper/OneDrive/ドキュメント/柴原研究室/www.omu.ac.jp/eng/shibahara/omu-content/uploads/sites/1156/2011.jpg]
[C:/Users/peper/OneDrive/ドキュメント/柴原研究室/www.omu.ac.jp/eng/shibahara/omu-content/uploads/sites/1156/image.gif]
[C:/Users/peper/OneDrive/ドキュメント/柴原研究室/www.omu.ac.jp/eng/shibahara/omu-content/uploads/sites/1156/2009.jpg]
[C:/Users/peper/OneDrive/ドキュメント/柴原研究室/www.omu.ac.jp/eng/shibahara/assets/P1060101.jpg]
[C:/Users/peper/OneDrive/ドキュメント/柴原研究室/www.omu.ac.jp/eng/shibahara/omu-content/uploads/sites/1156/2008.jpg]
[C:/Users/peper/OneDrive/ドキュメント/柴原研究室/www.omu.ac.jp/eng/shibahara/omu-content/uploads/sites/1156/2007.jpg]
[C:/Users/peper/OneDrive/ドキュメント/柴原研究室/www.omu.ac.jp/eng/shibahara/omu-content/uploads/sites/1156/2005.jpg]
[C:/Users/peper/OneDrive/ドキュメント/柴原研究室/www.omu.ac.jp/eng/shibahara/omu-content/uploads/sites/1156/2006.jpg]
[C:/Users/peper/OneDrive/ドキュメント/柴原研究室/www.omu.ac.jp/eng/shibahara/photo/index.html]
[C:/Users/peper/OneDrive/ドキュメント/柴原研究室/www.omu.ac.jp/eng/shibahara/omu-content/uploads/sites/1156/2004.jpg]
[C:/Users/peper/OneDrive/ドキュメント/柴原研究室/www.omu.ac.jp/eng/shibahara/assets/ico_facebook.svg]
[C:/Users/peper/OneDrive/ドキュメント/柴原研究室/www.omu.ac.jp/eng/shibahara/assets/ico_twitter.svg]
[C:/Users/peper/OneDrive/ドキュメント/柴原研究室/www.omu.ac.jp/eng/shibahara/assets/ico_youtube.svg]
[C:/Users/peper/OneDrive/ドキュメント/柴原研究室/www.omu.ac.jp/eng/shibahara/assets/ico_instagram.svg]
[C:/Users/peper/OneDrive/ドキュメント/柴原研究室/www.omu.ac.jp/eng/shibahara/info/news/entry-110439.html]
[C:/Users/peper/OneDrive/ドキュメント/柴原研究室/www.omu.ac.jp/eng/shibahara/assets/attachmentfile/attachmentfile-file-92832.jpg]
[C:/Users/peper/OneDrive/ドキュメント/柴原研究室/www.omu.ac.jp/eng/shibahara/assets/SCAN0002_1.jpg]
[C:/Users/peper/OneDrive/ドキュメント/柴原研究室/www.omu.ac.jp/eng/shibahara/assets/LINE_ALBUM_溶接学会表彰_260427_2.jpg]
[C:/Users/peper/OneDrive/ドキュメント/柴原研究室/www.omu.ac.jp/eng/shibahara/assets/0E7D8CE4-EA12-4C4C-B36B-EE9D5EFBB6D9.jpg]
[C:/Users/peper/OneDrive/ドキュメント/柴原研究室/www.omu.ac.jp/eng/shibahara/info/news/entry-110349.html]
[C:/Users/peper/OneDrive/ドキュメント/柴原研究室/www.omu.ac.jp/eng/shibahara/assets/514748D5-3F05-49AD-95AE-636F837917BC.jpg]
[C:/Users/peper/OneDrive/ドキュメント/柴原研究室/www.omu.ac.jp/eng/shibahara/assets/LINE_ALBUM_溶接学会表彰_260427_1.jpg]
[C:/Users/peper/OneDrive/ドキュメント/柴原研究室/www.omu.ac.jp/eng/shibahara/assets/attachmentfile/attachmentfile-file-92640.jpg]
[C:/Users/peper/OneDrive/ドキュメント/柴原研究室/www.omu.ac.jp/eng/shibahara/assets/SCAN0001.jpg]
[C:/Users/peper/OneDrive/ドキュメント/柴原研究室/www.omu.ac.jp/eng/shibahara/info/news/entry-110229.html]
[C:/Users/peper/OneDrive/ドキュメント/柴原研究室/www.omu.ac.jp/eng/shibahara/assets/S__20529218_0.jpg]
[C:/Users/peper/OneDrive/ドキュメント/柴原研究室/www.omu.ac.jp/eng/shibahara/info/news/entry-106517.html]
[C:/Users/peper/OneDrive/ドキュメント/柴原研究室/www.omu.ac.jp/eng/shibahara/assets/attachmentfile/attachmentfile-file-90417.jpg]
[C:/Users/peper/OneDrive/ドキュメント/柴原研究室/www.omu.ac.jp/eng/shibahara/assets/S__18456647_0(1).jpg]
[C:/Users/peper/OneDrive/ドキュメント/柴原研究室/www.omu.ac.jp/eng/shibahara/assets/attachmentfile/attachmentfile-file-90411.jpg]
[C:/Users/peper/OneDrive/ドキュメント/柴原研究室/www.omu.ac.jp/eng/shibahara/assets/Image1_45.jpg]
[C:/Users/peper/OneDrive/ドキュメント/柴原研究室/www.omu.ac.jp/eng/shibahara/info/news/entry-106512.html]
[C:/Users/peper/OneDrive/ドキュメント/柴原研究室/www.omu.ac.jp/eng/shibahara/info/news/entry-106329.html]
[C:/Users/peper/OneDrive/ドキュメント/柴原研究室/www.omu.ac.jp/eng/shibahara/assets/attachmentfile/attachmentfile-file-90175.jpg]
[C:/Users/peper/OneDrive/ドキュメント/柴原研究室/www.omu.ac.jp/eng/shibahara/assets/S__19382338_0.jpg]
[C:/Users/peper/OneDrive/ドキュメント/柴原研究室/www.omu.ac.jp/eng/shibahara/assets/S__19382336_0.jpg]
[C:/Users/peper/OneDrive/ドキュメント/柴原研究室/www.omu.ac.jp/eng/shibahara/assets/S__19382340_0.jpg]
[C:/Users/peper/OneDrive/ドキュメント/柴原研究室/www.omu.ac.jp/eng/shibahara/info/news/entry-106312.html]
[C:/Users/peper/OneDrive/ドキュメント/柴原研究室/www.omu.ac.jp/eng/shibahara/assets/S__19382330_0.jpg]
[C:/Users/peper/OneDrive/ドキュメント/柴原研究室/www.omu.ac.jp/eng/shibahara/assets/S__19382334_0.jpg]
[C:/Users/peper/OneDrive/ドキュメント/柴原研究室/www.omu.ac.jp/eng/shibahara/assets/attachmentfile/attachmentfile-file-90158.jpg]
[C:/Users/peper/OneDrive/ドキュメント/柴原研究室/www.omu.ac.jp/eng/shibahara/assets/Image1_43.jpg]
[C:/Users/peper/OneDrive/ドキュメント/柴原研究室/www.omu.ac.jp/eng/shibahara/info/news/entry-105978.html]
[C:/Users/peper/OneDrive/ドキュメント/柴原研究室/www.omu.ac.jp/eng/shibahara/assets/S__19382318_0.jpg]
[C:/Users/peper/OneDrive/ドキュメント/柴原研究室/www.omu.ac.jp/eng/shibahara/assets/S__19382306_0.jpg]
[C:/Users/peper/OneDrive/ドキュメント/柴原研究室/www.omu.ac.jp/eng/shibahara/assets/Image3_23.jpg]
[C:/Users/peper/OneDrive/ドキュメント/柴原研究室/www.omu.ac.jp/eng/shibahara/assets/S__19382342_0.jpg]
[C:/Users/peper/OneDrive/ドキュメント/柴原研究室/www.omu.ac.jp/eng/shibahara/assets/S__19382371_0.jpg]
[C:/Users/peper/OneDrive/ドキュメント/柴原研究室/www.omu.ac.jp/eng/shibahara/assets/sdfewee.jpg]
[C:/Users/peper/OneDrive/ドキュメント/柴原研究室/www.omu.ac.jp/eng/shibahara/info/news/entry-105963.html]
[C:/Users/peper/OneDrive/ドキュメント/柴原研究室/www.omu.ac.jp/eng/shibahara/assets/S__19382385_0.jpg]
[C:/Users/peper/OneDrive/ドキュメント/柴原研究室/www.omu.ac.jp/eng/shibahara/assets/attachmentfile/attachmentfile-file-89859.jpg]
[C:/Users/peper/OneDrive/ドキュメント/柴原研究室/www.omu.ac.jp/eng/shibahara/assets/dswwe.jpg]
[C:/Users/peper/OneDrive/ドキュメント/柴原研究室/www.omu.ac.jp/eng/shibahara/assets/attachmentfile/attachmentfile-file-89853.jpg]
[C:/Users/peper/OneDrive/ドキュメント/柴原研究室/www.omu.ac.jp/eng/shibahara/assets/Image4_20.jpg]
[C:/Users/peper/OneDrive/ドキュメント/柴原研究室/www.omu.ac.jp/eng/shibahara/assets/attachmentfile/attachmentfile-file-89761.jpg]
[C:/Users/peper/OneDrive/ドキュメント/柴原研究室/www.omu.ac.jp/eng/shibahara/info/news/entry-105878.html]
[C:/Users/peper/OneDrive/ドキュメント/柴原研究室/www.omu.ac.jp/eng/shibahara/assets/Image1_42.jpg]
[C:/Users/peper/OneDrive/ドキュメント/柴原研究室/www.omu.ac.jp/eng/shibahara/info/news/entry-105728.html]
[C:/Users/peper/OneDrive/ドキュメント/柴原研究室/www.omu.ac.jp/eng/shibahara/assets/attachmentfile/attachmentfile-file-89628.jpg]
[C:/Users/peper/OneDrive/ドキュメント/柴原研究室/www.omu.ac.jp/eng/shibahara/assets/LINE_ALBUM_20260306-CCWS_260317_33.jpg]
[C:/Users/peper/OneDrive/ドキュメント/柴原研究室/www.omu.ac.jp/eng/shibahara/assets/5399ED51-46BE-4809-876C-74163366BCA4.jpg]
[C:/Users/peper/OneDrive/ドキュメント/柴原研究室/www.omu.ac.jp/eng/shibahara/assets/LINE_ALBUM_20260306-CCWS_260317_12.jpg]
[C:/Users/peper/OneDrive/ドキュメント/柴原研究室/www.omu.ac.jp/eng/shibahara/info/news/entry-105532.html]
[C:/Users/peper/OneDrive/ドキュメント/柴原研究室/www.omu.ac.jp/eng/shibahara/assets/LINE_ALBUM_20260306-CCWS_260317_15.jpg]
[C:/Users/peper/OneDrive/ドキュメント/柴原研究室/www.omu.ac.jp/eng/shibahara/assets/attachmentfile/attachmentfile-file-89538.png]
[C:/Users/peper/OneDrive/ドキュメント/柴原研究室/www.omu.ac.jp/eng/shibahara/assets/Image2_37.jpg]
[C:/Users/peper/OneDrive/ドキュメント/柴原研究室/www.omu.ac.jp/eng/shibahara/assets/01_0_1.png]
[C:/Users/peper/OneDrive/ドキュメント/柴原研究室/www.omu.ac.jp/eng/shibahara/info/news/entry-105526.html]
[C:/Users/peper/OneDrive/ドキュメント/柴原研究室/www.omu.ac.jp/eng/shibahara/assets/attachmentfile/attachmentfile-file-89537.jpg]
[C:/Users/peper/OneDrive/ドキュメント/柴原研究室/www.omu.ac.jp/eng/shibahara/assets/Image1_41.jpg]
[C:/Users/peper/OneDrive/ドキュメント/柴原研究室/www.omu.ac.jp/eng/shibahara/info/news/entry-104298.html]
[C:/Users/peper/OneDrive/ドキュメント/柴原研究室/www.omu.ac.jp/eng/shibahara/assets/attachmentfile/attachmentfile-file-88624.jpg]
[C:/Users/peper/OneDrive/ドキュメント/柴原研究室/www.omu.ac.jp/eng/shibahara/assets/Image1_39.jpg]
[C:/Users/peper/OneDrive/ドキュメント/柴原研究室/www.omu.ac.jp/eng/shibahara/assets/Image2_33.jpg]
[C:/Users/peper/OneDrive/ドキュメント/柴原研究室/www.omu.ac.jp/eng/shibahara/info/news/entry-104695.html]
[C:/Users/peper/OneDrive/ドキュメント/柴原研究室/www.omu.ac.jp/eng/shibahara/assets/attachmentfile/attachmentfile-file-88855.jpg]
[C:/Users/peper/OneDrive/ドキュメント/柴原研究室/www.omu.ac.jp/eng/shibahara/assets/0M4A1690.jpg]
[C:/Users/peper/OneDrive/ドキュメント/柴原研究室/www.omu.ac.jp/eng/shibahara/assets/0M4A1636.jpg]
[C:/Users/peper/OneDrive/ドキュメント/柴原研究室/www.omu.ac.jp/eng/shibahara/assets/Image1_40.jpg]
[C:/Users/peper/OneDrive/ドキュメント/柴原研究室/www.omu.ac.jp/eng/shibahara/info/news/entry-104455.html]
[C:/Users/peper/OneDrive/ドキュメント/柴原研究室/www.omu.ac.jp/eng/shibahara/assets/8204_0_2.jpg]
[C:/Users/peper/OneDrive/ドキュメント/柴原研究室/www.omu.ac.jp/eng/shibahara/assets/dseer.jpg]
[C:/Users/peper/OneDrive/ドキュメント/柴原研究室/www.omu.ac.jp/eng/shibahara/assets/S__18292801_0_1.jpg]
[C:/Users/peper/OneDrive/ドキュメント/柴原研究室/www.omu.ac.jp/eng/shibahara/assets/0M4A1649_2.jpg]
[C:/Users/peper/OneDrive/ドキュメント/柴原研究室/www.omu.ac.jp/eng/shibahara/assets/attachmentfile/attachmentfile-file-88628.jpg]
[C:/Users/peper/OneDrive/ドキュメント/柴原研究室/www.omu.ac.jp/eng/shibahara/assets/6964_0.jpg]
[C:/Users/peper/OneDrive/ドキュメント/柴原研究室/www.omu.ac.jp/eng/shibahara/assets/6969_0.jpg]
[C:/Users/peper/OneDrive/ドキュメント/柴原研究室/www.omu.ac.jp/eng/shibahara/assets/Image2_34.jpg]
[C:/Users/peper/OneDrive/ドキュメント/柴原研究室/www.omu.ac.jp/eng/shibahara/info/news/entry-104300.html]
[C:/Users/peper/OneDrive/ドキュメント/柴原研究室/www.omu.ac.jp/eng/shibahara/assets/attachmentfile/attachmentfile-file-88482.jpg]
[C:/Users/peper/OneDrive/ドキュメント/柴原研究室/www.omu.ac.jp/eng/shibahara/assets/Image1_38.jpg]
[C:/Users/peper/OneDrive/ドキュメント/柴原研究室/www.omu.ac.jp/eng/shibahara/info/news/entry-104038.html]
[C:/Users/peper/OneDrive/ドキュメント/柴原研究室/www.omu.ac.jp/eng/shibahara/assets/attachmentfile/attachmentfile-file-88188.jpg]
[C:/Users/peper/OneDrive/ドキュメント/柴原研究室/www.omu.ac.jp/eng/shibahara/assets/Image1_36.jpg]
[C:/Users/peper/OneDrive/ドキュメント/柴原研究室/www.omu.ac.jp/eng/shibahara/assets/attachmentfile/attachmentfile-file-87892.jpg]
[C:/Users/peper/OneDrive/ドキュメント/柴原研究室/www.omu.ac.jp/eng/shibahara/assets/47C3118C-D9A5-4787-BCE7-7201082556BE.jpg]
[C:/Users/peper/OneDrive/ドキュメント/柴原研究室/www.omu.ac.jp/eng/shibahara/info/news/entry-103644.html]
[C:/Users/peper/OneDrive/ドキュメント/柴原研究室/www.omu.ac.jp/eng/shibahara/assets/3104EB2F-7387-4739-8772-391D1FDF251A.jpg]
[C:/Users/peper/OneDrive/ドキュメント/柴原研究室/www.omu.ac.jp/eng/shibahara/assets/Image1_35.jpg]
[C:/Users/peper/OneDrive/ドキュメント/柴原研究室/www.omu.ac.jp/eng/shibahara/assets/3828A39E-79D2-4A09-9F0A-61A52F5A1C4A.jpg]
[C:/Users/peper/OneDrive/ドキュメント/柴原研究室/www.omu.ac.jp/eng/shibahara/assets/B925C45D-F4EA-467C-A454-84326B9C95CC.jpg]
[C:/Users/peper/OneDrive/ドキュメント/柴原研究室/www.omu.ac.jp/eng/shibahara/assets/attachmentfile/attachmentfile-file-87005.jpg]
[C:/Users/peper/OneDrive/ドキュメント/柴原研究室/www.omu.ac.jp/eng/shibahara/assets/Image1_32.jpg]
[C:/Users/peper/OneDrive/ドキュメント/柴原研究室/www.omu.ac.jp/eng/shibahara/info/news/entry-102073.html]
[C:/Users/peper/OneDrive/ドキュメント/柴原研究室/www.omu.ac.jp/eng/shibahara/assets/attachmentfile/attachmentfile-file-87015.jpg]
[C:/Users/peper/OneDrive/ドキュメント/柴原研究室/www.omu.ac.jp/eng/shibahara/info/news/entry-102083.html]
[C:/Users/peper/OneDrive/ドキュメント/柴原研究室/www.omu.ac.jp/eng/shibahara/assets/Image7_8.jpg]
[C:/Users/peper/OneDrive/ドキュメント/柴原研究室/www.omu.ac.jp/eng/shibahara/assets/attachmentfile/attachmentfile-file-87012.jpg]
[C:/Users/peper/OneDrive/ドキュメント/柴原研究室/www.omu.ac.jp/eng/shibahara/info/news/entry-102081.html]
[C:/Users/peper/OneDrive/ドキュメント/柴原研究室/www.omu.ac.jp/eng/shibahara/assets/Image5_18.jpg]
[C:/Users/peper/OneDrive/ドキュメント/柴原研究室/www.omu.ac.jp/eng/shibahara/info/news/entry-102078.html]
[C:/Users/peper/OneDrive/ドキュメント/柴原研究室/www.omu.ac.jp/eng/shibahara/assets/attachmentfile/attachmentfile-file-87008.jpg]
[C:/Users/peper/OneDrive/ドキュメント/柴原研究室/www.omu.ac.jp/eng/shibahara/assets/Image2_32.jpg]
[C:/Users/peper/OneDrive/ドキュメント/柴原研究室/www.omu.ac.jp/eng/shibahara/assets/attachmentfile/attachmentfile-file-87002.jpg]
[C:/Users/peper/OneDrive/ドキュメント/柴原研究室/www.omu.ac.jp/eng/shibahara/info/news/entry-102069.html]
[C:/Users/peper/OneDrive/ドキュメント/柴原研究室/www.omu.ac.jp/eng/shibahara/assets/Image1_30.jpg]
[C:/Users/peper/OneDrive/ドキュメント/柴原研究室/www.omu.ac.jp/eng/shibahara/info/news/entry-101927.html]
[C:/Users/peper/OneDrive/ドキュメント/柴原研究室/www.omu.ac.jp/eng/shibahara/assets/attachmentfile/attachmentfile-file-86873.jpg]
[C:/Users/peper/OneDrive/ドキュメント/柴原研究室/www.omu.ac.jp/eng/shibahara/assets/Image1_29.jpg]
[C:/Users/peper/OneDrive/ドキュメント/柴原研究室/www.omu.ac.jp/eng/shibahara/info/news/entry-101742.html]
[C:/Users/peper/OneDrive/ドキュメント/柴原研究室/www.omu.ac.jp/eng/shibahara/assets/attachmentfile/attachmentfile-file-86697.jpg]
[C:/Users/peper/OneDrive/ドキュメント/柴原研究室/www.omu.ac.jp/eng/shibahara/assets/3_3.jpg]
[C:/Users/peper/OneDrive/ドキュメント/柴原研究室/www.omu.ac.jp/eng/shibahara/assets/2_4.jpg]
[C:/Users/peper/OneDrive/ドキュメント/柴原研究室/www.omu.ac.jp/eng/shibahara/info/news/entry-101606.html]
[C:/Users/peper/OneDrive/ドキュメント/柴原研究室/www.omu.ac.jp/eng/shibahara/assets/attachmentfile/attachmentfile-file-86540.jpg]
[C:/Users/peper/OneDrive/ドキュメント/柴原研究室/www.omu.ac.jp/eng/shibahara/assets/Image1_28.jpg]
[C:/Users/peper/OneDrive/ドキュメント/柴原研究室/www.omu.ac.jp/eng/shibahara/assets/Image3_21.jpg]
[C:/Users/peper/OneDrive/ドキュメント/柴原研究室/www.omu.ac.jp/eng/shibahara/info/news/entry-101260.html]
[C:/Users/peper/OneDrive/ドキュメント/柴原研究室/www.omu.ac.jp/eng/shibahara/assets/attachmentfile/attachmentfile-file-86203.jpg]
[C:/Users/peper/OneDrive/ドキュメント/柴原研究室/www.omu.ac.jp/eng/shibahara/assets/授位飾り写真.jpg]
[C:/Users/peper/OneDrive/ドキュメント/柴原研究室/www.omu.ac.jp/eng/shibahara/assets/綬章メダル.jpg]
[C:/Users/peper/OneDrive/ドキュメント/柴原研究室/www.omu.ac.jp/eng/shibahara/assets/綬章.jpg]
[C:/Users/peper/OneDrive/ドキュメント/柴原研究室/www.omu.ac.jp/eng/shibahara/info/news/entry-101259.html]
[C:/Users/peper/OneDrive/ドキュメント/柴原研究室/www.omu.ac.jp/eng/shibahara/assets/正４位.jpg]
[C:/Users/peper/OneDrive/ドキュメント/柴原研究室/www.omu.ac.jp/eng/shibahara/assets/attachmentfile/attachmentfile-file-86202.jpg]
[C:/Users/peper/OneDrive/ドキュメント/柴原研究室/www.omu.ac.jp/eng/shibahara/assets/S__16384013_0.jpg]
[C:/Users/peper/OneDrive/ドキュメント/柴原研究室/www.omu.ac.jp/eng/shibahara/assets/S__16384010_0.jpg]
[C:/Users/peper/OneDrive/ドキュメント/柴原研究室/www.omu.ac.jp/eng/shibahara/info/news/entry-100808.html]
[C:/Users/peper/OneDrive/ドキュメント/柴原研究室/www.omu.ac.jp/eng/shibahara/assets/S__16384012_0_1.jpg]
[C:/Users/peper/OneDrive/ドキュメント/柴原研究室/www.omu.ac.jp/eng/shibahara/assets/S__16384011_0.jpg]
[C:/Users/peper/OneDrive/ドキュメント/柴原研究室/www.omu.ac.jp/eng/shibahara/assets/attachmentfile/attachmentfile-file-85709.jpg]
[C:/Users/peper/OneDrive/ドキュメント/柴原研究室/www.omu.ac.jp/eng/shibahara/assets/Image2_31.jpg]
[C:/Users/peper/OneDrive/ドキュメント/柴原研究室/www.omu.ac.jp/eng/shibahara/info/news/entry-100810.html]
[C:/Users/peper/OneDrive/ドキュメント/柴原研究室/www.omu.ac.jp/eng/shibahara/assets/S__16138255.jpg]
[C:/Users/peper/OneDrive/ドキュメント/柴原研究室/www.omu.ac.jp/eng/shibahara/assets/Image4_19.jpg]
[C:/Users/peper/OneDrive/ドキュメント/柴原研究室/www.omu.ac.jp/eng/shibahara/assets/attachmentfile/attachmentfile-file-85606.jpg]
[C:/Users/peper/OneDrive/ドキュメント/柴原研究室/www.omu.ac.jp/eng/shibahara/assets/Image1_27.jpg]
[C:/Users/peper/OneDrive/ドキュメント/柴原研究室/www.omu.ac.jp/eng/shibahara/info/news/entry-100791.html]
[C:/Users/peper/OneDrive/ドキュメント/柴原研究室/www.omu.ac.jp/eng/shibahara/assets/attachmentfile/attachmentfile-file-85602.jpg]
[C:/Users/peper/OneDrive/ドキュメント/柴原研究室/www.omu.ac.jp/eng/shibahara/assets/CA6C.jpg]
[C:/Users/peper/OneDrive/ドキュメント/柴原研究室/www.omu.ac.jp/eng/shibahara/assets/1C0DE.jpg]
[C:/Users/peper/OneDrive/ドキュメント/柴原研究室/www.omu.ac.jp/eng/shibahara/info/news/entry-100727.html]
[C:/Users/peper/OneDrive/ドキュメント/柴原研究室/www.omu.ac.jp/eng/shibahara/assets/attachmentfile/attachmentfile-file-85600.jpg]
[C:/Users/peper/OneDrive/ドキュメント/柴原研究室/www.omu.ac.jp/eng/shibahara/assets/S__15917079_0.jpg]
[C:/Users/peper/OneDrive/ドキュメント/柴原研究室/www.omu.ac.jp/eng/shibahara/info/news/entry-100726.html]
[C:/Users/peper/OneDrive/ドキュメント/柴原研究室/www.omu.ac.jp/eng/shibahara/assets/attachmentfile/attachmentfile-file-85596.jpg]
[C:/Users/peper/OneDrive/ドキュメント/柴原研究室/www.omu.ac.jp/eng/shibahara/assets/Image4_18.jpg]
[C:/Users/peper/OneDrive/ドキュメント/柴原研究室/www.omu.ac.jp/eng/shibahara/assets/Image6_17.jpg]
[C:/Users/peper/OneDrive/ドキュメント/柴原研究室/www.omu.ac.jp/eng/shibahara/assets/Image1_26.jpg]
[C:/Users/peper/OneDrive/ドキュメント/柴原研究室/www.omu.ac.jp/eng/shibahara/info/news/entry-100452.html]
[C:/Users/peper/OneDrive/ドキュメント/柴原研究室/www.omu.ac.jp/eng/shibahara/assets/S__15876115_0.jpg]
[C:/Users/peper/OneDrive/ドキュメント/柴原研究室/www.omu.ac.jp/eng/shibahara/assets/Image5_17.jpg]
[C:/Users/peper/OneDrive/ドキュメント/柴原研究室/www.omu.ac.jp/eng/shibahara/assets/Image3_20.jpg]
[C:/Users/peper/OneDrive/ドキュメント/柴原研究室/www.omu.ac.jp/eng/shibahara/assets/Image2_30.jpg]
[C:/Users/peper/OneDrive/ドキュメント/柴原研究室/www.omu.ac.jp/eng/shibahara/assets/S__15876117_0.jpg]
[C:/Users/peper/OneDrive/ドキュメント/柴原研究室/www.omu.ac.jp/eng/shibahara/assets/attachmentfile/attachmentfile-file-85383.jpg]
[C:/Users/peper/OneDrive/ドキュメント/柴原研究室/www.omu.ac.jp/eng/shibahara/assets/6398C172-60DE-4D2B-A99A-851159A6156B.jpg]
[C:/Users/peper/OneDrive/ドキュメント/柴原研究室/www.omu.ac.jp/eng/shibahara/assets/1B94411E-5255-4D9C-AB86-842E5C2235EA.jpg]
[C:/Users/peper/OneDrive/ドキュメント/柴原研究室/www.omu.ac.jp/eng/shibahara/info/news/entry-100110.html]
[C:/Users/peper/OneDrive/ドキュメント/柴原研究室/www.omu.ac.jp/eng/shibahara/assets/SCAN0013.jpg]
[C:/Users/peper/OneDrive/ドキュメント/柴原研究室/www.omu.ac.jp/eng/shibahara/assets/Image2_29.jpg]
[C:/Users/peper/OneDrive/ドキュメント/柴原研究室/www.omu.ac.jp/eng/shibahara/assets/attachmentfile/attachmentfile-file-85382.jpg]
[C:/Users/peper/OneDrive/ドキュメント/柴原研究室/www.omu.ac.jp/eng/shibahara/assets/attachmentfile/attachmentfile-file-85238.jpg]
[C:/Users/peper/OneDrive/ドキュメント/柴原研究室/www.omu.ac.jp/eng/shibahara/assets/Image2_27.jpg]
[C:/Users/peper/OneDrive/ドキュメント/柴原研究室/www.omu.ac.jp/eng/shibahara/assets/Image1_25.jpg]
[C:/Users/peper/OneDrive/ドキュメント/柴原研究室/www.omu.ac.jp/eng/shibahara/assets/attachmentfile/attachmentfile-file-85060.jpg]
[C:/Users/peper/OneDrive/ドキュメント/柴原研究室/www.omu.ac.jp/eng/shibahara/info/news/entry-99971.html]
[C:/Users/peper/OneDrive/ドキュメント/柴原研究室/www.omu.ac.jp/eng/shibahara/assets/thumbnails/thumb-1317xauto-221204-file.jpg]
[C:/Users/peper/OneDrive/ドキュメント/柴原研究室/www.omu.ac.jp/eng/shibahara/assets/Image3_19.jpg]
[C:/Users/peper/OneDrive/ドキュメント/柴原研究室/www.omu.ac.jp/eng/shibahara/assets/attachmentfile/attachmentfile-file-84723.jpg]
[C:/Users/peper/OneDrive/ドキュメント/柴原研究室/www.omu.ac.jp/eng/shibahara/info/news/entry-99594.html]
[C:/Users/peper/OneDrive/ドキュメント/柴原研究室/www.omu.ac.jp/eng/shibahara/assets/LINE_ALBUM_20251209_251213_113.jpg]
[C:/Users/peper/OneDrive/ドキュメント/柴原研究室/www.omu.ac.jp/eng/shibahara/assets/Image2_24.jpg]
[C:/Users/peper/OneDrive/ドキュメント/柴原研究室/www.omu.ac.jp/eng/shibahara/assets/LINE_ALBUM_20251209_251213_95.jpg]
[C:/Users/peper/OneDrive/ドキュメント/柴原研究室/www.omu.ac.jp/eng/shibahara/assets/8ejff.jpg]
[C:/Users/peper/OneDrive/ドキュメント/柴原研究室/www.omu.ac.jp/eng/shibahara/assets/Image1_24.jpg]
[C:/Users/peper/OneDrive/ドキュメント/柴原研究室/www.omu.ac.jp/eng/shibahara/assets/LINE_ALBUM_20251209_251213_475.jpg]
[C:/Users/peper/OneDrive/ドキュメント/柴原研究室/www.omu.ac.jp/eng/shibahara/assets/LINE_ALBUM_20251209_251213_17.jpg]
[C:/Users/peper/OneDrive/ドキュメント/柴原研究室/www.omu.ac.jp/eng/shibahara/assets/attachmentfile/attachmentfile-file-84636.jpg]
[C:/Users/peper/OneDrive/ドキュメント/柴原研究室/www.omu.ac.jp/eng/shibahara/info/news/entry-99482.html]
[C:/Users/peper/OneDrive/ドキュメント/柴原研究室/www.omu.ac.jp/eng/shibahara/assets/sde_1.jpg]
[C:/Users/peper/OneDrive/ドキュメント/柴原研究室/www.omu.ac.jp/eng/shibahara/assets/Image2_23.jpg]
[C:/Users/peper/OneDrive/ドキュメント/柴原研究室/www.omu.ac.jp/eng/shibahara/info/news/entry-99259.html]
[C:/Users/peper/OneDrive/ドキュメント/柴原研究室/www.omu.ac.jp/eng/shibahara/assets/attachmentfile/attachmentfile-file-84317.jpg]
[C:/Users/peper/OneDrive/ドキュメント/柴原研究室/www.omu.ac.jp/eng/shibahara/assets/市川.jpg]
[C:/Users/peper/OneDrive/ドキュメント/柴原研究室/www.omu.ac.jp/eng/shibahara/info/news/entry-99260.html]
[C:/Users/peper/OneDrive/ドキュメント/柴原研究室/www.omu.ac.jp/eng/shibahara/assets/attachmentfile/attachmentfile-file-84318.jpg]
[C:/Users/peper/OneDrive/ドキュメント/柴原研究室/www.omu.ac.jp/eng/shibahara/assets/山邉.jpg]
[C:/Users/peper/OneDrive/ドキュメント/柴原研究室/www.omu.ac.jp/eng/shibahara/info/news/entry-99087.html]
[C:/Users/peper/OneDrive/ドキュメント/柴原研究室/www.omu.ac.jp/eng/shibahara/assets/attachmentfile/attachmentfile-file-84006.jpg]
[C:/Users/peper/OneDrive/ドキュメント/柴原研究室/www.omu.ac.jp/eng/shibahara/assets/LINE_ALBUM_20251205_251207_46.jpg]
[C:/Users/peper/OneDrive/ドキュメント/柴原研究室/www.omu.ac.jp/eng/shibahara/assets/Image4_17.jpg]
[C:/Users/peper/OneDrive/ドキュメント/柴原研究室/www.omu.ac.jp/eng/shibahara/assets/sdafee.jpg]
[C:/Users/peper/OneDrive/ドキュメント/柴原研究室/www.omu.ac.jp/eng/shibahara/info/news/entry-97955.html]
[C:/Users/peper/OneDrive/ドキュメント/柴原研究室/www.omu.ac.jp/eng/shibahara/assets/Image7_7.jpg]
[C:/Users/peper/OneDrive/ドキュメント/柴原研究室/www.omu.ac.jp/eng/shibahara/assets/Image5_16.jpg]
[C:/Users/peper/OneDrive/ドキュメント/柴原研究室/www.omu.ac.jp/eng/shibahara/assets/LINE_ALBUM_20251205_251207_50.jpg]
[C:/Users/peper/OneDrive/ドキュメント/柴原研究室/www.omu.ac.jp/eng/shibahara/assets/LINE_ALBUM_20251205_251207_39.jpg]
[C:/Users/peper/OneDrive/ドキュメント/柴原研究室/www.omu.ac.jp/eng/shibahara/info/news/entry-97954.html]
[C:/Users/peper/OneDrive/ドキュメント/柴原研究室/www.omu.ac.jp/eng/shibahara/assets/LINE_ALBUM_20251205_251207_3.jpg]
[C:/Users/peper/OneDrive/ドキュメント/柴原研究室/www.omu.ac.jp/eng/shibahara/assets/attachmentfile/attachmentfile-file-83748.jpg]
[C:/Users/peper/OneDrive/ドキュメント/柴原研究室/www.omu.ac.jp/eng/shibahara/assets/S__15015967_0.jpg]
[C:/Users/peper/OneDrive/ドキュメント/柴原研究室/www.omu.ac.jp/eng/shibahara/assets/S__15015960_0.jpg]
[C:/Users/peper/OneDrive/ドキュメント/柴原研究室/www.omu.ac.jp/eng/shibahara/info/news/entry-97902.html]
[C:/Users/peper/OneDrive/ドキュメント/柴原研究室/www.omu.ac.jp/eng/shibahara/assets/S__15015963_0.jpg]
[C:/Users/peper/OneDrive/ドキュメント/柴原研究室/www.omu.ac.jp/eng/shibahara/assets/S__15015968_0.jpg]
[C:/Users/peper/OneDrive/ドキュメント/柴原研究室/www.omu.ac.jp/eng/shibahara/assets/S__15015956_0.jpg]
[C:/Users/peper/OneDrive/ドキュメント/柴原研究室/www.omu.ac.jp/eng/shibahara/assets/S__15015975_0.jpg]
[C:/Users/peper/OneDrive/ドキュメント/柴原研究室/www.omu.ac.jp/eng/shibahara/assets/S__15015957_0.jpg]
[C:/Users/peper/OneDrive/ドキュメント/柴原研究室/www.omu.ac.jp/eng/shibahara/assets/S__15015974_0.jpg]
[C:/Users/peper/OneDrive/ドキュメント/柴原研究室/www.omu.ac.jp/eng/shibahara/assets/S__15015979_0.jpg]
[C:/Users/peper/OneDrive/ドキュメント/柴原研究室/www.omu.ac.jp/eng/shibahara/assets/S__15015969_0.jpg]
[C:/Users/peper/OneDrive/ドキュメント/柴原研究室/www.omu.ac.jp/eng/shibahara/info/news/entry-97892.html]
[C:/Users/peper/OneDrive/ドキュメント/柴原研究室/www.omu.ac.jp/eng/shibahara/assets/S__15015971_0.jpg]
[C:/Users/peper/OneDrive/ドキュメント/柴原研究室/www.omu.ac.jp/eng/shibahara/assets/attachmentfile/attachmentfile-file-83534.jpg]
[C:/Users/peper/OneDrive/ドキュメント/柴原研究室/www.omu.ac.jp/eng/shibahara/assets/S__15015972_0.jpg]
[C:/Users/peper/OneDrive/ドキュメント/柴原研究室/www.omu.ac.jp/eng/shibahara/assets/S__14917657_0.jpg]
[C:/Users/peper/OneDrive/ドキュメント/柴原研究室/www.omu.ac.jp/eng/shibahara/assets/S__14917659_0.jpg]
[C:/Users/peper/OneDrive/ドキュメント/柴原研究室/www.omu.ac.jp/eng/shibahara/assets/S__14917658_0.jpg]
[C:/Users/peper/OneDrive/ドキュメント/柴原研究室/www.omu.ac.jp/eng/shibahara/assets/S__14917655_0.jpg]
[C:/Users/peper/OneDrive/ドキュメント/柴原研究室/www.omu.ac.jp/eng/shibahara/assets/S__14917653_0.jpg]
[C:/Users/peper/OneDrive/ドキュメント/柴原研究室/www.omu.ac.jp/eng/shibahara/info/news/entry-97769.html]
[C:/Users/peper/OneDrive/ドキュメント/柴原研究室/www.omu.ac.jp/eng/shibahara/assets/S__14917648_0.jpg]
[C:/Users/peper/OneDrive/ドキュメント/柴原研究室/www.omu.ac.jp/eng/shibahara/assets/S__14917651_0.jpg]
[C:/Users/peper/OneDrive/ドキュメント/柴原研究室/www.omu.ac.jp/eng/shibahara/assets/attachmentfile/attachmentfile-file-83134.jpg]
[C:/Users/peper/OneDrive/ドキュメント/柴原研究室/www.omu.ac.jp/eng/shibahara/assets/LINE_ALBUM_1_250901_257_1.jpg]
[C:/Users/peper/OneDrive/ドキュメント/柴原研究室/www.omu.ac.jp/eng/shibahara/info/news/entry-97217.html]
[C:/Users/peper/OneDrive/ドキュメント/柴原研究室/www.omu.ac.jp/eng/shibahara/assets/LINE_ALBUM_1_250901_106_1.jpg]
[C:/Users/peper/OneDrive/ドキュメント/柴原研究室/www.omu.ac.jp/eng/shibahara/assets/asdfee33_1.jpg]
[C:/Users/peper/OneDrive/ドキュメント/柴原研究室/www.omu.ac.jp/eng/shibahara/assets/ase334d.jpg]
[C:/Users/peper/OneDrive/ドキュメント/柴原研究室/www.omu.ac.jp/eng/shibahara/assets/attachmentfile/attachmentfile-file-83125.jpg]
[C:/Users/peper/OneDrive/ドキュメント/柴原研究室/www.omu.ac.jp/eng/shibahara/info/news/entry-96867.html]
[C:/Users/peper/OneDrive/ドキュメント/柴原研究室/www.omu.ac.jp/eng/shibahara/assets/asee334.jpg]
[C:/Users/peper/OneDrive/ドキュメント/柴原研究室/www.omu.ac.jp/eng/shibahara/assets/asee3.jpg]
[C:/Users/peper/OneDrive/ドキュメント/柴原研究室/www.omu.ac.jp/eng/shibahara/assets/Image3_17.jpg]
[C:/Users/peper/OneDrive/ドキュメント/柴原研究室/www.omu.ac.jp/eng/shibahara/assets/Image6_15.jpg]
[C:/Users/peper/OneDrive/ドキュメント/柴原研究室/www.omu.ac.jp/eng/shibahara/info/news/entry-95888.html]
[C:/Users/peper/OneDrive/ドキュメント/柴原研究室/www.omu.ac.jp/eng/shibahara/assets/SCAN0004.jpg]
[C:/Users/peper/OneDrive/ドキュメント/柴原研究室/www.omu.ac.jp/eng/shibahara/assets/SCAN0005.jpg]
[C:/Users/peper/OneDrive/ドキュメント/柴原研究室/www.omu.ac.jp/eng/shibahara/assets/attachmentfile/attachmentfile-file-83092.jpg]
[C:/Users/peper/OneDrive/ドキュメント/柴原研究室/www.omu.ac.jp/eng/shibahara/assets/Image3_15.jpg]
[C:/Users/peper/OneDrive/ドキュメント/柴原研究室/www.omu.ac.jp/eng/shibahara/info/news/entry-95586.html]
[C:/Users/peper/OneDrive/ドキュメント/柴原研究室/www.omu.ac.jp/eng/shibahara/assets/Image5_14.jpg]
[C:/Users/peper/OneDrive/ドキュメント/柴原研究室/www.omu.ac.jp/eng/shibahara/assets/Image4_14.jpg]
[C:/Users/peper/OneDrive/ドキュメント/柴原研究室/www.omu.ac.jp/eng/shibahara/assets/Image6_14.jpg]
[C:/Users/peper/OneDrive/ドキュメント/柴原研究室/www.omu.ac.jp/eng/shibahara/assets/attachmentfile/attachmentfile-file-82762.jpg]
[C:/Users/peper/OneDrive/ドキュメント/柴原研究室/www.omu.ac.jp/eng/shibahara/assets/Image2_21.jpg]
[C:/Users/peper/OneDrive/ドキュメント/柴原研究室/www.omu.ac.jp/eng/shibahara/assets/LINE_ALBUM_20251114 前田慎太郎特任助教(テクノラボツアー@アイサイトなんば)_251115_5.jpg]
[C:/Users/peper/OneDrive/ドキュメント/柴原研究室/www.omu.ac.jp/eng/shibahara/assets/LINE_ALBUM_20251114 前田慎太郎特任助教(テクノラボツアー@アイサイトなんば)_251115_17.jpg]
[C:/Users/peper/OneDrive/ドキュメント/柴原研究室/www.omu.ac.jp/eng/shibahara/assets/LINE_ALBUM_20251114 前田慎太郎特任助教(テクノラボツアー@アイサイトなんば)_251115_15.jpg]
[C:/Users/peper/OneDrive/ドキュメント/柴原研究室/www.omu.ac.jp/eng/shibahara/info/news/entry-95215.html]
[C:/Users/peper/OneDrive/ドキュメント/柴原研究室/www.omu.ac.jp/eng/shibahara/assets/attachmentfile/attachmentfile-file-82697.jpg]
[C:/Users/peper/OneDrive/ドキュメント/柴原研究室/www.omu.ac.jp/eng/shibahara/assets/34rff.jpg]
[C:/Users/peper/OneDrive/ドキュメント/柴原研究室/www.omu.ac.jp/eng/shibahara/assets/attachmentfile/attachmentfile-file-82295.jpg]
[C:/Users/peper/OneDrive/ドキュメント/柴原研究室/www.omu.ac.jp/eng/shibahara/assets/Image1_23.jpg]
[C:/Users/peper/OneDrive/ドキュメント/柴原研究室/www.omu.ac.jp/eng/shibahara/info/news/entry-94878.html]
[C:/Users/peper/OneDrive/ドキュメント/柴原研究室/www.omu.ac.jp/eng/shibahara/assets/attachmentfile/attachmentfile-file-82110.jpg]
[C:/Users/peper/OneDrive/ドキュメント/柴原研究室/www.omu.ac.jp/eng/shibahara/assets/S__23347203_0.jpg]
[C:/Users/peper/OneDrive/ドキュメント/柴原研究室/www.omu.ac.jp/eng/shibahara/assets/dfee.jpg]
[C:/Users/peper/OneDrive/ドキュメント/柴原研究室/www.omu.ac.jp/eng/shibahara/assets/Image5_13.jpg]
[C:/Users/peper/OneDrive/ドキュメント/柴原研究室/www.omu.ac.jp/eng/shibahara/info/news/entry-94778.html]
[C:/Users/peper/OneDrive/ドキュメント/柴原研究室/www.omu.ac.jp/eng/shibahara/assets/Image1_22.jpg]
[C:/Users/peper/OneDrive/ドキュメント/柴原研究室/www.omu.ac.jp/eng/shibahara/assets/Image2_20.jpg]
[C:/Users/peper/OneDrive/ドキュメント/柴原研究室/www.omu.ac.jp/eng/shibahara/assets/Image4_13.jpg]
[C:/Users/peper/OneDrive/ドキュメント/柴原研究室/www.omu.ac.jp/eng/shibahara/assets/Image3_14.jpg]
[C:/Users/peper/OneDrive/ドキュメント/柴原研究室/www.omu.ac.jp/eng/shibahara/info/news/entry-94749.html]
[C:/Users/peper/OneDrive/ドキュメント/柴原研究室/www.omu.ac.jp/eng/shibahara/assets/Image10.jpg]
[C:/Users/peper/OneDrive/ドキュメント/柴原研究室/www.omu.ac.jp/eng/shibahara/assets/attachmentfile/attachmentfile-file-81790.jpg]
[C:/Users/peper/OneDrive/ドキュメント/柴原研究室/www.omu.ac.jp/eng/shibahara/assets/S__16318474_0.jpg]
[C:/Users/peper/OneDrive/ドキュメント/柴原研究室/www.omu.ac.jp/eng/shibahara/assets/Image1_21.jpg]
[C:/Users/peper/OneDrive/ドキュメント/柴原研究室/www.omu.ac.jp/eng/shibahara/assets/S__16318469_0.jpg]
[C:/Users/peper/OneDrive/ドキュメント/柴原研究室/www.omu.ac.jp/eng/shibahara/assets/S__16318473_0.jpg]
[C:/Users/peper/OneDrive/ドキュメント/柴原研究室/www.omu.ac.jp/eng/shibahara/assets/attachmentfile/attachmentfile-file-81550.jpg]
[C:/Users/peper/OneDrive/ドキュメント/柴原研究室/www.omu.ac.jp/eng/shibahara/assets/Image1_19.jpg]
[C:/Users/peper/OneDrive/ドキュメント/柴原研究室/www.omu.ac.jp/eng/shibahara/info/news/entry-94199.html]
[C:/Users/peper/OneDrive/ドキュメント/柴原研究室/www.omu.ac.jp/eng/shibahara/assets/attachmentfile/attachmentfile-file-81421.jpg]
[C:/Users/peper/OneDrive/ドキュメント/柴原研究室/www.omu.ac.jp/eng/shibahara/assets/Image1_18.jpg]
[C:/Users/peper/OneDrive/ドキュメント/柴原研究室/www.omu.ac.jp/eng/shibahara/assets/Image4_12.jpg]
[C:/Users/peper/OneDrive/ドキュメント/柴原研究室/www.omu.ac.jp/eng/shibahara/assets/Image2_19.jpg]
[C:/Users/peper/OneDrive/ドキュメント/柴原研究室/www.omu.ac.jp/eng/shibahara/info/news/entry-93726.html]
[C:/Users/peper/OneDrive/ドキュメント/柴原研究室/www.omu.ac.jp/eng/shibahara/assets/Image3_13.jpg]
[C:/Users/peper/OneDrive/ドキュメント/柴原研究室/www.omu.ac.jp/eng/shibahara/assets/attachmentfile/attachmentfile-file-81298.jpg]
[C:/Users/peper/OneDrive/ドキュメント/柴原研究室/www.omu.ac.jp/eng/shibahara/assets/Image3_11.jpg]
[C:/Users/peper/OneDrive/ドキュメント/柴原研究室/www.omu.ac.jp/eng/shibahara/assets/山邉賞状.jpg]
[C:/Users/peper/OneDrive/ドキュメント/柴原研究室/www.omu.ac.jp/eng/shibahara/info/news/entry-93727.html]
[C:/Users/peper/OneDrive/ドキュメント/柴原研究室/www.omu.ac.jp/eng/shibahara/assets/Image2_17.jpg]
[C:/Users/peper/OneDrive/ドキュメント/柴原研究室/www.omu.ac.jp/eng/shibahara/assets/Image4_10.jpg]
[C:/Users/peper/OneDrive/ドキュメント/柴原研究室/www.omu.ac.jp/eng/shibahara/assets/attachmentfile/attachmentfile-file-81273.jpg]
[C:/Users/peper/OneDrive/ドキュメント/柴原研究室/www.omu.ac.jp/eng/shibahara/assets/LINE_ALBUM_20251023_251024_1.jpg]
[C:/Users/peper/OneDrive/ドキュメント/柴原研究室/www.omu.ac.jp/eng/shibahara/info/news/entry-93725.html]
[C:/Users/peper/OneDrive/ドキュメント/柴原研究室/www.omu.ac.jp/eng/shibahara/assets/jkjss.jpg]
[C:/Users/peper/OneDrive/ドキュメント/柴原研究室/www.omu.ac.jp/eng/shibahara/assets/asde.jpg]
[C:/Users/peper/OneDrive/ドキュメント/柴原研究室/www.omu.ac.jp/eng/shibahara/assets/LINE_ALBUM_20251023_251024_2.jpg]
[C:/Users/peper/OneDrive/ドキュメント/柴原研究室/www.omu.ac.jp/eng/shibahara/assets/LINE_ALBUM_20251023_251024_5.jpg]
[C:/Users/peper/OneDrive/ドキュメント/柴原研究室/www.omu.ac.jp/eng/shibahara/assets/attachmentfile/attachmentfile-file-80806.jpg]
[C:/Users/peper/OneDrive/ドキュメント/柴原研究室/www.omu.ac.jp/eng/shibahara/assets/Image1_16.jpg]
[C:/Users/peper/OneDrive/ドキュメント/柴原研究室/www.omu.ac.jp/eng/shibahara/assets/attachmentfile/attachmentfile-file-80705.jpg]
[C:/Users/peper/OneDrive/ドキュメント/柴原研究室/www.omu.ac.jp/eng/shibahara/assets/LINE_ALBUM_1015-16_251017_9.jpg]
[C:/Users/peper/OneDrive/ドキュメント/柴原研究室/www.omu.ac.jp/eng/shibahara/info/news/entry-93715.html]
[C:/Users/peper/OneDrive/ドキュメント/柴原研究室/www.omu.ac.jp/eng/shibahara/assets/LINE_ALBUM_1015-16_251017_2.jpg]
[C:/Users/peper/OneDrive/ドキュメント/柴原研究室/www.omu.ac.jp/eng/shibahara/assets/LINE_ALBUM_1015-16_251017_1.jpg]
[C:/Users/peper/OneDrive/ドキュメント/柴原研究室/www.omu.ac.jp/eng/shibahara/assets/LINE_ALBUM_1015-16_251017_4.jpg]
[C:/Users/peper/OneDrive/ドキュメント/柴原研究室/www.omu.ac.jp/eng/shibahara/assets/LINE_ALBUM_1015-16_251017_3.jpg]
[C:/Users/peper/OneDrive/ドキュメント/柴原研究室/www.omu.ac.jp/eng/shibahara/assets/C39AA6F0-C326-4CA4-9BDF-383F9C390F94.jpg]
[C:/Users/peper/OneDrive/ドキュメント/柴原研究室/www.omu.ac.jp/eng/shibahara/assets/LINE_ALBUM_1015-16_251017_10.jpg]
[C:/Users/peper/OneDrive/ドキュメント/柴原研究室/www.omu.ac.jp/eng/shibahara/assets/attachmentfile/attachmentfile-file-80679.jpg]
[C:/Users/peper/OneDrive/ドキュメント/柴原研究室/www.omu.ac.jp/eng/shibahara/assets/55555.jpg]
[C:/Users/peper/OneDrive/ドキュメント/柴原研究室/www.omu.ac.jp/eng/shibahara/info/news/entry-93289.html]
[C:/Users/peper/OneDrive/ドキュメント/柴原研究室/www.omu.ac.jp/eng/shibahara/assets/jkhjkhj.jpg]
[C:/Users/peper/OneDrive/ドキュメント/柴原研究室/www.omu.ac.jp/eng/shibahara/assets/attachmentfile/attachmentfile-file-80417.jpg]
[C:/Users/peper/OneDrive/ドキュメント/柴原研究室/www.omu.ac.jp/eng/shibahara/assets/Image1_15.jpg]
[C:/Users/peper/OneDrive/ドキュメント/柴原研究室/www.omu.ac.jp/eng/shibahara/assets/LINE_ALBUM_20251012_251013_33.jpg]
[C:/Users/peper/OneDrive/ドキュメント/柴原研究室/www.omu.ac.jp/eng/shibahara/info/news/entry-93224.html]
[C:/Users/peper/OneDrive/ドキュメント/柴原研究室/www.omu.ac.jp/eng/shibahara/assets/LINE_ALBUM_20251012_251013_1.jpg]
[C:/Users/peper/OneDrive/ドキュメント/柴原研究室/www.omu.ac.jp/eng/shibahara/assets/LINE_ALBUM_20251012_251013_31.jpg]
[C:/Users/peper/OneDrive/ドキュメント/柴原研究室/www.omu.ac.jp/eng/shibahara/assets/LINE_ALBUM_20251012_251013_3.jpg]
[C:/Users/peper/OneDrive/ドキュメント/柴原研究室/www.omu.ac.jp/eng/shibahara/assets/LINE_ALBUM_20251012_251013_4.jpg]
[C:/Users/peper/OneDrive/ドキュメント/柴原研究室/www.omu.ac.jp/eng/shibahara/assets/LINE_ALBUM_20251012_251013_32.jpg]
[C:/Users/peper/OneDrive/ドキュメント/柴原研究室/www.omu.ac.jp/eng/shibahara/assets/LINE_ALBUM_20251012_251013_9.jpg]
[C:/Users/peper/OneDrive/ドキュメント/柴原研究室/www.omu.ac.jp/eng/shibahara/assets/attachmentfile/attachmentfile-file-80120.jpg]
[C:/Users/peper/OneDrive/ドキュメント/柴原研究室/www.omu.ac.jp/eng/shibahara/assets/messageImage_1759848933912.jpg]
[C:/Users/peper/OneDrive/ドキュメント/柴原研究室/www.omu.ac.jp/eng/shibahara/info/news/entry-93042.html]
[C:/Users/peper/OneDrive/ドキュメント/柴原研究室/www.omu.ac.jp/eng/shibahara/assets/attachmentfile/attachmentfile-file-80009.jpg]
[C:/Users/peper/OneDrive/ドキュメント/柴原研究室/www.omu.ac.jp/eng/shibahara/assets/Image1_14.jpg]
[C:/Users/peper/OneDrive/ドキュメント/柴原研究室/www.omu.ac.jp/eng/shibahara/assets/LINE_ALBUM_2025秋溶接学会_251007_3.jpg]
[C:/Users/peper/OneDrive/ドキュメント/柴原研究室/www.omu.ac.jp/eng/shibahara/assets/LINE_ALBUM_2025秋溶接学会_251007_2.jpg]
[C:/Users/peper/OneDrive/ドキュメント/柴原研究室/www.omu.ac.jp/eng/shibahara/assets/LINE_ALBUM_2025秋溶接学会_251007_4.jpg]
[C:/Users/peper/OneDrive/ドキュメント/柴原研究室/www.omu.ac.jp/eng/shibahara/assets/LINE_ALBUM_2025秋溶接学会_251007_1.jpg]
[C:/Users/peper/OneDrive/ドキュメント/柴原研究室/www.omu.ac.jp/eng/shibahara/assets/attachmentfile/attachmentfile-file-79842.jpg]
[C:/Users/peper/OneDrive/ドキュメント/柴原研究室/www.omu.ac.jp/eng/shibahara/assets/LINE_ALBUM_202509_251003_8.jpg]
[C:/Users/peper/OneDrive/ドキュメント/柴原研究室/www.omu.ac.jp/eng/shibahara/info/news/entry-92897.html]
[C:/Users/peper/OneDrive/ドキュメント/柴原研究室/www.omu.ac.jp/eng/shibahara/assets/Image5_11.jpg]
[C:/Users/peper/OneDrive/ドキュメント/柴原研究室/www.omu.ac.jp/eng/shibahara/assets/LINE_ALBUM_202509_251003_5.jpg]
[C:/Users/peper/OneDrive/ドキュメント/柴原研究室/www.omu.ac.jp/eng/shibahara/assets/LINE_ALBUM_202509_251003_3.jpg]
[C:/Users/peper/OneDrive/ドキュメント/柴原研究室/www.omu.ac.jp/eng/shibahara/assets/LINE_ALBUM_202509_251003_4.jpg]
[C:/Users/peper/OneDrive/ドキュメント/柴原研究室/www.omu.ac.jp/eng/shibahara/assets/LINE_ALBUM_202509_251003_2.jpg]
[C:/Users/peper/OneDrive/ドキュメント/柴原研究室/www.omu.ac.jp/eng/shibahara/assets/Image3_10.jpg]
[C:/Users/peper/OneDrive/ドキュメント/柴原研究室/www.omu.ac.jp/eng/shibahara/assets/LINE_ALBUM_202509_251003_7.jpg]
[C:/Users/peper/OneDrive/ドキュメント/柴原研究室/www.omu.ac.jp/eng/shibahara/assets/LINE_ALBUM_202509_251003_15.jpg]
[C:/Users/peper/OneDrive/ドキュメント/柴原研究室/www.omu.ac.jp/eng/shibahara/info/news/entry-91980.html]
[C:/Users/peper/OneDrive/ドキュメント/柴原研究室/www.omu.ac.jp/eng/shibahara/assets/attachmentfile/attachmentfile-file-79661.jpg]
[C:/Users/peper/OneDrive/ドキュメント/柴原研究室/www.omu.ac.jp/eng/shibahara/assets/Image2_15.jpg]
[C:/Users/peper/OneDrive/ドキュメント/柴原研究室/www.omu.ac.jp/eng/shibahara/assets/Image3_9.jpg]
[C:/Users/peper/OneDrive/ドキュメント/柴原研究室/www.omu.ac.jp/eng/shibahara/assets/attachmentfile/attachmentfile-file-78642.jpg]
[C:/Users/peper/OneDrive/ドキュメント/柴原研究室/www.omu.ac.jp/eng/shibahara/info/news/entry-91971.html]
[C:/Users/peper/OneDrive/ドキュメント/柴原研究室/www.omu.ac.jp/eng/shibahara/assets/Image5_9.jpg]
[C:/Users/peper/OneDrive/ドキュメント/柴原研究室/www.omu.ac.jp/eng/shibahara/assets/Image7_5.jpg]
[C:/Users/peper/OneDrive/ドキュメント/柴原研究室/www.omu.ac.jp/eng/shibahara/assets/Image (1)_1.jpg]
[C:/Users/peper/OneDrive/ドキュメント/柴原研究室/www.omu.ac.jp/eng/shibahara/assets/attachmentfile/attachmentfile-file-78635.jpg]
[C:/Users/peper/OneDrive/ドキュメント/柴原研究室/www.omu.ac.jp/eng/shibahara/info/news/entry-91956.html]
[C:/Users/peper/OneDrive/ドキュメント/柴原研究室/www.omu.ac.jp/eng/shibahara/assets/Image3_8.jpg]
[C:/Users/peper/OneDrive/ドキュメント/柴原研究室/www.omu.ac.jp/eng/shibahara/assets/S__12984373_0.jpg]
[C:/Users/peper/OneDrive/ドキュメント/柴原研究室/www.omu.ac.jp/eng/shibahara/assets/attachmentfile/attachmentfile-file-78631.jpg]
[C:/Users/peper/OneDrive/ドキュメント/柴原研究室/www.omu.ac.jp/eng/shibahara/assets/Image2_14.jpg]
[C:/Users/peper/OneDrive/ドキュメント/柴原研究室/www.omu.ac.jp/eng/shibahara/info/news/entry-91922.html]
[C:/Users/peper/OneDrive/ドキュメント/柴原研究室/www.omu.ac.jp/eng/shibahara/assets/attachmentfile/attachmentfile-file-78624.jpg]
[C:/Users/peper/OneDrive/ドキュメント/柴原研究室/www.omu.ac.jp/eng/shibahara/assets/606F9757-18AE-4C7D-980A-4F7EAD3B288C.jpg]
[C:/Users/peper/OneDrive/ドキュメント/柴原研究室/www.omu.ac.jp/eng/shibahara/info/news/entry-90810.html]
[C:/Users/peper/OneDrive/ドキュメント/柴原研究室/www.omu.ac.jp/eng/shibahara/assets/attachmentfile/attachmentfile-file-77576.jpg]
[C:/Users/peper/OneDrive/ドキュメント/柴原研究室/www.omu.ac.jp/eng/shibahara/assets/Image1_13.jpg]
[C:/Users/peper/OneDrive/ドキュメント/柴原研究室/www.omu.ac.jp/eng/shibahara/assets/Image2_13.jpg]
[C:/Users/peper/OneDrive/ドキュメント/柴原研究室/www.omu.ac.jp/eng/shibahara/info/news/entry-90818.html]
[C:/Users/peper/OneDrive/ドキュメント/柴原研究室/www.omu.ac.jp/eng/shibahara/assets/attachmentfile/attachmentfile-file-77587.jpg]
[C:/Users/peper/OneDrive/ドキュメント/柴原研究室/www.omu.ac.jp/eng/shibahara/assets/LINE_ALBUM_1_250901_369.jpg]
[C:/Users/peper/OneDrive/ドキュメント/柴原研究室/www.omu.ac.jp/eng/shibahara/assets/LINE_ALBUM_1_250901_301.jpg]
[C:/Users/peper/OneDrive/ドキュメント/柴原研究室/www.omu.ac.jp/eng/shibahara/assets/LINE_ALBUM_1_250901_405.jpg]
[C:/Users/peper/OneDrive/ドキュメント/柴原研究室/www.omu.ac.jp/eng/shibahara/info/news/entry-90814.html]
[C:/Users/peper/OneDrive/ドキュメント/柴原研究室/www.omu.ac.jp/eng/shibahara/assets/LINE_ALBUM_1_250901_257.jpg]
[C:/Users/peper/OneDrive/ドキュメント/柴原研究室/www.omu.ac.jp/eng/shibahara/assets/LINE_ALBUM_1_250901_491.jpg]
[C:/Users/peper/OneDrive/ドキュメント/柴原研究室/www.omu.ac.jp/eng/shibahara/assets/LINE_ALBUM_1_250901_512.jpg]
[C:/Users/peper/OneDrive/ドキュメント/柴原研究室/www.omu.ac.jp/eng/shibahara/assets/LINE_ALBUM_1_250901_106.jpg]
[C:/Users/peper/OneDrive/ドキュメント/柴原研究室/www.omu.ac.jp/eng/shibahara/info/news/entry-90904.html]
[C:/Users/peper/OneDrive/ドキュメント/柴原研究室/www.omu.ac.jp/eng/shibahara/assets/LINE_ALBUM_1_250901_427.jpg]
[C:/Users/peper/OneDrive/ドキュメント/柴原研究室/www.omu.ac.jp/eng/shibahara/assets/attachmentfile/attachmentfile-file-77581.jpg]
[C:/Users/peper/OneDrive/ドキュメント/柴原研究室/www.omu.ac.jp/eng/shibahara/assets/S__12673094.jpg]
[C:/Users/peper/OneDrive/ドキュメント/柴原研究室/www.omu.ac.jp/eng/shibahara/assets/attachmentfile/attachmentfile-file-77681.jpg]
[C:/Users/peper/OneDrive/ドキュメント/柴原研究室/www.omu.ac.jp/eng/shibahara/info/news/entry-90809.html]
[C:/Users/peper/OneDrive/ドキュメント/柴原研究室/www.omu.ac.jp/eng/shibahara/assets/Image5_8.jpg]
[C:/Users/peper/OneDrive/ドキュメント/柴原研究室/www.omu.ac.jp/eng/shibahara/assets/Image2_12.jpg]
[C:/Users/peper/OneDrive/ドキュメント/柴原研究室/www.omu.ac.jp/eng/shibahara/assets/attachmentfile/attachmentfile-file-77574.jpg]
[C:/Users/peper/OneDrive/ドキュメント/柴原研究室/www.omu.ac.jp/eng/shibahara/assets/LINE_ALBUM_20250825 2日目_250901_36.jpg]
[C:/Users/peper/OneDrive/ドキュメント/柴原研究室/www.omu.ac.jp/eng/shibahara/assets/LINE_ALBUM_20250825 2日目_250901_174.jpg]
[C:/Users/peper/OneDrive/ドキュメント/柴原研究室/www.omu.ac.jp/eng/shibahara/assets/LINE_ALBUM_20250825 2日目_250901_168.jpg]
[C:/Users/peper/OneDrive/ドキュメント/柴原研究室/www.omu.ac.jp/eng/shibahara/assets/LINE_ALBUM_20250825 2日目_250901_96.jpg]
[C:/Users/peper/OneDrive/ドキュメント/柴原研究室/www.omu.ac.jp/eng/shibahara/assets/attachmentfile/attachmentfile-file-75936.jpg]
[C:/Users/peper/OneDrive/ドキュメント/柴原研究室/www.omu.ac.jp/eng/shibahara/info/news/entry-89655.html]
[C:/Users/peper/OneDrive/ドキュメント/柴原研究室/www.omu.ac.jp/eng/shibahara/assets/sdeeg.jpg]
[C:/Users/peper/OneDrive/ドキュメント/柴原研究室/www.omu.ac.jp/eng/shibahara/assets/degrsd.jpg]
[C:/Users/peper/OneDrive/ドキュメント/柴原研究室/www.omu.ac.jp/eng/shibahara/info/news/entry-89209.html]
[C:/Users/peper/OneDrive/ドキュメント/柴原研究室/www.omu.ac.jp/eng/shibahara/assets/attachmentfile/attachmentfile-file-75410.jpg]
[C:/Users/peper/OneDrive/ドキュメント/柴原研究室/www.omu.ac.jp/eng/shibahara/assets/Image1_11.jpg]
[C:/Users/peper/OneDrive/ドキュメント/柴原研究室/www.omu.ac.jp/eng/shibahara/info/news/entry-89652.html]
[C:/Users/peper/OneDrive/ドキュメント/柴原研究室/www.omu.ac.jp/eng/shibahara/assets/attachmentfile/attachmentfile-file-75931.jpg]
[C:/Users/peper/OneDrive/ドキュメント/柴原研究室/www.omu.ac.jp/eng/shibahara/assets/’25.07,28 公明新聞電子版(6面)拡大.jpg]
[C:/Users/peper/OneDrive/ドキュメント/柴原研究室/www.omu.ac.jp/eng/shibahara/info/news/entry-89207.html]
[C:/Users/peper/OneDrive/ドキュメント/柴原研究室/www.omu.ac.jp/eng/shibahara/assets/attachmentfile/attachmentfile-file-75408.jpg]
[C:/Users/peper/OneDrive/ドキュメント/柴原研究室/www.omu.ac.jp/eng/shibahara/assets/Image3_4.jpg]
[C:/Users/peper/OneDrive/ドキュメント/柴原研究室/www.omu.ac.jp/eng/shibahara/info/news/entry-89778.html]
[C:/Users/peper/OneDrive/ドキュメント/柴原研究室/www.omu.ac.jp/eng/shibahara/assets/attachmentfile/attachmentfile-file-76662.jpg]
[C:/Users/peper/OneDrive/ドキュメント/柴原研究室/www.omu.ac.jp/eng/shibahara/assets/daergtte.jpg]
[C:/Users/peper/OneDrive/ドキュメント/柴原研究室/www.omu.ac.jp/eng/shibahara/info/news/entry-89483.html]
[C:/Users/peper/OneDrive/ドキュメント/柴原研究室/www.omu.ac.jp/eng/shibahara/assets/attachmentfile/attachmentfile-file-75633.jpg]
[C:/Users/peper/OneDrive/ドキュメント/柴原研究室/www.omu.ac.jp/eng/shibahara/assets/Image3_5.jpg]
[C:/Users/peper/OneDrive/ドキュメント/柴原研究室/www.omu.ac.jp/eng/shibahara/assets/Image5_7.jpg]
[C:/Users/peper/OneDrive/ドキュメント/柴原研究室/www.omu.ac.jp/eng/shibahara/assets/Image4_8.jpg]
[C:/Users/peper/OneDrive/ドキュメント/柴原研究室/www.omu.ac.jp/eng/shibahara/info/news/entry-89477.html]
[C:/Users/peper/OneDrive/ドキュメント/柴原研究室/www.omu.ac.jp/eng/shibahara/assets/Image2_11.jpg]
[C:/Users/peper/OneDrive/ドキュメント/柴原研究室/www.omu.ac.jp/eng/shibahara/assets/Image6_11.jpg]
[C:/Users/peper/OneDrive/ドキュメント/柴原研究室/www.omu.ac.jp/eng/shibahara/assets/attachmentfile/attachmentfile-file-75626.jpg]
[C:/Users/peper/OneDrive/ドキュメント/柴原研究室/www.omu.ac.jp/eng/shibahara/assets/64336_0.jpg]
[C:/Users/peper/OneDrive/ドキュメント/柴原研究室/www.omu.ac.jp/eng/shibahara/info/news/entry-89467.html]
[C:/Users/peper/OneDrive/ドキュメント/柴原研究室/www.omu.ac.jp/eng/shibahara/assets/64335_0.jpg]
[C:/Users/peper/OneDrive/ドキュメント/柴原研究室/www.omu.ac.jp/eng/shibahara/assets/64337_0.jpg]
[C:/Users/peper/OneDrive/ドキュメント/柴原研究室/www.omu.ac.jp/eng/shibahara/assets/64334_0.jpg]
[C:/Users/peper/OneDrive/ドキュメント/柴原研究室/www.omu.ac.jp/eng/shibahara/assets/64333_0.jpg]
[C:/Users/peper/OneDrive/ドキュメント/柴原研究室/www.omu.ac.jp/eng/shibahara/assets/64332_0.jpg]
[C:/Users/peper/OneDrive/ドキュメント/柴原研究室/www.omu.ac.jp/eng/shibahara/assets/S__14114873_0.jpg]
[C:/Users/peper/OneDrive/ドキュメント/柴原研究室/www.omu.ac.jp/eng/shibahara/assets/attachmentfile/attachmentfile-file-75620.jpg]
[C:/Users/peper/OneDrive/ドキュメント/柴原研究室/www.omu.ac.jp/eng/shibahara/assets/LINE_ALBUM_20250809_250810_63.jpg]
[C:/Users/peper/OneDrive/ドキュメント/柴原研究室/www.omu.ac.jp/eng/shibahara/info/news/entry-89439.html]
[C:/Users/peper/OneDrive/ドキュメント/柴原研究室/www.omu.ac.jp/eng/shibahara/assets/LINE_ALBUM_20250810_250810_22.jpg]
[C:/Users/peper/OneDrive/ドキュメント/柴原研究室/www.omu.ac.jp/eng/shibahara/assets/LINE_ALBUM_20250810_250810_3.jpg]
[C:/Users/peper/OneDrive/ドキュメント/柴原研究室/www.omu.ac.jp/eng/shibahara/assets/LINE_ALBUM_20250810_250810_53.jpg]
[C:/Users/peper/OneDrive/ドキュメント/柴原研究室/www.omu.ac.jp/eng/shibahara/assets/LINE_ALBUM_20250810_250810_35.jpg]
[C:/Users/peper/OneDrive/ドキュメント/柴原研究室/www.omu.ac.jp/eng/shibahara/assets/LINE_ALBUM_20250810_250810_17.jpg]
[C:/Users/peper/OneDrive/ドキュメント/柴原研究室/www.omu.ac.jp/eng/shibahara/assets/LINE_ALBUM_20250810_250810_74.jpg]
[C:/Users/peper/OneDrive/ドキュメント/柴原研究室/www.omu.ac.jp/eng/shibahara/assets/LINE_ALBUM_20250810_250810_87.jpg]
[C:/Users/peper/OneDrive/ドキュメント/柴原研究室/www.omu.ac.jp/eng/shibahara/assets/LINE_ALBUM_20250810_250810_70.jpg]
[C:/Users/peper/OneDrive/ドキュメント/柴原研究室/www.omu.ac.jp/eng/shibahara/info/news/entry-89204.html]
[C:/Users/peper/OneDrive/ドキュメント/柴原研究室/www.omu.ac.jp/eng/shibahara/assets/attachmentfile/attachmentfile-file-75609.jpg]
[C:/Users/peper/OneDrive/ドキュメント/柴原研究室/www.omu.ac.jp/eng/shibahara/assets/LINE_ALBUM_20250809_250810_54.jpg]
[C:/Users/peper/OneDrive/ドキュメント/柴原研究室/www.omu.ac.jp/eng/shibahara/assets/LINE_ALBUM_20250809_250810_11.jpg]
[C:/Users/peper/OneDrive/ドキュメント/柴原研究室/www.omu.ac.jp/eng/shibahara/assets/LINE_ALBUM_20250809_250810_195.jpg]
[C:/Users/peper/OneDrive/ドキュメント/柴原研究室/www.omu.ac.jp/eng/shibahara/info/news/entry-88837.html]
[C:/Users/peper/OneDrive/ドキュメント/柴原研究室/www.omu.ac.jp/eng/shibahara/assets/LINE_ALBUM_20250809_250810_28.jpg]
[C:/Users/peper/OneDrive/ドキュメント/柴原研究室/www.omu.ac.jp/eng/shibahara/assets/attachmentfile/attachmentfile-file-75406.jpg]
[C:/Users/peper/OneDrive/ドキュメント/柴原研究室/www.omu.ac.jp/eng/shibahara/assets/Image2_10.jpg]
[C:/Users/peper/OneDrive/ドキュメント/柴原研究室/www.omu.ac.jp/eng/shibahara/assets/attachmentfile/attachmentfile-file-75172.jpg]
[C:/Users/peper/OneDrive/ドキュメント/柴原研究室/www.omu.ac.jp/eng/shibahara/info/news/entry-88312.html]
[C:/Users/peper/OneDrive/ドキュメント/柴原研究室/www.omu.ac.jp/eng/shibahara/assets/Image1_10.jpg]
[C:/Users/peper/OneDrive/ドキュメント/柴原研究室/www.omu.ac.jp/eng/shibahara/assets/SCAN0072.jpg]
[C:/Users/peper/OneDrive/ドキュメント/柴原研究室/www.omu.ac.jp/eng/shibahara/assets/SCAN0074.jpg]
[C:/Users/peper/OneDrive/ドキュメント/柴原研究室/www.omu.ac.jp/eng/shibahara/assets/SCAN0073.jpg]
[C:/Users/peper/OneDrive/ドキュメント/柴原研究室/www.omu.ac.jp/eng/shibahara/info/news/entry-87962.html]
[C:/Users/peper/OneDrive/ドキュメント/柴原研究室/www.omu.ac.jp/eng/shibahara/assets/LINE_ALBUM_20250730 保全学会(松江)_250804_94.jpg]
[C:/Users/peper/OneDrive/ドキュメント/柴原研究室/www.omu.ac.jp/eng/shibahara/assets/LINE_ALBUM_20250730 保全学会(松江)_250804_95.jpg]
[C:/Users/peper/OneDrive/ドキュメント/柴原研究室/www.omu.ac.jp/eng/shibahara/assets/LINE_ALBUM_20250730 保全学会(松江)_250804_96.jpg]
[C:/Users/peper/OneDrive/ドキュメント/柴原研究室/www.omu.ac.jp/eng/shibahara/assets/attachmentfile/attachmentfile-file-74867.jpg]
[C:/Users/peper/OneDrive/ドキュメント/柴原研究室/www.omu.ac.jp/eng/shibahara/info/news/entry-87714.html]
[C:/Users/peper/OneDrive/ドキュメント/柴原研究室/www.omu.ac.jp/eng/shibahara/assets/Image5_6.jpg]
[C:/Users/peper/OneDrive/ドキュメント/柴原研究室/www.omu.ac.jp/eng/shibahara/assets/Image6_8.jpg]
[C:/Users/peper/OneDrive/ドキュメント/柴原研究室/www.omu.ac.jp/eng/shibahara/assets/attachmentfile/attachmentfile-file-74675.jpg]
[C:/Users/peper/OneDrive/ドキュメント/柴原研究室/www.omu.ac.jp/eng/shibahara/assets/2.gif]
[C:/Users/peper/OneDrive/ドキュメント/柴原研究室/www.omu.ac.jp/eng/shibahara/assets/dee.jpg]
[C:/Users/peper/OneDrive/ドキュメント/柴原研究室/www.omu.ac.jp/eng/shibahara/assets/Image3_3.jpg]
[C:/Users/peper/OneDrive/ドキュメント/柴原研究室/www.omu.ac.jp/eng/shibahara/assets/attachmentfile/attachmentfile-file-74463.jpg]
[C:/Users/peper/OneDrive/ドキュメント/柴原研究室/www.omu.ac.jp/eng/shibahara/assets/LINE_ALBUM_サノヤス造船所見学_250720_1.jpg]
[C:/Users/peper/OneDrive/ドキュメント/柴原研究室/www.omu.ac.jp/eng/shibahara/info/news/entry-87362.html]
[C:/Users/peper/OneDrive/ドキュメント/柴原研究室/www.omu.ac.jp/eng/shibahara/assets/Image1_9.jpg]
[C:/Users/peper/OneDrive/ドキュメント/柴原研究室/www.omu.ac.jp/eng/shibahara/assets/LINE_ALBUM_サノヤス造船所見学_250720_7.jpg]
[C:/Users/peper/OneDrive/ドキュメント/柴原研究室/www.omu.ac.jp/eng/shibahara/assets/LINE_ALBUM_サノヤス造船所見学_250720_3.jpg]
[C:/Users/peper/OneDrive/ドキュメント/柴原研究室/www.omu.ac.jp/eng/shibahara/assets/LINE_ALBUM_サノヤス造船所見学_250720_5.jpg]
[C:/Users/peper/OneDrive/ドキュメント/柴原研究室/www.omu.ac.jp/eng/shibahara/assets/LINE_ALBUM_サノヤス造船所見学_250720_9.jpg]
[C:/Users/peper/OneDrive/ドキュメント/柴原研究室/www.omu.ac.jp/eng/shibahara/assets/LINE_ALBUM_サノヤス造船所見学_250720_8.jpg]
[C:/Users/peper/OneDrive/ドキュメント/柴原研究室/www.omu.ac.jp/eng/shibahara/assets/LINE_ALBUM_サノヤス造船所見学_250720_4.jpg]
[C:/Users/peper/OneDrive/ドキュメント/柴原研究室/www.omu.ac.jp/eng/shibahara/assets/attachmentfile/attachmentfile-file-73998.jpg]
[C:/Users/peper/OneDrive/ドキュメント/柴原研究室/www.omu.ac.jp/eng/shibahara/info/news/entry-87085.html]
[C:/Users/peper/OneDrive/ドキュメント/柴原研究室/www.omu.ac.jp/eng/shibahara/assets/Image2_9.jpg]
[C:/Users/peper/OneDrive/ドキュメント/柴原研究室/www.omu.ac.jp/eng/shibahara/assets/Image1_8.jpg]
[C:/Users/peper/OneDrive/ドキュメント/柴原研究室/www.omu.ac.jp/eng/shibahara/assets/LINE_ALBUM_20250710_250713_12.jpg]
[C:/Users/peper/OneDrive/ドキュメント/柴原研究室/www.omu.ac.jp/eng/shibahara/assets/LINE_ALBUM_20250710_250713_1_1.mp4]
[C:/Users/peper/OneDrive/ドキュメント/柴原研究室/www.omu.ac.jp/eng/shibahara/info/news/entry-86741.html]
[C:/Users/peper/OneDrive/ドキュメント/柴原研究室/www.omu.ac.jp/eng/shibahara/assets/attachmentfile/attachmentfile-file-73598.jpg]
[C:/Users/peper/OneDrive/ドキュメント/柴原研究室/www.omu.ac.jp/eng/shibahara/assets/eeddge.jpg]
[C:/Users/peper/OneDrive/ドキュメント/柴原研究室/www.omu.ac.jp/eng/shibahara/assets/attachmentfile/attachmentfile-file-73265.jpg]
[C:/Users/peper/OneDrive/ドキュメント/柴原研究室/www.omu.ac.jp/eng/shibahara/assets/WAAM.mp4]
[C:/Users/peper/OneDrive/ドキュメント/柴原研究室/www.omu.ac.jp/eng/shibahara/info/news/entry-86532.html]
[C:/Users/peper/OneDrive/ドキュメント/柴原研究室/www.omu.ac.jp/eng/shibahara/assets/LineHeating.mp4]
[C:/Users/peper/OneDrive/ドキュメント/柴原研究室/www.omu.ac.jp/eng/shibahara/assets/LINE_ALBUM_630_250701_1.jpg]
[C:/Users/peper/OneDrive/ドキュメント/柴原研究室/www.omu.ac.jp/eng/shibahara/assets/LINE_ALBUM_630_250701_2.jpg]
[C:/Users/peper/OneDrive/ドキュメント/柴原研究室/www.omu.ac.jp/eng/shibahara/assets/S__12476574_0.jpg]
[C:/Users/peper/OneDrive/ドキュメント/柴原研究室/www.omu.ac.jp/eng/shibahara/info/news/entry-86527.html]
[C:/Users/peper/OneDrive/ドキュメント/柴原研究室/www.omu.ac.jp/eng/shibahara/assets/15465.jpg]
[C:/Users/peper/OneDrive/ドキュメント/柴原研究室/www.omu.ac.jp/eng/shibahara/assets/attachmentfile/attachmentfile-file-73023.jpg]
[C:/Users/peper/OneDrive/ドキュメント/柴原研究室/www.omu.ac.jp/eng/shibahara/assets/S__11542533_0.jpg]
[C:/Users/peper/OneDrive/ドキュメント/柴原研究室/www.omu.ac.jp/eng/shibahara/assets/S__11542532_0.jpg]
[C:/Users/peper/OneDrive/ドキュメント/柴原研究室/www.omu.ac.jp/eng/shibahara/assets/S__11542534_0.jpg]
[C:/Users/peper/OneDrive/ドキュメント/柴原研究室/www.omu.ac.jp/eng/shibahara/assets/S__11542535_0.jpg]
[C:/Users/peper/OneDrive/ドキュメント/柴原研究室/www.omu.ac.jp/eng/shibahara/assets/S__11542536_0.jpg]
[C:/Users/peper/OneDrive/ドキュメント/柴原研究室/www.omu.ac.jp/eng/shibahara/assets/S__11526151.jpg]
[C:/Users/peper/OneDrive/ドキュメント/柴原研究室/www.omu.ac.jp/eng/shibahara/info/news/entry-85395.html]
[C:/Users/peper/OneDrive/ドキュメント/柴原研究室/www.omu.ac.jp/eng/shibahara/assets/S__11542530_0.jpg]
[C:/Users/peper/OneDrive/ドキュメント/柴原研究室/www.omu.ac.jp/eng/shibahara/assets/Image1_7.jpg]
[C:/Users/peper/OneDrive/ドキュメント/柴原研究室/www.omu.ac.jp/eng/shibahara/assets/attachmentfile/attachmentfile-file-71697.jpg]
[C:/Users/peper/OneDrive/ドキュメント/柴原研究室/www.omu.ac.jp/eng/shibahara/assets/LINE_ALBUM_2025,610関西万博旅_250612_2.jpg]
[C:/Users/peper/OneDrive/ドキュメント/柴原研究室/www.omu.ac.jp/eng/shibahara/assets/LINE_ALBUM_2025,610関西万博旅_250612_1.jpg]
[C:/Users/peper/OneDrive/ドキュメント/柴原研究室/www.omu.ac.jp/eng/shibahara/assets/LINE_ALBUM_2025,610関西万博旅_250612_3.jpg]
[C:/Users/peper/OneDrive/ドキュメント/柴原研究室/www.omu.ac.jp/eng/shibahara/assets/LINE_ALBUM_2025,610関西万博旅_250612_11.jpg]
[C:/Users/peper/OneDrive/ドキュメント/柴原研究室/www.omu.ac.jp/eng/shibahara/assets/LINE_ALBUM_2025,610関西万博旅_250612_4.jpg]
[C:/Users/peper/OneDrive/ドキュメント/柴原研究室/www.omu.ac.jp/eng/shibahara/info/news/entry-86009.html]
[C:/Users/peper/OneDrive/ドキュメント/柴原研究室/www.omu.ac.jp/eng/shibahara/assets/LINE_ALBUM_2025,610関西万博旅_250612_12.jpg]
[C:/Users/peper/OneDrive/ドキュメント/柴原研究室/www.omu.ac.jp/eng/shibahara/assets/LINE_ALBUM_2025,610関西万博旅_250612_6.jpg]
[C:/Users/peper/OneDrive/ドキュメント/柴原研究室/www.omu.ac.jp/eng/shibahara/assets/attachmentfile/attachmentfile-file-72569.jpg]
[C:/Users/peper/OneDrive/ドキュメント/柴原研究室/www.omu.ac.jp/eng/shibahara/assets/Image2_7.jpg]
[C:/Users/peper/OneDrive/ドキュメント/柴原研究室/www.omu.ac.jp/eng/shibahara/assets/attachmentfile/attachmentfile-file-71691.jpg]
[C:/Users/peper/OneDrive/ドキュメント/柴原研究室/www.omu.ac.jp/eng/shibahara/assets/asdfae.jpg]
[C:/Users/peper/OneDrive/ドキュメント/柴原研究室/www.omu.ac.jp/eng/shibahara/info/news/entry-85392.html]
[C:/Users/peper/OneDrive/ドキュメント/柴原研究室/www.omu.ac.jp/eng/shibahara/info/news/entry-85311.html]
[C:/Users/peper/OneDrive/ドキュメント/柴原研究室/www.omu.ac.jp/eng/shibahara/assets/attachmentfile/attachmentfile-file-71585.jpg]
[C:/Users/peper/OneDrive/ドキュメント/柴原研究室/www.omu.ac.jp/eng/shibahara/assets/Image2-113-768x7771_1.jpg]
[C:/Users/peper/OneDrive/ドキュメント/柴原研究室/www.omu.ac.jp/eng/shibahara/info/news/entry-85173.html]
[C:/Users/peper/OneDrive/ドキュメント/柴原研究室/www.omu.ac.jp/eng/shibahara/assets/attachmentfile/attachmentfile-file-71452.jpg]
[C:/Users/peper/OneDrive/ドキュメント/柴原研究室/www.omu.ac.jp/eng/shibahara/assets/Image4_7.jpg]
[C:/Users/peper/OneDrive/ドキュメント/柴原研究室/www.omu.ac.jp/eng/shibahara/info/news/entry-84902.html]
[C:/Users/peper/OneDrive/ドキュメント/柴原研究室/www.omu.ac.jp/eng/shibahara/assets/attachmentfile/attachmentfile-file-71159.jpg]
[C:/Users/peper/OneDrive/ドキュメント/柴原研究室/www.omu.ac.jp/eng/shibahara/assets/Image1_6.jpg]
[C:/Users/peper/OneDrive/ドキュメント/柴原研究室/www.omu.ac.jp/eng/shibahara/info/news/entry-84644.html]
[C:/Users/peper/OneDrive/ドキュメント/柴原研究室/www.omu.ac.jp/eng/shibahara/assets/attachmentfile/attachmentfile-file-70934.jpg]
[C:/Users/peper/OneDrive/ドキュメント/柴原研究室/www.omu.ac.jp/eng/shibahara/assets/port3.jpg]
[C:/Users/peper/OneDrive/ドキュメント/柴原研究室/www.omu.ac.jp/eng/shibahara/info/news/entry-84491.html]
[C:/Users/peper/OneDrive/ドキュメント/柴原研究室/www.omu.ac.jp/eng/shibahara/assets/attachmentfile/attachmentfile-file-70851.jpg]
[C:/Users/peper/OneDrive/ドキュメント/柴原研究室/www.omu.ac.jp/eng/shibahara/assets/dwed.jpg]
[C:/Users/peper/OneDrive/ドキュメント/柴原研究室/www.omu.ac.jp/eng/shibahara/assets/29.jpg]
[C:/Users/peper/OneDrive/ドキュメント/柴原研究室/www.omu.ac.jp/eng/shibahara/assets/IMG_3850_1_.gif]
[C:/Users/peper/OneDrive/ドキュメント/柴原研究室/www.omu.ac.jp/eng/shibahara/assets/770335663.706159.gif]
[C:/Users/peper/OneDrive/ドキュメント/柴原研究室/www.omu.ac.jp/eng/shibahara/assets/Image2_5.jpg]
[C:/Users/peper/OneDrive/ドキュメント/柴原研究室/www.omu.ac.jp/eng/shibahara/assets/Image4_6.jpg]
[C:/Users/peper/OneDrive/ドキュメント/柴原研究室/www.omu.ac.jp/eng/shibahara/assets/Image1_5.jpg]
[C:/Users/peper/OneDrive/ドキュメント/柴原研究室/www.omu.ac.jp/eng/shibahara/info/news/entry-84065.html]
[C:/Users/peper/OneDrive/ドキュメント/柴原研究室/www.omu.ac.jp/eng/shibahara/assets/Image3_2.jpg]
[C:/Users/peper/OneDrive/ドキュメント/柴原研究室/www.omu.ac.jp/eng/shibahara/assets/attachmentfile/attachmentfile-file-70470.jpg]
[C:/Users/peper/OneDrive/ドキュメント/柴原研究室/www.omu.ac.jp/eng/shibahara/assets/Image4_5.jpg]
[C:/Users/peper/OneDrive/ドキュメント/柴原研究室/www.omu.ac.jp/eng/shibahara/assets/S__67985434_0.jpg]
[C:/Users/peper/OneDrive/ドキュメント/柴原研究室/www.omu.ac.jp/eng/shibahara/assets/S__351502346_0.jpg]
[C:/Users/peper/OneDrive/ドキュメント/柴原研究室/www.omu.ac.jp/eng/shibahara/assets/S__67985431_0.jpg]
[C:/Users/peper/OneDrive/ドキュメント/柴原研究室/www.omu.ac.jp/eng/shibahara/assets/attachmentfile/attachmentfile-file-70367.jpg]
[C:/Users/peper/OneDrive/ドキュメント/柴原研究室/www.omu.ac.jp/eng/shibahara/info/news/entry-84002.html]
[C:/Users/peper/OneDrive/ドキュメント/柴原研究室/www.omu.ac.jp/eng/shibahara/assets/sdfe.jpg]
[C:/Users/peper/OneDrive/ドキュメント/柴原研究室/www.omu.ac.jp/eng/shibahara/assets/attachmentfile/attachmentfile-file-70154.jpg]
[C:/Users/peper/OneDrive/ドキュメント/柴原研究室/www.omu.ac.jp/eng/shibahara/assets/S__10764311_0.jpg]
[C:/Users/peper/OneDrive/ドキュメント/柴原研究室/www.omu.ac.jp/eng/shibahara/info/news/entry-83592.html]
[C:/Users/peper/OneDrive/ドキュメント/柴原研究室/www.omu.ac.jp/eng/shibahara/assets/S__10764307_0.jpg]
[C:/Users/peper/OneDrive/ドキュメント/柴原研究室/www.omu.ac.jp/eng/shibahara/assets/S__10764310_0.jpg]
[C:/Users/peper/OneDrive/ドキュメント/柴原研究室/www.omu.ac.jp/eng/shibahara/assets/S__10764309_0.jpg]
[C:/Users/peper/OneDrive/ドキュメント/柴原研究室/www.omu.ac.jp/eng/shibahara/assets/attachmentfile/attachmentfile-file-70013.jpg]
[C:/Users/peper/OneDrive/ドキュメント/柴原研究室/www.omu.ac.jp/eng/shibahara/info/news/entry-83166.html]
[C:/Users/peper/OneDrive/ドキュメント/柴原研究室/www.omu.ac.jp/eng/shibahara/assets/asdee.jpg]
[C:/Users/peper/OneDrive/ドキュメント/柴原研究室/www.omu.ac.jp/eng/shibahara/info/news/entry-82869.html]
[C:/Users/peper/OneDrive/ドキュメント/柴原研究室/www.omu.ac.jp/eng/shibahara/assets/attachmentfile/attachmentfile-file-69872.jpg]
[C:/Users/peper/OneDrive/ドキュメント/柴原研究室/www.omu.ac.jp/eng/shibahara/info/news/entry-82675.html]
[C:/Users/peper/OneDrive/ドキュメント/柴原研究室/www.omu.ac.jp/eng/shibahara/assets/attachmentfile/attachmentfile-file-69588.jpg]
[C:/Users/peper/OneDrive/ドキュメント/柴原研究室/www.omu.ac.jp/eng/shibahara/assets/Image6_6.jpg]
[C:/Users/peper/OneDrive/ドキュメント/柴原研究室/www.omu.ac.jp/eng/shibahara/assets/S__10518668_0.jpg]
[C:/Users/peper/OneDrive/ドキュメント/柴原研究室/www.omu.ac.jp/eng/shibahara/assets/S__10518669_0.jpg]
[C:/Users/peper/OneDrive/ドキュメント/柴原研究室/www.omu.ac.jp/eng/shibahara/info/news/entry-82655.html]
[C:/Users/peper/OneDrive/ドキュメント/柴原研究室/www.omu.ac.jp/eng/shibahara/assets/S__10518670_0.jpg]
[C:/Users/peper/OneDrive/ドキュメント/柴原研究室/www.omu.ac.jp/eng/shibahara/assets/S__10518677_0.jpg]
[C:/Users/peper/OneDrive/ドキュメント/柴原研究室/www.omu.ac.jp/eng/shibahara/assets/Image1_4.jpg]
[C:/Users/peper/OneDrive/ドキュメント/柴原研究室/www.omu.ac.jp/eng/shibahara/assets/S__10518683_0.jpg]
[C:/Users/peper/OneDrive/ドキュメント/柴原研究室/www.omu.ac.jp/eng/shibahara/info/news/entry-82453.html]
[C:/Users/peper/OneDrive/ドキュメント/柴原研究室/www.omu.ac.jp/eng/shibahara/assets/S__10518661_0.jpg]
[C:/Users/peper/OneDrive/ドキュメント/柴原研究室/www.omu.ac.jp/eng/shibahara/assets/attachmentfile/attachmentfile-file-69579.jpg]
[C:/Users/peper/OneDrive/ドキュメント/柴原研究室/www.omu.ac.jp/eng/shibahara/assets/Image7_4.jpg]
[C:/Users/peper/OneDrive/ドキュメント/柴原研究室/www.omu.ac.jp/eng/shibahara/assets/Image5_5.jpg]
[C:/Users/peper/OneDrive/ドキュメント/柴原研究室/www.omu.ac.jp/eng/shibahara/info/news/entry-82314.html]
[C:/Users/peper/OneDrive/ドキュメント/柴原研究室/www.omu.ac.jp/eng/shibahara/assets/Image6_5.jpg]
[C:/Users/peper/OneDrive/ドキュメント/柴原研究室/www.omu.ac.jp/eng/shibahara/assets/asdfasd_1.jpg]
[C:/Users/peper/OneDrive/ドキュメント/柴原研究室/www.omu.ac.jp/eng/shibahara/assets/attachmentfile/attachmentfile-file-69402.jpg]
[C:/Users/peper/OneDrive/ドキュメント/柴原研究室/www.omu.ac.jp/eng/shibahara/assets/messageImage_1745556628063.jpg]
[C:/Users/peper/OneDrive/ドキュメント/柴原研究室/www.omu.ac.jp/eng/shibahara/info/news/entry-82065.html]
[C:/Users/peper/OneDrive/ドキュメント/柴原研究室/www.omu.ac.jp/eng/shibahara/assets/attachmentfile/attachmentfile-file-69215.jpg]
[C:/Users/peper/OneDrive/ドキュメント/柴原研究室/www.omu.ac.jp/eng/shibahara/assets/S__10445022_0.jpg]
[C:/Users/peper/OneDrive/ドキュメント/柴原研究室/www.omu.ac.jp/eng/shibahara/assets/S__10445024_0.jpg]
[C:/Users/peper/OneDrive/ドキュメント/柴原研究室/www.omu.ac.jp/eng/shibahara/assets/S__10445025_0.jpg]
[C:/Users/peper/OneDrive/ドキュメント/柴原研究室/www.omu.ac.jp/eng/shibahara/info/news/entry-81912.html]
[C:/Users/peper/OneDrive/ドキュメント/柴原研究室/www.omu.ac.jp/eng/shibahara/assets/S__10436808_0.jpg]
[C:/Users/peper/OneDrive/ドキュメント/柴原研究室/www.omu.ac.jp/eng/shibahara/assets/eudjd.jpg]
[C:/Users/peper/OneDrive/ドキュメント/柴原研究室/www.omu.ac.jp/eng/shibahara/assets/73737.jpg]
[C:/Users/peper/OneDrive/ドキュメント/柴原研究室/www.omu.ac.jp/eng/shibahara/assets/89889.jpg]
[C:/Users/peper/OneDrive/ドキュメント/柴原研究室/www.omu.ac.jp/eng/shibahara/info/news/entry-81874.html]
[C:/Users/peper/OneDrive/ドキュメント/柴原研究室/www.omu.ac.jp/eng/shibahara/assets/jdufyhr.jpg]
[C:/Users/peper/OneDrive/ドキュメント/柴原研究室/www.omu.ac.jp/eng/shibahara/assets/jfdurure.jpg]
[C:/Users/peper/OneDrive/ドキュメント/柴原研究室/www.omu.ac.jp/eng/shibahara/assets/LINE_ALBUM_学外合宿_250421_7.jpg]
[C:/Users/peper/OneDrive/ドキュメント/柴原研究室/www.omu.ac.jp/eng/shibahara/assets/LINE_ALBUM_学外合宿_250421_5.jpg]
[C:/Users/peper/OneDrive/ドキュメント/柴原研究室/www.omu.ac.jp/eng/shibahara/info/news/entry-81484.html]
[C:/Users/peper/OneDrive/ドキュメント/柴原研究室/www.omu.ac.jp/eng/shibahara/assets/LINE_ALBUM_学外合宿_250421_1.jpg]
[C:/Users/peper/OneDrive/ドキュメント/柴原研究室/www.omu.ac.jp/eng/shibahara/assets/sdfs.jpg]
[C:/Users/peper/OneDrive/ドキュメント/柴原研究室/www.omu.ac.jp/eng/shibahara/assets/rdfkj.jpg]
[C:/Users/peper/OneDrive/ドキュメント/柴原研究室/www.omu.ac.jp/eng/shibahara/assets/khjlk.jpg]
[C:/Users/peper/OneDrive/ドキュメント/柴原研究室/www.omu.ac.jp/eng/shibahara/info/news/entry-81265.html]
[C:/Users/peper/OneDrive/ドキュメント/柴原研究室/www.omu.ac.jp/eng/shibahara/assets/sde.jpg]
[C:/Users/peper/OneDrive/ドキュメント/柴原研究室/www.omu.ac.jp/eng/shibahara/assets/asdf.jpg]
[C:/Users/peper/OneDrive/ドキュメント/柴原研究室/www.omu.ac.jp/eng/shibahara/assets/edaes.jpg]
[C:/Users/peper/OneDrive/ドキュメント/柴原研究室/www.omu.ac.jp/eng/shibahara/assets/Image4_3.jpg]
[C:/Users/peper/OneDrive/ドキュメント/柴原研究室/www.omu.ac.jp/eng/shibahara/info/news/entry-80729.html]
[C:/Users/peper/OneDrive/ドキュメント/柴原研究室/www.omu.ac.jp/eng/shibahara/assets/Image5_4.jpg]
[C:/Users/peper/OneDrive/ドキュメント/柴原研究室/www.omu.ac.jp/eng/shibahara/assets/Image6_4.jpg]
[C:/Users/peper/OneDrive/ドキュメント/柴原研究室/www.omu.ac.jp/eng/shibahara/assets/asfe3.jpg]
[C:/Users/peper/OneDrive/ドキュメント/柴原研究室/www.omu.ac.jp/eng/shibahara/assets/Image6_3.jpg]
[C:/Users/peper/OneDrive/ドキュメント/柴原研究室/www.omu.ac.jp/eng/shibahara/info/news/entry-80726.html]
[C:/Users/peper/OneDrive/ドキュメント/柴原研究室/www.omu.ac.jp/eng/shibahara/assets/Image7_1.jpg]
[C:/Users/peper/OneDrive/ドキュメント/柴原研究室/www.omu.ac.jp/eng/shibahara/assets/Image8_1.jpg]
[C:/Users/peper/OneDrive/ドキュメント/柴原研究室/www.omu.ac.jp/eng/shibahara/assets/attachmentfile/attachmentfile-file-68740.jpg]
[C:/Users/peper/OneDrive/ドキュメント/柴原研究室/www.omu.ac.jp/eng/shibahara/assets/attachmentfile/attachmentfile-file-68741.jpg]
[C:/Users/peper/OneDrive/ドキュメント/柴原研究室/www.omu.ac.jp/eng/shibahara/info/news/entry-80624.html]
[C:/Users/peper/OneDrive/ドキュメント/柴原研究室/www.omu.ac.jp/eng/shibahara/assets/attachmentfile/attachmentfile-file-68742.jpg]
[C:/Users/peper/OneDrive/ドキュメント/柴原研究室/www.omu.ac.jp/eng/shibahara/assets/attachmentfile/attachmentfile-file-68743.jpg]
[C:/Users/peper/OneDrive/ドキュメント/柴原研究室/www.omu.ac.jp/eng/shibahara/assets/dasg.jpg]
[C:/Users/peper/OneDrive/ドキュメント/柴原研究室/www.omu.ac.jp/eng/shibahara/assets/Image5_2.jpg]
[C:/Users/peper/OneDrive/ドキュメント/柴原研究室/www.omu.ac.jp/eng/shibahara/assets/Image1_2.jpg]
[C:/Users/peper/OneDrive/ドキュメント/柴原研究室/www.omu.ac.jp/eng/shibahara/assets/Image6_1.jpg]
[C:/Users/peper/OneDrive/ドキュメント/柴原研究室/www.omu.ac.jp/eng/shibahara/assets/Image2_1.jpg]
[C:/Users/peper/OneDrive/ドキュメント/柴原研究室/www.omu.ac.jp/eng/shibahara/assets/Image8.jpg]
[C:/Users/peper/OneDrive/ドキュメント/柴原研究室/www.omu.ac.jp/eng/shibahara/info/news/entry-80431.html]
[C:/Users/peper/OneDrive/ドキュメント/柴原研究室/www.omu.ac.jp/eng/shibahara/assets/Image4_1.jpg]
[C:/Users/peper/OneDrive/ドキュメント/柴原研究室/www.omu.ac.jp/eng/shibahara/assets/S__10313796_0.jpg]
[C:/Users/peper/OneDrive/ドキュメント/柴原研究室/www.omu.ac.jp/eng/shibahara/assets/Image6.jpg]
[C:/Users/peper/OneDrive/ドキュメント/柴原研究室/www.omu.ac.jp/eng/shibahara/assets/Image1_1.jpg]
[C:/Users/peper/OneDrive/ドキュメント/柴原研究室/www.omu.ac.jp/eng/shibahara/info/news/entry-79855.html]
[C:/Users/peper/OneDrive/ドキュメント/柴原研究室/www.omu.ac.jp/eng/shibahara/assets/LINE_ALBUM_2025.4.6_250408_2.jpg]
[C:/Users/peper/OneDrive/ドキュメント/柴原研究室/www.omu.ac.jp/eng/shibahara/assets/S__10313751_0_1.jpg]
[C:/Users/peper/OneDrive/ドキュメント/柴原研究室/www.omu.ac.jp/eng/shibahara/assets/Image4.jpg]
[C:/Users/peper/OneDrive/ドキュメント/柴原研究室/www.omu.ac.jp/eng/shibahara/assets/Image5_1.jpg]
[C:/Users/peper/OneDrive/ドキュメント/柴原研究室/www.omu.ac.jp/eng/shibahara/assets/LINE_ALBUM_2025.4.6_250408_6.jpg]
[C:/Users/peper/OneDrive/ドキュメント/柴原研究室/www.omu.ac.jp/eng/shibahara/assets/S__67141650_0.jpg]
[C:/Users/peper/OneDrive/ドキュメント/柴原研究室/www.omu.ac.jp/eng/shibahara/assets/S__67133476.jpg]
[C:/Users/peper/OneDrive/ドキュメント/柴原研究室/www.omu.ac.jp/eng/shibahara/assets/S__67141653_0.jpg]
[C:/Users/peper/OneDrive/ドキュメント/柴原研究室/www.omu.ac.jp/eng/shibahara/assets/Image1.jpg]
[C:/Users/peper/OneDrive/ドキュメント/柴原研究室/www.omu.ac.jp/eng/shibahara/assets/S__10133561_0-2048x1536.jpg]
[C:/Users/peper/OneDrive/ドキュメント/柴原研究室/www.omu.ac.jp/eng/shibahara/assets/SCAN0056-scaled.jpg]
[C:/Users/peper/OneDrive/ドキュメント/柴原研究室/www.omu.ac.jp/eng/shibahara/assets/attachmentfile/attachmentfile-file-68633.jpg]
[C:/Users/peper/OneDrive/ドキュメント/柴原研究室/www.omu.ac.jp/eng/shibahara/assets/attachmentfile/attachmentfile-file-68634.jpg]
[C:/Users/peper/OneDrive/ドキュメント/柴原研究室/www.omu.ac.jp/eng/shibahara/omu-content/uploads/sites/1156/Image1-192-scaled.jpg]
[C:/Users/peper/OneDrive/ドキュメント/柴原研究室/www.omu.ac.jp/eng/shibahara/omu-content/uploads/sites/1156/IMG_1118-1-scaled.jpg]
[C:/Users/peper/OneDrive/ドキュメント/柴原研究室/www.omu.ac.jp/eng/shibahara/info/news/entry-79854.html]
[C:/Users/peper/OneDrive/ドキュメント/柴原研究室/www.omu.ac.jp/eng/shibahara/omu-content/uploads/sites/1156/IMG_1160-scaled.jpg]
[C:/Users/peper/OneDrive/ドキュメント/柴原研究室/www.omu.ac.jp/eng/shibahara/omu-content/uploads/sites/1156/Image13-17-scaled.jpg]
[C:/Users/peper/OneDrive/ドキュメント/柴原研究室/www.omu.ac.jp/eng/shibahara/info/news/entry-79853.html]
[C:/Users/peper/OneDrive/ドキュメント/柴原研究室/www.omu.ac.jp/eng/shibahara/omu-content/uploads/sites/1156/Image10-35-scaled.jpg]
[C:/Users/peper/OneDrive/ドキュメント/柴原研究室/www.omu.ac.jp/eng/shibahara/omu-content/uploads/sites/1156/IMG_1188_t.jpg]
[C:/Users/peper/OneDrive/ドキュメント/柴原研究室/www.omu.ac.jp/eng/shibahara/omu-content/uploads/sites/1156/IMG_1182_t.jpg]
[C:/Users/peper/OneDrive/ドキュメント/柴原研究室/www.omu.ac.jp/eng/shibahara/info/news/entry-79852.html]
[C:/Users/peper/OneDrive/ドキュメント/柴原研究室/www.omu.ac.jp/eng/shibahara/omu-content/uploads/sites/1156/0M4A0058_t.jpg]
[C:/Users/peper/OneDrive/ドキュメント/柴原研究室/www.omu.ac.jp/eng/shibahara/omu-content/uploads/sites/1156/0M4A0026_t.jpg]
[C:/Users/peper/OneDrive/ドキュメント/柴原研究室/www.omu.ac.jp/eng/shibahara/omu-content/uploads/sites/1156/IMG_1155-3-scaled.jpg]
[C:/Users/peper/OneDrive/ドキュメント/柴原研究室/www.omu.ac.jp/eng/shibahara/info/news/entry-79851.html]
[C:/Users/peper/OneDrive/ドキュメント/柴原研究室/www.omu.ac.jp/eng/shibahara/omu-content/uploads/sites/1156/0M4A0025-1-scaled.jpg]
[C:/Users/peper/OneDrive/ドキュメント/柴原研究室/www.omu.ac.jp/eng/shibahara/omu-content/uploads/sites/1156/Image2-191-scaled.jpg]
[C:/Users/peper/OneDrive/ドキュメント/柴原研究室/www.omu.ac.jp/eng/shibahara/omu-content/uploads/sites/1156/Image1-191-scaled.jpg]
[C:/Users/peper/OneDrive/ドキュメント/柴原研究室/www.omu.ac.jp/eng/shibahara/omu-content/uploads/sites/1156/0M4A0169-1-scaled.jpg]
[C:/Users/peper/OneDrive/ドキュメント/柴原研究室/www.omu.ac.jp/eng/shibahara/info/news/entry-79850.html]
[C:/Users/peper/OneDrive/ドキュメント/柴原研究室/www.omu.ac.jp/eng/shibahara/omu-content/uploads/sites/1156/LINE_ALBUM_2025324卒業式_250325_93-2.jpg]
[C:/Users/peper/OneDrive/ドキュメント/柴原研究室/www.omu.ac.jp/eng/shibahara/omu-content/uploads/sites/1156/LINE_ALBUM_2025324卒業式_250325_97-2.jpg]
[C:/Users/peper/OneDrive/ドキュメント/柴原研究室/www.omu.ac.jp/eng/shibahara/omu-content/uploads/sites/1156/LINE_ALBUM_2025324卒業式_250325_66-1.jpg]
[C:/Users/peper/OneDrive/ドキュメント/柴原研究室/www.omu.ac.jp/eng/shibahara/assets/attachmentfile/attachmentfile-file-68111.jpg]
[C:/Users/peper/OneDrive/ドキュメント/柴原研究室/www.omu.ac.jp/eng/shibahara/omu-content/uploads/sites/1156/Image1-189.jpg]
[C:/Users/peper/OneDrive/ドキュメント/柴原研究室/www.omu.ac.jp/eng/shibahara/omu-content/uploads/sites/1156/LINE_ALBUM_写真_250321_4.jpg]
[C:/Users/peper/OneDrive/ドキュメント/柴原研究室/www.omu.ac.jp/eng/shibahara/assets/Image1-189.jpg]
[C:/Users/peper/OneDrive/ドキュメント/柴原研究室/www.omu.ac.jp/eng/shibahara/omu-content/uploads/sites/1156/S__10846269_0.jpg]
[C:/Users/peper/OneDrive/ドキュメント/柴原研究室/www.omu.ac.jp/eng/shibahara/info/news/entry-78748.html]
[C:/Users/peper/OneDrive/ドキュメント/柴原研究室/www.omu.ac.jp/eng/shibahara/assets/S__10846269_0.jpg]
[C:/Users/peper/OneDrive/ドキュメント/柴原研究室/www.omu.ac.jp/eng/shibahara/assets/attachmentfile/attachmentfile-file-67828.jpg]
[C:/Users/peper/OneDrive/ドキュメント/柴原研究室/www.omu.ac.jp/eng/shibahara/info/news/entry-75594.html]
[C:/Users/peper/OneDrive/ドキュメント/柴原研究室/www.omu.ac.jp/eng/shibahara/assets/LINE_ALBUM_250303_HP掲載写真案_250304_6.jpg]
[C:/Users/peper/OneDrive/ドキュメント/柴原研究室/www.omu.ac.jp/eng/shibahara/assets/LINE_ALBUM_250303_HP掲載写真案_250304_1.jpg]
[C:/Users/peper/OneDrive/ドキュメント/柴原研究室/www.omu.ac.jp/eng/shibahara/info/news/entry-75593.html]
[C:/Users/peper/OneDrive/ドキュメント/柴原研究室/www.omu.ac.jp/eng/shibahara/assets/LINE_ALBUM_250303_HP掲載写真案_250304_2.jpg]
[C:/Users/peper/OneDrive/ドキュメント/柴原研究室/www.omu.ac.jp/eng/shibahara/assets/LINE_ALBUM_250303_HP掲載写真案_250304_4.jpg]
[C:/Users/peper/OneDrive/ドキュメント/柴原研究室/www.omu.ac.jp/eng/shibahara/info/news/entry-75592.html]
[C:/Users/peper/OneDrive/ドキュメント/柴原研究室/www.omu.ac.jp/eng/shibahara/assets/LINE_ALBUM_250303_HP掲載写真案_250304_5.jpg]
[C:/Users/peper/OneDrive/ドキュメント/柴原研究室/www.omu.ac.jp/eng/shibahara/assets/LINE_ALBUM_250303_HP掲載写真案_250304_3.jpg]
[C:/Users/peper/OneDrive/ドキュメント/柴原研究室/www.omu.ac.jp/eng/shibahara/assets/LINE_ALBUM_生島先生_ᕼᗩᑭᑭY-ᗷIᖇTᕼᗞᗩY_250228_45-scaled.jpg]
[C:/Users/peper/OneDrive/ドキュメント/柴原研究室/www.omu.ac.jp/eng/shibahara/info/news/entry-75591.html]
[C:/Users/peper/OneDrive/ドキュメント/柴原研究室/www.omu.ac.jp/eng/shibahara/assets/LINE_ALBUM_生島先生_ᕼᗩᑭᑭY-ᗷIᖇTᕼᗞᗩY_250228_18-scaled.jpg]
[C:/Users/peper/OneDrive/ドキュメント/柴原研究室/www.omu.ac.jp/eng/shibahara/assets/LINE_ALBUM_生島先生_ᕼᗩᑭᑭY-ᗷIᖇTᕼᗞᗩY_250228_13.jpg]
[C:/Users/peper/OneDrive/ドキュメント/柴原研究室/www.omu.ac.jp/eng/shibahara/assets/Image1-184.jpg]
[C:/Users/peper/OneDrive/ドキュメント/柴原研究室/www.omu.ac.jp/eng/shibahara/info/news/entry-75590.html]
[C:/Users/peper/OneDrive/ドキュメント/柴原研究室/www.omu.ac.jp/eng/shibahara/assets/Image2-186.jpg]
[C:/Users/peper/OneDrive/ドキュメント/柴原研究室/www.omu.ac.jp/eng/shibahara/assets/Image1-182-scaled_1.jpg]
[C:/Users/peper/OneDrive/ドキュメント/柴原研究室/www.omu.ac.jp/eng/shibahara/assets/4A701464-343B-40D3-BA63-F9CB1D2DB112-scaled.jpg]
[C:/Users/peper/OneDrive/ドキュメント/柴原研究室/www.omu.ac.jp/eng/shibahara/assets/754838E0-5965-447D-A69D-E0A76BFDB421-scaled.jpg]
[C:/Users/peper/OneDrive/ドキュメント/柴原研究室/www.omu.ac.jp/eng/shibahara/info/news/entry-75589.html]
[C:/Users/peper/OneDrive/ドキュメント/柴原研究室/www.omu.ac.jp/eng/shibahara/assets/FABD7399-38DA-4DE6-8329-DC8C645B9D5E-scaled.jpg]
[C:/Users/peper/OneDrive/ドキュメント/柴原研究室/www.omu.ac.jp/eng/shibahara/assets/通過チーム発表.jpg]
[C:/Users/peper/OneDrive/ドキュメント/柴原研究室/www.omu.ac.jp/eng/shibahara/assets/messageImage_1738851419913.jpg]
[C:/Users/peper/OneDrive/ドキュメント/柴原研究室/www.omu.ac.jp/eng/shibahara/assets/Image1-180.jpg]
[C:/Users/peper/OneDrive/ドキュメント/柴原研究室/www.omu.ac.jp/eng/shibahara/info/news/entry-75586.html]
[C:/Users/peper/OneDrive/ドキュメント/柴原研究室/www.omu.ac.jp/eng/shibahara/assets/messageImage_1738851228473.jpg]
[C:/Users/peper/OneDrive/ドキュメント/柴原研究室/www.omu.ac.jp/eng/shibahara/assets/Image1-179.jpg]
[C:/Users/peper/OneDrive/ドキュメント/柴原研究室/www.omu.ac.jp/eng/shibahara/assets/Image4-112.jpg]
[C:/Users/peper/OneDrive/ドキュメント/柴原研究室/www.omu.ac.jp/eng/shibahara/info/news/entry-75585.html]
[C:/Users/peper/OneDrive/ドキュメント/柴原研究室/www.omu.ac.jp/eng/shibahara/assets/S__9027595.jpg]
[C:/Users/peper/OneDrive/ドキュメント/柴原研究室/www.omu.ac.jp/eng/shibahara/assets/Image7-51.jpg]
[C:/Users/peper/OneDrive/ドキュメント/柴原研究室/www.omu.ac.jp/eng/shibahara/info/news/entry-75517.html]
[C:/Users/peper/OneDrive/ドキュメント/柴原研究室/www.omu.ac.jp/eng/shibahara/info/news/entry-75516.html]
[C:/Users/peper/OneDrive/ドキュメント/柴原研究室/www.omu.ac.jp/eng/shibahara/assets/Image5-89-scaled.jpg]
[C:/Users/peper/OneDrive/ドキュメント/柴原研究室/www.omu.ac.jp/eng/shibahara/assets/Image1-178-scaled.jpg]
[C:/Users/peper/OneDrive/ドキュメント/柴原研究室/www.omu.ac.jp/eng/shibahara/info/news/entry-75515.html]
[C:/Users/peper/OneDrive/ドキュメント/柴原研究室/www.omu.ac.jp/eng/shibahara/assets/asdfe-2_1.jpg]
[C:/Users/peper/OneDrive/ドキュメント/柴原研究室/www.omu.ac.jp/eng/shibahara/assets/Image5-88_1.jpg]
[C:/Users/peper/OneDrive/ドキュメント/柴原研究室/www.omu.ac.jp/eng/shibahara/info/news/entry-75514.html]
[C:/Users/peper/OneDrive/ドキュメント/柴原研究室/www.omu.ac.jp/eng/shibahara/assets/Image2-183-scaled.jpg]
[C:/Users/peper/OneDrive/ドキュメント/柴原研究室/www.omu.ac.jp/eng/shibahara/assets/S__8904730_0-scaled.jpg]
[C:/Users/peper/OneDrive/ドキュメント/柴原研究室/www.omu.ac.jp/eng/shibahara/assets/S__8904731_0.jpg]
[C:/Users/peper/OneDrive/ドキュメント/柴原研究室/www.omu.ac.jp/eng/shibahara/assets/S__8904727_0-scaled.jpg]
[C:/Users/peper/OneDrive/ドキュメント/柴原研究室/www.omu.ac.jp/eng/shibahara/info/news/entry-75512.html]
[C:/Users/peper/OneDrive/ドキュメント/柴原研究室/www.omu.ac.jp/eng/shibahara/assets/S__8904729_0-scaled.jpg]
[C:/Users/peper/OneDrive/ドキュメント/柴原研究室/www.omu.ac.jp/eng/shibahara/assets/S__8912908.jpg]
[C:/Users/peper/OneDrive/ドキュメント/柴原研究室/www.omu.ac.jp/eng/shibahara/info/news/entry-75511.html]
[C:/Users/peper/OneDrive/ドキュメント/柴原研究室/www.omu.ac.jp/eng/shibahara/assets/A5459CD5-253C-41B0-B56C-E79E1189E4EA-scaled.jpg]
[C:/Users/peper/OneDrive/ドキュメント/柴原研究室/www.omu.ac.jp/eng/shibahara/info/news/entry-75510.html]
[C:/Users/peper/OneDrive/ドキュメント/柴原研究室/www.omu.ac.jp/eng/shibahara/assets/LINE_ALBUM_241227-柴原・生島研忘年会_241230_1.jpg]
[C:/Users/peper/OneDrive/ドキュメント/柴原研究室/www.omu.ac.jp/eng/shibahara/assets/adfasd.jpg]
[C:/Users/peper/OneDrive/ドキュメント/柴原研究室/www.omu.ac.jp/eng/shibahara/info/news/entry-75508.html]
[C:/Users/peper/OneDrive/ドキュメント/柴原研究室/www.omu.ac.jp/eng/shibahara/assets/2414CB31-A489-4137-8147-C80D631E0709-scaled.jpg]
[C:/Users/peper/OneDrive/ドキュメント/柴原研究室/www.omu.ac.jp/eng/shibahara/assets/6FD40F29-42EF-4630-9844-7DC006690AB7-scaled.jpg]
[C:/Users/peper/OneDrive/ドキュメント/柴原研究室/www.omu.ac.jp/eng/shibahara/assets/Image1-177.jpg]
[C:/Users/peper/OneDrive/ドキュメント/柴原研究室/www.omu.ac.jp/eng/shibahara/info/news/entry-75507.html]
[C:/Users/peper/OneDrive/ドキュメント/柴原研究室/www.omu.ac.jp/eng/shibahara/assets/Image2-180.jpg]
[C:/Users/peper/OneDrive/ドキュメント/柴原研究室/www.omu.ac.jp/eng/shibahara/assets/Image5-87.jpg]
[C:/Users/peper/OneDrive/ドキュメント/柴原研究室/www.omu.ac.jp/eng/shibahara/info/news/entry-75505.html]
[C:/Users/peper/OneDrive/ドキュメント/柴原研究室/www.omu.ac.jp/eng/shibahara/assets/LINE_ALBUM_前田さんHappy-birthday_241213_17.jpg]
[C:/Users/peper/OneDrive/ドキュメント/柴原研究室/www.omu.ac.jp/eng/shibahara/assets/LINE_ALBUM_前田さんHappy-birthday_241213_19.jpg]
[C:/Users/peper/OneDrive/ドキュメント/柴原研究室/www.omu.ac.jp/eng/shibahara/assets/LINE_ALBUM_1_241213_1.jpg]
[C:/Users/peper/OneDrive/ドキュメント/柴原研究室/www.omu.ac.jp/eng/shibahara/info/news/entry-75506.html]
[C:/Users/peper/OneDrive/ドキュメント/柴原研究室/www.omu.ac.jp/eng/shibahara/assets/fasde-1.jpg]
[C:/Users/peper/OneDrive/ドキュメント/柴原研究室/www.omu.ac.jp/eng/shibahara/info/news/entry-75503.html]
[C:/Users/peper/OneDrive/ドキュメント/柴原研究室/www.omu.ac.jp/eng/shibahara/assets/Image2-179.jpg]
[C:/Users/peper/OneDrive/ドキュメント/柴原研究室/www.omu.ac.jp/eng/shibahara/assets/LINE_ALBUM_2日目_241209_1.jpg]
[C:/Users/peper/OneDrive/ドキュメント/柴原研究室/www.omu.ac.jp/eng/shibahara/assets/LINE_ALBUM_2日目_241209_6.jpg]
[C:/Users/peper/OneDrive/ドキュメント/柴原研究室/www.omu.ac.jp/eng/shibahara/assets/LINE_ALBUM_2日目_241209_7.jpg]
[C:/Users/peper/OneDrive/ドキュメント/柴原研究室/www.omu.ac.jp/eng/shibahara/assets/S__8626230.jpg]
[C:/Users/peper/OneDrive/ドキュメント/柴原研究室/www.omu.ac.jp/eng/shibahara/info/news/entry-75502.html]
[C:/Users/peper/OneDrive/ドキュメント/柴原研究室/www.omu.ac.jp/eng/shibahara/assets/LINE_ALBUM_2日目_241209_2.jpg]
[C:/Users/peper/OneDrive/ドキュメント/柴原研究室/www.omu.ac.jp/eng/shibahara/assets/LINE_ALBUM_2日目_241209_5.jpg]
[C:/Users/peper/OneDrive/ドキュメント/柴原研究室/www.omu.ac.jp/eng/shibahara/assets/LINE_ALBUM_2日目_241209_4.jpg]
[C:/Users/peper/OneDrive/ドキュメント/柴原研究室/www.omu.ac.jp/eng/shibahara/assets/LINE_ALBUM_2日目_241209_10.jpg]
[C:/Users/peper/OneDrive/ドキュメント/柴原研究室/www.omu.ac.jp/eng/shibahara/info/news/entry-75501.html]
[C:/Users/peper/OneDrive/ドキュメント/柴原研究室/www.omu.ac.jp/eng/shibahara/assets/LINE_ALBUM_2日目_241209_3.jpg]
[C:/Users/peper/OneDrive/ドキュメント/柴原研究室/www.omu.ac.jp/eng/shibahara/assets/LINE_ALBUM_2日目_241209_8.jpg]
[C:/Users/peper/OneDrive/ドキュメント/柴原研究室/www.omu.ac.jp/eng/shibahara/assets/LINE_ALBUM_2日目_241209_14.jpg]
[C:/Users/peper/OneDrive/ドキュメント/柴原研究室/www.omu.ac.jp/eng/shibahara/assets/LINE_ALBUM_2日目_241209_13.jpg]
[C:/Users/peper/OneDrive/ドキュメント/柴原研究室/www.omu.ac.jp/eng/shibahara/assets/LINE_ALBUM_2日目_241209_9.jpg]
[C:/Users/peper/OneDrive/ドキュメント/柴原研究室/www.omu.ac.jp/eng/shibahara/assets/LINE_ALBUM_2日目_241209_11.jpg]
[C:/Users/peper/OneDrive/ドキュメント/柴原研究室/www.omu.ac.jp/eng/shibahara/assets/LINE_ALBUM_2日目_241209_12.jpg]
[C:/Users/peper/OneDrive/ドキュメント/柴原研究室/www.omu.ac.jp/eng/shibahara/assets/3D14CB7A-3D5F-4B22-B839-77EEBD259D9D-scaled.jpg]
[C:/Users/peper/OneDrive/ドキュメント/柴原研究室/www.omu.ac.jp/eng/shibahara/info/news/entry-75499.html]
[C:/Users/peper/OneDrive/ドキュメント/柴原研究室/www.omu.ac.jp/eng/shibahara/assets/Image3-122.jpg]
[C:/Users/peper/OneDrive/ドキュメント/柴原研究室/www.omu.ac.jp/eng/shibahara/assets/S__224887036-1.jpg]
[C:/Users/peper/OneDrive/ドキュメント/柴原研究室/www.omu.ac.jp/eng/shibahara/assets/AA818385-4A3B-426C-A1BE-8227429F2322-1-scaled.jpg]
[C:/Users/peper/OneDrive/ドキュメント/柴原研究室/www.omu.ac.jp/eng/shibahara/assets/6DCEBFD8-6B3A-4EAE-B71A-F71A2BF69E7C-1-scaled.jpg]
[C:/Users/peper/OneDrive/ドキュメント/柴原研究室/www.omu.ac.jp/eng/shibahara/info/news/entry-75495.html]
[C:/Users/peper/OneDrive/ドキュメント/柴原研究室/www.omu.ac.jp/eng/shibahara/assets/FACF3480-0ADB-47CF-BDCB-B0A5C71E7354-1-scaled.jpg]
[C:/Users/peper/OneDrive/ドキュメント/柴原研究室/www.omu.ac.jp/eng/shibahara/assets/427270B9-D3C9-4C7F-8DB1-D4BCEE75F4C2.jpg]
[C:/Users/peper/OneDrive/ドキュメント/柴原研究室/www.omu.ac.jp/eng/shibahara/assets/F97F791B-D977-4588-A462-9F0A60CADA14.jpg]
[C:/Users/peper/OneDrive/ドキュメント/柴原研究室/www.omu.ac.jp/eng/shibahara/assets/433EFF22-7938-4498-9DF9-866C012463EF.jpg]
[C:/Users/peper/OneDrive/ドキュメント/柴原研究室/www.omu.ac.jp/eng/shibahara/assets/ftyyyu.jpg]
[C:/Users/peper/OneDrive/ドキュメント/柴原研究室/www.omu.ac.jp/eng/shibahara/assets/DCBD1B76-CEC1-4118-8A39-A086D6607240-1-scaled.jpg]
[C:/Users/peper/OneDrive/ドキュメント/柴原研究室/www.omu.ac.jp/eng/shibahara/assets/2E54AC93-FC97-4650-B904-FF1872F41A57-1.jpg]
[C:/Users/peper/OneDrive/ドキュメント/柴原研究室/www.omu.ac.jp/eng/shibahara/assets/E4AB0732-0B76-40F7-8BAC-E6C7450EDAC5-1.jpg]
[C:/Users/peper/OneDrive/ドキュメント/柴原研究室/www.omu.ac.jp/eng/shibahara/info/news/entry-75497.html]
[C:/Users/peper/OneDrive/ドキュメント/柴原研究室/www.omu.ac.jp/eng/shibahara/assets/159155_0.jpg]
[C:/Users/peper/OneDrive/ドキュメント/柴原研究室/www.omu.ac.jp/eng/shibahara/assets/S__65339414_0.jpg]
[C:/Users/peper/OneDrive/ドキュメント/柴原研究室/www.omu.ac.jp/eng/shibahara/assets/S__20594711_0.jpg]
[C:/Users/peper/OneDrive/ドキュメント/柴原研究室/www.omu.ac.jp/eng/shibahara/assets/Image6-74.jpg]
[C:/Users/peper/OneDrive/ドキュメント/柴原研究室/www.omu.ac.jp/eng/shibahara/info/news/entry-75493.html]
[C:/Users/peper/OneDrive/ドキュメント/柴原研究室/www.omu.ac.jp/eng/shibahara/assets/Image8-49.jpg]
[C:/Users/peper/OneDrive/ドキュメント/柴原研究室/www.omu.ac.jp/eng/shibahara/assets/S__34856975_1.jpg]
[C:/Users/peper/OneDrive/ドキュメント/柴原研究室/www.omu.ac.jp/eng/shibahara/info/news/entry-75491.html]
[C:/Users/peper/OneDrive/ドキュメント/柴原研究室/www.omu.ac.jp/eng/shibahara/assets/asdfas-1.jpg]
[C:/Users/peper/OneDrive/ドキュメント/柴原研究室/www.omu.ac.jp/eng/shibahara/info/news/entry-75488.html]
[C:/Users/peper/OneDrive/ドキュメント/柴原研究室/www.omu.ac.jp/eng/shibahara/assets/dsdf_2.jpg]
[C:/Users/peper/OneDrive/ドキュメント/柴原研究室/www.omu.ac.jp/eng/shibahara/assets/sfdfre_2.jpg]
[C:/Users/peper/OneDrive/ドキュメント/柴原研究室/www.omu.ac.jp/eng/shibahara/info/news/entry-75484.html]
[C:/Users/peper/OneDrive/ドキュメント/柴原研究室/www.omu.ac.jp/eng/shibahara/assets/Image4-108.jpg]
[C:/Users/peper/OneDrive/ドキュメント/柴原研究室/www.omu.ac.jp/eng/shibahara/info/news/entry-75482.html]
[C:/Users/peper/OneDrive/ドキュメント/柴原研究室/www.omu.ac.jp/eng/shibahara/assets/LINE_ALBUM_20241103_241103_8.jpg]
[C:/Users/peper/OneDrive/ドキュメント/柴原研究室/www.omu.ac.jp/eng/shibahara/assets/LINE_ALBUM_20241103_241103_9.jpg]
[C:/Users/peper/OneDrive/ドキュメント/柴原研究室/www.omu.ac.jp/eng/shibahara/assets/LINE_ALBUM_20241103_241103_1.jpg]
[C:/Users/peper/OneDrive/ドキュメント/柴原研究室/www.omu.ac.jp/eng/shibahara/assets/LINE_ALBUM_20241103_241103_3.jpg]
[C:/Users/peper/OneDrive/ドキュメント/柴原研究室/www.omu.ac.jp/eng/shibahara/info/news/entry-75481.html]
[C:/Users/peper/OneDrive/ドキュメント/柴原研究室/www.omu.ac.jp/eng/shibahara/assets/news_gakusei_gakutyouaisatu.png]
[C:/Users/peper/OneDrive/ドキュメント/柴原研究室/www.omu.ac.jp/eng/shibahara/assets/news_gakusei_kaijyou.png]
[C:/Users/peper/OneDrive/ドキュメント/柴原研究室/www.omu.ac.jp/eng/shibahara/assets/SCAN0050-scaled.jpg]
[C:/Users/peper/OneDrive/ドキュメント/柴原研究室/www.omu.ac.jp/eng/shibahara/assets/SCAN0049-scaled.jpg]
[C:/Users/peper/OneDrive/ドキュメント/柴原研究室/www.omu.ac.jp/eng/shibahara/info/news/entry-75479.html]
[C:/Users/peper/OneDrive/ドキュメント/柴原研究室/www.omu.ac.jp/eng/shibahara/assets/S__8257544_0-scaled.jpg]
[C:/Users/peper/OneDrive/ドキュメント/柴原研究室/www.omu.ac.jp/eng/shibahara/assets/532960499332022465_0-scaled.jpg]
[C:/Users/peper/OneDrive/ドキュメント/柴原研究室/www.omu.ac.jp/eng/shibahara/assets/S__8257538_0-scaled.jpg]
[C:/Users/peper/OneDrive/ドキュメント/柴原研究室/www.omu.ac.jp/eng/shibahara/assets/532960498778374369_0-scaled.jpg]
[C:/Users/peper/OneDrive/ドキュメント/柴原研究室/www.omu.ac.jp/eng/shibahara/info/news/entry-75478.html]
[C:/Users/peper/OneDrive/ドキュメント/柴原研究室/www.omu.ac.jp/eng/shibahara/assets/S__8257545_0-scaled.jpg]
[C:/Users/peper/OneDrive/ドキュメント/柴原研究室/www.omu.ac.jp/eng/shibahara/assets/S__8257542_0-scaled.jpg]
[C:/Users/peper/OneDrive/ドキュメント/柴原研究室/www.omu.ac.jp/eng/shibahara/assets/Image3-118.jpg]
[C:/Users/peper/OneDrive/ドキュメント/柴原研究室/www.omu.ac.jp/eng/shibahara/assets/LINE_ALBUM_1_241023_21-scaled.jpg]
[C:/Users/peper/OneDrive/ドキュメント/柴原研究室/www.omu.ac.jp/eng/shibahara/assets/Image1-169-scaled.jpg]
[C:/Users/peper/OneDrive/ドキュメント/柴原研究室/www.omu.ac.jp/eng/shibahara/assets/LINE_ALBUM_1_241023_20-scaled.jpg]
[C:/Users/peper/OneDrive/ドキュメント/柴原研究室/www.omu.ac.jp/eng/shibahara/assets/LINE_ALBUM_1_241023_17-scaled.jpg]
[C:/Users/peper/OneDrive/ドキュメント/柴原研究室/www.omu.ac.jp/eng/shibahara/assets/Image1-170-scaled.jpg]
[C:/Users/peper/OneDrive/ドキュメント/柴原研究室/www.omu.ac.jp/eng/shibahara/assets/attachmentfile/attachmentfile-file-59213.jpg]
[C:/Users/peper/OneDrive/ドキュメント/柴原研究室/www.omu.ac.jp/eng/shibahara/assets/S__7274502_0.jpg]
[C:/Users/peper/OneDrive/ドキュメント/柴原研究室/www.omu.ac.jp/eng/shibahara/assets/Image2-174.jpg]
[C:/Users/peper/OneDrive/ドキュメント/柴原研究室/www.omu.ac.jp/eng/shibahara/assets/S__7274504.jpg]
[C:/Users/peper/OneDrive/ドキュメント/柴原研究室/www.omu.ac.jp/eng/shibahara/info/news/entry-66599.html]
[C:/Users/peper/OneDrive/ドキュメント/柴原研究室/www.omu.ac.jp/eng/shibahara/assets/attachmentfile/attachmentfile-file-59212.jpg]
[C:/Users/peper/OneDrive/ドキュメント/柴原研究室/www.omu.ac.jp/eng/shibahara/assets/Image3-117.jpg]
[C:/Users/peper/OneDrive/ドキュメント/柴原研究室/www.omu.ac.jp/eng/shibahara/assets/Image4-106.jpg]
[C:/Users/peper/OneDrive/ドキュメント/柴原研究室/www.omu.ac.jp/eng/shibahara/assets/Image2-173.jpg]
[C:/Users/peper/OneDrive/ドキュメント/柴原研究室/www.omu.ac.jp/eng/shibahara/assets/Image5-85.jpg]
[C:/Users/peper/OneDrive/ドキュメント/柴原研究室/www.omu.ac.jp/eng/shibahara/assets/S__63930395_0.jpg]
[C:/Users/peper/OneDrive/ドキュメント/柴原研究室/www.omu.ac.jp/eng/shibahara/info/news/entry-66598.html]
[C:/Users/peper/OneDrive/ドキュメント/柴原研究室/www.omu.ac.jp/eng/shibahara/assets/attachmentfile/attachmentfile-file-59209.jpg]
[C:/Users/peper/OneDrive/ドキュメント/柴原研究室/www.omu.ac.jp/eng/shibahara/assets/Image3-116.jpg]
[C:/Users/peper/OneDrive/ドキュメント/柴原研究室/www.omu.ac.jp/eng/shibahara/assets/Image2-172.jpg]
[C:/Users/peper/OneDrive/ドキュメント/柴原研究室/www.omu.ac.jp/eng/shibahara/assets/Image6-73.jpg]
[C:/Users/peper/OneDrive/ドキュメント/柴原研究室/www.omu.ac.jp/eng/shibahara/assets/Image5-84.jpg]
[C:/Users/peper/OneDrive/ドキュメント/柴原研究室/www.omu.ac.jp/eng/shibahara/info/news/entry-66595.html]
[C:/Users/peper/OneDrive/ドキュメント/柴原研究室/www.omu.ac.jp/eng/shibahara/assets/attachmentfile/attachmentfile-file-59208.jpg]
[C:/Users/peper/OneDrive/ドキュメント/柴原研究室/www.omu.ac.jp/eng/shibahara/assets/Image4-105-1536x1153.jpg]
[C:/Users/peper/OneDrive/ドキュメント/柴原研究室/www.omu.ac.jp/eng/shibahara/assets/Image1-166-1536x1154.jpg]
[C:/Users/peper/OneDrive/ドキュメント/柴原研究室/www.omu.ac.jp/eng/shibahara/info/news/entry-66592.html]
[C:/Users/peper/OneDrive/ドキュメント/柴原研究室/www.omu.ac.jp/eng/shibahara/assets/attachmentfile/attachmentfile-file-59207.jpg]
[C:/Users/peper/OneDrive/ドキュメント/柴原研究室/www.omu.ac.jp/eng/shibahara/assets/Image2-170-1536x1155.jpg]
[C:/Users/peper/OneDrive/ドキュメント/柴原研究室/www.omu.ac.jp/eng/shibahara/assets/Image1-168-1536x1151.jpg]
[C:/Users/peper/OneDrive/ドキュメント/柴原研究室/www.omu.ac.jp/eng/shibahara/info/news/entry-66591.html]
[C:/Users/peper/OneDrive/ドキュメント/柴原研究室/www.omu.ac.jp/eng/shibahara/assets/attachmentfile/attachmentfile-file-59205.jpg]
[C:/Users/peper/OneDrive/ドキュメント/柴原研究室/www.omu.ac.jp/eng/shibahara/assets/S__7864327_0.jpg]
[C:/Users/peper/OneDrive/ドキュメント/柴原研究室/www.omu.ac.jp/eng/shibahara/assets/S__7864330_0.jpg]
[C:/Users/peper/OneDrive/ドキュメント/柴原研究室/www.omu.ac.jp/eng/shibahara/assets/S__7864329_0.jpg]
[C:/Users/peper/OneDrive/ドキュメント/柴原研究室/www.omu.ac.jp/eng/shibahara/assets/S__7864331_0.jpg]
[C:/Users/peper/OneDrive/ドキュメント/柴原研究室/www.omu.ac.jp/eng/shibahara/info/news/entry-66589.html]
[C:/Users/peper/OneDrive/ドキュメント/柴原研究室/www.omu.ac.jp/eng/shibahara/assets/attachmentfile/attachmentfile-file-59204.jpg]
[C:/Users/peper/OneDrive/ドキュメント/柴原研究室/www.omu.ac.jp/eng/shibahara/assets/messageImage_1727424590881.jpg]
[C:/Users/peper/OneDrive/ドキュメント/柴原研究室/www.omu.ac.jp/eng/shibahara/assets/C624421C-E309-41F2-83CC-4153FDDCBD23-1536x1152.jpg]
[C:/Users/peper/OneDrive/ドキュメント/柴原研究室/www.omu.ac.jp/eng/shibahara/assets/9495EF9B-3885-4E00-94DC-4DCE178EEDF8.jpg]
[C:/Users/peper/OneDrive/ドキュメント/柴原研究室/www.omu.ac.jp/eng/shibahara/assets/D3EB0E6B-D780-4F8A-BE82-4F61490A7D8D-1536x1152.jpg]
[C:/Users/peper/OneDrive/ドキュメント/柴原研究室/www.omu.ac.jp/eng/shibahara/assets/D52B3582-9C8E-4ED9-AB46-18EFA809CF77.jpg]
[C:/Users/peper/OneDrive/ドキュメント/柴原研究室/www.omu.ac.jp/eng/shibahara/assets/91B5CA55-87EA-4099-BA8E-68B4A74683EB.jpg]
[C:/Users/peper/OneDrive/ドキュメント/柴原研究室/www.omu.ac.jp/eng/shibahara/info/news/entry-66588.html]
[C:/Users/peper/OneDrive/ドキュメント/柴原研究室/www.omu.ac.jp/eng/shibahara/assets/attachmentfile/attachmentfile-file-55651.jpg]
[C:/Users/peper/OneDrive/ドキュメント/柴原研究室/www.omu.ac.jp/eng/shibahara/assets/24-063.jpg]
[C:/Users/peper/OneDrive/ドキュメント/柴原研究室/www.omu.ac.jp/eng/shibahara/info/news/entry-63745.html]
[C:/Users/peper/OneDrive/ドキュメント/柴原研究室/www.omu.ac.jp/eng/shibahara/assets/attachmentfile/attachmentfile-file-55650.jpg]
[C:/Users/peper/OneDrive/ドキュメント/柴原研究室/www.omu.ac.jp/eng/shibahara/assets/S__6774791_0.jpg]
[C:/Users/peper/OneDrive/ドキュメント/柴原研究室/www.omu.ac.jp/eng/shibahara/assets/S__6774789_0.jpg]
[C:/Users/peper/OneDrive/ドキュメント/柴原研究室/www.omu.ac.jp/eng/shibahara/assets/S__6774798_0.jpg]
[C:/Users/peper/OneDrive/ドキュメント/柴原研究室/www.omu.ac.jp/eng/shibahara/assets/S__6774796_0.jpg]
[C:/Users/peper/OneDrive/ドキュメント/柴原研究室/www.omu.ac.jp/eng/shibahara/assets/S__6774797_0.jpg]
[C:/Users/peper/OneDrive/ドキュメント/柴原研究室/www.omu.ac.jp/eng/shibahara/assets/S__6774793_0.jpg]
[C:/Users/peper/OneDrive/ドキュメント/柴原研究室/www.omu.ac.jp/eng/shibahara/assets/S__6774794_0.jpg]
[C:/Users/peper/OneDrive/ドキュメント/柴原研究室/www.omu.ac.jp/eng/shibahara/assets/S__6774792_0.jpg]
[C:/Users/peper/OneDrive/ドキュメント/柴原研究室/www.omu.ac.jp/eng/shibahara/info/news/entry-63743.html]
[C:/Users/peper/OneDrive/ドキュメント/柴原研究室/www.omu.ac.jp/eng/shibahara/assets/attachmentfile/attachmentfile-file-55649.jpg]
[C:/Users/peper/OneDrive/ドキュメント/柴原研究室/www.omu.ac.jp/eng/shibahara/assets/32FAFA39-8E92-4937-825B-86AF216DF46B-1.jpg]
[C:/Users/peper/OneDrive/ドキュメント/柴原研究室/www.omu.ac.jp/eng/shibahara/assets/5DC06AD2-534A-47F5-A43B-344FD4549EFF-1536x2048-1.jpg]
[C:/Users/peper/OneDrive/ドキュメント/柴原研究室/www.omu.ac.jp/eng/shibahara/assets/BD888252-0D95-431A-86EA-D8208D9E5536-1536x1152-1.jpg]
[C:/Users/peper/OneDrive/ドキュメント/柴原研究室/www.omu.ac.jp/eng/shibahara/assets/Image1-97-1536x1157-1.jpg]
[C:/Users/peper/OneDrive/ドキュメント/柴原研究室/www.omu.ac.jp/eng/shibahara/assets/sdfsdgsd-1536x1373-1.jpg]
[C:/Users/peper/OneDrive/ドキュメント/柴原研究室/www.omu.ac.jp/eng/shibahara/info/news/entry-63741.html]
[C:/Users/peper/OneDrive/ドキュメント/柴原研究室/www.omu.ac.jp/eng/shibahara/assets/attachmentfile/attachmentfile-file-55648.jpg]
[C:/Users/peper/OneDrive/ドキュメント/柴原研究室/www.omu.ac.jp/eng/shibahara/assets/Image1-161-1536x1152.jpg]
[C:/Users/peper/OneDrive/ドキュメント/柴原研究室/www.omu.ac.jp/eng/shibahara/assets/7A532CE6-5883-4D8D-A72A-72061A2214A2-1536x1152.jpg]
[C:/Users/peper/OneDrive/ドキュメント/柴原研究室/www.omu.ac.jp/eng/shibahara/assets/S__7536724_0-1536x1152.jpg]
[C:/Users/peper/OneDrive/ドキュメント/柴原研究室/www.omu.ac.jp/eng/shibahara/assets/S__7536725_0-1536x2048.jpg]
[C:/Users/peper/OneDrive/ドキュメント/柴原研究室/www.omu.ac.jp/eng/shibahara/assets/S__7536719_0-1536x1152.jpg]
[C:/Users/peper/OneDrive/ドキュメント/柴原研究室/www.omu.ac.jp/eng/shibahara/assets/S__7536721_0-1536x2048.jpg]
[C:/Users/peper/OneDrive/ドキュメント/柴原研究室/www.omu.ac.jp/eng/shibahara/assets/S__7536726_0-1536x1152.jpg]
[C:/Users/peper/OneDrive/ドキュメント/柴原研究室/www.omu.ac.jp/eng/shibahara/info/news/entry-63738.html]
[C:/Users/peper/OneDrive/ドキュメント/柴原研究室/www.omu.ac.jp/eng/shibahara/assets/attachmentfile/attachmentfile-file-55647.jpg]
[C:/Users/peper/OneDrive/ドキュメント/柴原研究室/www.omu.ac.jp/eng/shibahara/assets/Image4-104-1536x1154.jpg]
[C:/Users/peper/OneDrive/ドキュメント/柴原研究室/www.omu.ac.jp/eng/shibahara/info/news/entry-63735.html]
[C:/Users/peper/OneDrive/ドキュメント/柴原研究室/www.omu.ac.jp/eng/shibahara/assets/attachmentfile/attachmentfile-file-55646.jpg]
[C:/Users/peper/OneDrive/ドキュメント/柴原研究室/www.omu.ac.jp/eng/shibahara/assets/Image2-167-1536x1153.jpg]
[C:/Users/peper/OneDrive/ドキュメント/柴原研究室/www.omu.ac.jp/eng/shibahara/assets/Image3-114-1536x1154.jpg]
[C:/Users/peper/OneDrive/ドキュメント/柴原研究室/www.omu.ac.jp/eng/shibahara/assets/Image4-103-1536x1153.jpg]
[C:/Users/peper/OneDrive/ドキュメント/柴原研究室/www.omu.ac.jp/eng/shibahara/assets/Image5-82-1536x1151.jpg]
[C:/Users/peper/OneDrive/ドキュメント/柴原研究室/www.omu.ac.jp/eng/shibahara/info/news/entry-63734.html]
[C:/Users/peper/OneDrive/ドキュメント/柴原研究室/www.omu.ac.jp/eng/shibahara/assets/attachmentfile/attachmentfile-file-55645.jpg]
[C:/Users/peper/OneDrive/ドキュメント/柴原研究室/www.omu.ac.jp/eng/shibahara/assets/sedadf-1.jpg]
[C:/Users/peper/OneDrive/ドキュメント/柴原研究室/www.omu.ac.jp/eng/shibahara/assets/Image1-157-1536x1153.jpg]
[C:/Users/peper/OneDrive/ドキュメント/柴原研究室/www.omu.ac.jp/eng/shibahara/assets/asdfae-1536x1155.jpg]
[C:/Users/peper/OneDrive/ドキュメント/柴原研究室/www.omu.ac.jp/eng/shibahara/assets/Image2-165-1536x1156.jpg]
[C:/Users/peper/OneDrive/ドキュメント/柴原研究室/www.omu.ac.jp/eng/shibahara/assets/235-1536x1155.jpg]
[C:/Users/peper/OneDrive/ドキュメント/柴原研究室/www.omu.ac.jp/eng/shibahara/info/news/entry-63733.html]
[C:/Users/peper/OneDrive/ドキュメント/柴原研究室/www.omu.ac.jp/eng/shibahara/assets/attachmentfile/attachmentfile-file-55644.jpg]
[C:/Users/peper/OneDrive/ドキュメント/柴原研究室/www.omu.ac.jp/eng/shibahara/assets/%E6%98%8E%E7%9F%B3%E5%8C%97%E9%AB%98%E6%A0%A11-1536x1152.jpg]
[C:/Users/peper/OneDrive/ドキュメント/柴原研究室/www.omu.ac.jp/eng/shibahara/assets/%E6%98%8E%E7%9F%B3%E5%8C%97%E9%AB%98%E6%A0%A12-1536x1152.jpg]
[C:/Users/peper/OneDrive/ドキュメント/柴原研究室/www.omu.ac.jp/eng/shibahara/assets/%E6%98%8E%E7%9F%B3%E5%8C%97%E9%AB%98%E6%A0%A13.jpg]
[C:/Users/peper/OneDrive/ドキュメント/柴原研究室/www.omu.ac.jp/eng/shibahara/assets/%E6%98%8E%E7%9F%B3%E5%8C%97%E9%AB%98%E6%A0%A14-1536x1151.jpg]
[C:/Users/peper/OneDrive/ドキュメント/柴原研究室/www.omu.ac.jp/eng/shibahara/info/news/entry-63731.html]
[C:/Users/peper/OneDrive/ドキュメント/柴原研究室/www.omu.ac.jp/eng/shibahara/assets/attachmentfile/attachmentfile-file-55643.jpg]
[C:/Users/peper/OneDrive/ドキュメント/柴原研究室/www.omu.ac.jp/eng/shibahara/assets/Image1-156.jpg]
[C:/Users/peper/OneDrive/ドキュメント/柴原研究室/www.omu.ac.jp/eng/shibahara/assets/Image3-112.jpg]
[C:/Users/peper/OneDrive/ドキュメント/柴原研究室/www.omu.ac.jp/eng/shibahara/assets/Image2-164.jpg]
[C:/Users/peper/OneDrive/ドキュメント/柴原研究室/www.omu.ac.jp/eng/shibahara/info/news/entry-63729.html]
[C:/Users/peper/OneDrive/ドキュメント/柴原研究室/www.omu.ac.jp/eng/shibahara/assets/attachmentfile/attachmentfile-file-55642.jpg]
[C:/Users/peper/OneDrive/ドキュメント/柴原研究室/www.omu.ac.jp/eng/shibahara/assets/Image2-163.jpg]
[C:/Users/peper/OneDrive/ドキュメント/柴原研究室/www.omu.ac.jp/eng/shibahara/assets/Image1-155.jpg]
[C:/Users/peper/OneDrive/ドキュメント/柴原研究室/www.omu.ac.jp/eng/shibahara/assets/Image7-49-1536x1153.jpg]
[C:/Users/peper/OneDrive/ドキュメント/柴原研究室/www.omu.ac.jp/eng/shibahara/assets/S__6881290_0.jpg]
[C:/Users/peper/OneDrive/ドキュメント/柴原研究室/www.omu.ac.jp/eng/shibahara/assets/Image6-70-1536x1148.jpg]
[C:/Users/peper/OneDrive/ドキュメント/柴原研究室/www.omu.ac.jp/eng/shibahara/info/news/entry-63727.html]
[C:/Users/peper/OneDrive/ドキュメント/柴原研究室/www.omu.ac.jp/eng/shibahara/assets/attachmentfile/attachmentfile-file-55595.jpg]
[C:/Users/peper/OneDrive/ドキュメント/柴原研究室/www.omu.ac.jp/eng/shibahara/assets/S__6062136_0_1.jpg]
[C:/Users/peper/OneDrive/ドキュメント/柴原研究室/www.omu.ac.jp/eng/shibahara/assets/S__6062139_0_1.jpg]
[C:/Users/peper/OneDrive/ドキュメント/柴原研究室/www.omu.ac.jp/eng/shibahara/assets/S__6062138_0_1.jpg]
[C:/Users/peper/OneDrive/ドキュメント/柴原研究室/www.omu.ac.jp/eng/shibahara/assets/S__6062140_0_1.jpg]
[C:/Users/peper/OneDrive/ドキュメント/柴原研究室/www.omu.ac.jp/eng/shibahara/assets/S__6062137_0_1.jpg]
[C:/Users/peper/OneDrive/ドキュメント/柴原研究室/www.omu.ac.jp/eng/shibahara/assets/S__6062134_0_1.jpg]
[C:/Users/peper/OneDrive/ドキュメント/柴原研究室/www.omu.ac.jp/eng/shibahara/info/news/entry-63698.html]
[C:/Users/peper/OneDrive/ドキュメント/柴原研究室/www.omu.ac.jp/eng/shibahara/assets/attachmentfile/attachmentfile-file-52348.jpg]
[C:/Users/peper/OneDrive/ドキュメント/柴原研究室/www.omu.ac.jp/eng/shibahara/assets/Image1-153.jpg]
[C:/Users/peper/OneDrive/ドキュメント/柴原研究室/www.omu.ac.jp/eng/shibahara/info/news/entry-61193.html]
[C:/Users/peper/OneDrive/ドキュメント/柴原研究室/www.omu.ac.jp/eng/shibahara/assets/4569DD64-38B1-4BE8-956A-7D329CD444A4.jpg]
[C:/Users/peper/OneDrive/ドキュメント/柴原研究室/www.omu.ac.jp/eng/shibahara/assets/DA2A75CB-80F4-4959-99D2-DD8FE8FFE95D.jpg]
[C:/Users/peper/OneDrive/ドキュメント/柴原研究室/www.omu.ac.jp/eng/shibahara/assets/S__6848614_0.jpg]
[C:/Users/peper/OneDrive/ドキュメント/柴原研究室/www.omu.ac.jp/eng/shibahara/assets/S__6848620_0.jpg]
[C:/Users/peper/OneDrive/ドキュメント/柴原研究室/www.omu.ac.jp/eng/shibahara/assets/S__6848616_0.jpg]
[C:/Users/peper/OneDrive/ドキュメント/柴原研究室/www.omu.ac.jp/eng/shibahara/info/news/entry-61192.html]
[C:/Users/peper/OneDrive/ドキュメント/柴原研究室/www.omu.ac.jp/eng/shibahara/assets/attachmentfile/attachmentfile-file-52349.jpg]
[C:/Users/peper/OneDrive/ドキュメント/柴原研究室/www.omu.ac.jp/eng/shibahara/assets/S__6062136_0.jpg]
[C:/Users/peper/OneDrive/ドキュメント/柴原研究室/www.omu.ac.jp/eng/shibahara/assets/S__6062137_0.jpg]
[C:/Users/peper/OneDrive/ドキュメント/柴原研究室/www.omu.ac.jp/eng/shibahara/assets/S__6062134_0.jpg]
[C:/Users/peper/OneDrive/ドキュメント/柴原研究室/www.omu.ac.jp/eng/shibahara/assets/S__6062139_0.jpg]
[C:/Users/peper/OneDrive/ドキュメント/柴原研究室/www.omu.ac.jp/eng/shibahara/assets/S__6062138_0.jpg]
[C:/Users/peper/OneDrive/ドキュメント/柴原研究室/www.omu.ac.jp/eng/shibahara/assets/S__6062140_0.jpg]
[C:/Users/peper/OneDrive/ドキュメント/柴原研究室/www.omu.ac.jp/eng/shibahara/info/news/entry-61194.html]
[C:/Users/peper/OneDrive/ドキュメント/柴原研究室/www.omu.ac.jp/eng/shibahara/assets/attachmentfile/attachmentfile-file-52347.jpg]
[C:/Users/peper/OneDrive/ドキュメント/柴原研究室/www.omu.ac.jp/eng/shibahara/assets/Image2-162.jpg]
[C:/Users/peper/OneDrive/ドキュメント/柴原研究室/www.omu.ac.jp/eng/shibahara/assets/S__7012411_0.jpg]
[C:/Users/peper/OneDrive/ドキュメント/柴原研究室/www.omu.ac.jp/eng/shibahara/assets/S__7012413_0.jpg]
[C:/Users/peper/OneDrive/ドキュメント/柴原研究室/www.omu.ac.jp/eng/shibahara/assets/S__7012414.jpg]
[C:/Users/peper/OneDrive/ドキュメント/柴原研究室/www.omu.ac.jp/eng/shibahara/assets/SCAN0039-scaled.jpg]
[C:/Users/peper/OneDrive/ドキュメント/柴原研究室/www.omu.ac.jp/eng/shibahara/assets/SCAN0038-scaled.jpg]
[C:/Users/peper/OneDrive/ドキュメント/柴原研究室/www.omu.ac.jp/eng/shibahara/info/news/entry-61191.html]
[C:/Users/peper/OneDrive/ドキュメント/柴原研究室/www.omu.ac.jp/eng/shibahara/assets/attachmentfile/attachmentfile-file-52346.jpg]
[C:/Users/peper/OneDrive/ドキュメント/柴原研究室/www.omu.ac.jp/eng/shibahara/assets/S__6946827_0.jpg]
[C:/Users/peper/OneDrive/ドキュメント/柴原研究室/www.omu.ac.jp/eng/shibahara/assets/S__6946826_0-1536x1152.jpg]
[C:/Users/peper/OneDrive/ドキュメント/柴原研究室/www.omu.ac.jp/eng/shibahara/assets/S__6946822_0-1536x1152.jpg]
[C:/Users/peper/OneDrive/ドキュメント/柴原研究室/www.omu.ac.jp/eng/shibahara/assets/S__6946820_0-1536x1152.jpg]
[C:/Users/peper/OneDrive/ドキュメント/柴原研究室/www.omu.ac.jp/eng/shibahara/assets/S__6946825_0-1536x1152.jpg]
[C:/Users/peper/OneDrive/ドキュメント/柴原研究室/www.omu.ac.jp/eng/shibahara/assets/S__6946818_0.jpg]
[C:/Users/peper/OneDrive/ドキュメント/柴原研究室/www.omu.ac.jp/eng/shibahara/assets/S__6946828_0.jpg]
[C:/Users/peper/OneDrive/ドキュメント/柴原研究室/www.omu.ac.jp/eng/shibahara/assets/S__6946821_0-1536x1152.jpg]
[C:/Users/peper/OneDrive/ドキュメント/柴原研究室/www.omu.ac.jp/eng/shibahara/info/news/entry-61190.html]
[C:/Users/peper/OneDrive/ドキュメント/柴原研究室/www.omu.ac.jp/eng/shibahara/assets/attachmentfile/attachmentfile-file-52345.jpg]
[C:/Users/peper/OneDrive/ドキュメント/柴原研究室/www.omu.ac.jp/eng/shibahara/assets/LINE_ALBUM_20240810_240811_18-1536x1152.jpg]
[C:/Users/peper/OneDrive/ドキュメント/柴原研究室/www.omu.ac.jp/eng/shibahara/assets/LINE_ALBUM_20240810_240811_46-1536x1152.jpg]
[C:/Users/peper/OneDrive/ドキュメント/柴原研究室/www.omu.ac.jp/eng/shibahara/assets/LINE_ALBUM_20240810_240811_39-1536x1152.jpg]
[C:/Users/peper/OneDrive/ドキュメント/柴原研究室/www.omu.ac.jp/eng/shibahara/assets/LINE_ALBUM_20240810_240811_27-1536x1152.jpg]
[C:/Users/peper/OneDrive/ドキュメント/柴原研究室/www.omu.ac.jp/eng/shibahara/assets/LINE_ALBUM_20240810_240811_31-1536x1152.jpg]
[C:/Users/peper/OneDrive/ドキュメント/柴原研究室/www.omu.ac.jp/eng/shibahara/info/news/entry-61189.html]
[C:/Users/peper/OneDrive/ドキュメント/柴原研究室/www.omu.ac.jp/eng/shibahara/assets/attachmentfile/attachmentfile-file-52344.jpg]
[C:/Users/peper/OneDrive/ドキュメント/柴原研究室/www.omu.ac.jp/eng/shibahara/assets/Image2-160.jpg]
[C:/Users/peper/OneDrive/ドキュメント/柴原研究室/www.omu.ac.jp/eng/shibahara/assets/S__6881289_0.jpg]
[C:/Users/peper/OneDrive/ドキュメント/柴原研究室/www.omu.ac.jp/eng/shibahara/assets/S__6881291_0.jpg]
[C:/Users/peper/OneDrive/ドキュメント/柴原研究室/www.omu.ac.jp/eng/shibahara/assets/S__6881287_0.jpg]
[C:/Users/peper/OneDrive/ドキュメント/柴原研究室/www.omu.ac.jp/eng/shibahara/assets/S__6881300_0.jpg]
[C:/Users/peper/OneDrive/ドキュメント/柴原研究室/www.omu.ac.jp/eng/shibahara/assets/S__6881295_0.jpg]
[C:/Users/peper/OneDrive/ドキュメント/柴原研究室/www.omu.ac.jp/eng/shibahara/info/news/entry-61188.html]
[C:/Users/peper/OneDrive/ドキュメント/柴原研究室/www.omu.ac.jp/eng/shibahara/assets/attachmentfile/attachmentfile-file-52343.jpg]
[C:/Users/peper/OneDrive/ドキュメント/柴原研究室/www.omu.ac.jp/eng/shibahara/assets/DE7349F4-C820-4F86-A398-556E70228437.jpg]
[C:/Users/peper/OneDrive/ドキュメント/柴原研究室/www.omu.ac.jp/eng/shibahara/assets/73F2FB6C-8CD4-4F83-B7D5-1B462AF15FE6.jpg]
[C:/Users/peper/OneDrive/ドキュメント/柴原研究室/www.omu.ac.jp/eng/shibahara/assets/9E588C09-F2F0-4770-AB68-B4B45A190FAF-1536x1152.jpg]
[C:/Users/peper/OneDrive/ドキュメント/柴原研究室/www.omu.ac.jp/eng/shibahara/info/news/entry-61187.html]
[C:/Users/peper/OneDrive/ドキュメント/柴原研究室/www.omu.ac.jp/eng/shibahara/assets/attachmentfile/attachmentfile-file-52342.jpg]
[C:/Users/peper/OneDrive/ドキュメント/柴原研究室/www.omu.ac.jp/eng/shibahara/assets/Image1-150.jpg]
[C:/Users/peper/OneDrive/ドキュメント/柴原研究室/www.omu.ac.jp/eng/shibahara/assets/Image2-159.jpg]
[C:/Users/peper/OneDrive/ドキュメント/柴原研究室/www.omu.ac.jp/eng/shibahara/info/news/entry-61186.html]
[C:/Users/peper/OneDrive/ドキュメント/柴原研究室/www.omu.ac.jp/eng/shibahara/assets/attachmentfile/attachmentfile-file-52341.jpg]
[C:/Users/peper/OneDrive/ドキュメント/柴原研究室/www.omu.ac.jp/eng/shibahara/assets/0B1A0356-EE25-426E-8768-8AA1457BEEBA-1536x1152.jpg]
[C:/Users/peper/OneDrive/ドキュメント/柴原研究室/www.omu.ac.jp/eng/shibahara/assets/926DB43B-2A5C-4393-8788-E47D9467F49F-1536x1152.jpg]
[C:/Users/peper/OneDrive/ドキュメント/柴原研究室/www.omu.ac.jp/eng/shibahara/info/news/entry-61185.html]
[C:/Users/peper/OneDrive/ドキュメント/柴原研究室/www.omu.ac.jp/eng/shibahara/assets/attachmentfile/attachmentfile-file-52340.jpg]
[C:/Users/peper/OneDrive/ドキュメント/柴原研究室/www.omu.ac.jp/eng/shibahara/assets/Image1-149.jpg]
[C:/Users/peper/OneDrive/ドキュメント/柴原研究室/www.omu.ac.jp/eng/shibahara/assets/Image2-158.jpg]
[C:/Users/peper/OneDrive/ドキュメント/柴原研究室/www.omu.ac.jp/eng/shibahara/info/news/entry-61182.html]
[C:/Users/peper/OneDrive/ドキュメント/柴原研究室/www.omu.ac.jp/eng/shibahara/assets/attachmentfile/attachmentfile-file-52339.jpg]
[C:/Users/peper/OneDrive/ドキュメント/柴原研究室/www.omu.ac.jp/eng/shibahara/assets/Image5-80-1536x865.jpg]
[C:/Users/peper/OneDrive/ドキュメント/柴原研究室/www.omu.ac.jp/eng/shibahara/info/news/entry-61181.html]
[C:/Users/peper/OneDrive/ドキュメント/柴原研究室/www.omu.ac.jp/eng/shibahara/assets/attachmentfile/attachmentfile-file-52338.jpg]
[C:/Users/peper/OneDrive/ドキュメント/柴原研究室/www.omu.ac.jp/eng/shibahara/assets/Image5-79-1536x1155.jpg]
[C:/Users/peper/OneDrive/ドキュメント/柴原研究室/www.omu.ac.jp/eng/shibahara/info/news/entry-61180.html]
[C:/Users/peper/OneDrive/ドキュメント/柴原研究室/www.omu.ac.jp/eng/shibahara/assets/attachmentfile/attachmentfile-file-52337.jpg]
[C:/Users/peper/OneDrive/ドキュメント/柴原研究室/www.omu.ac.jp/eng/shibahara/assets/Image6-67-1536x1152.jpg]
[C:/Users/peper/OneDrive/ドキュメント/柴原研究室/www.omu.ac.jp/eng/shibahara/info/news/entry-61179.html]
[C:/Users/peper/OneDrive/ドキュメント/柴原研究室/www.omu.ac.jp/eng/shibahara/assets/attachmentfile/attachmentfile-file-52336.jpg]
[C:/Users/peper/OneDrive/ドキュメント/柴原研究室/www.omu.ac.jp/eng/shibahara/assets/S__6357001_0-1536x1152.jpg]
[C:/Users/peper/OneDrive/ドキュメント/柴原研究室/www.omu.ac.jp/eng/shibahara/assets/S__6356997_0-1-1536x1152.jpg]
[C:/Users/peper/OneDrive/ドキュメント/柴原研究室/www.omu.ac.jp/eng/shibahara/assets/Image1-148.jpg]
[C:/Users/peper/OneDrive/ドキュメント/柴原研究室/www.omu.ac.jp/eng/shibahara/assets/S__6356999_0-1536x1152.jpg]
[C:/Users/peper/OneDrive/ドキュメント/柴原研究室/www.omu.ac.jp/eng/shibahara/info/news/entry-61178.html]
[C:/Users/peper/OneDrive/ドキュメント/柴原研究室/www.omu.ac.jp/eng/shibahara/assets/attachmentfile/attachmentfile-file-52334.jpg]
[C:/Users/peper/OneDrive/ドキュメント/柴原研究室/www.omu.ac.jp/eng/shibahara/assets/Image4-97-1536x1157.jpg]
[C:/Users/peper/OneDrive/ドキュメント/柴原研究室/www.omu.ac.jp/eng/shibahara/info/news/entry-61177.html]
[C:/Users/peper/OneDrive/ドキュメント/柴原研究室/www.omu.ac.jp/eng/shibahara/assets/attachmentfile/attachmentfile-file-49901.jpg]
[C:/Users/peper/OneDrive/ドキュメント/柴原研究室/www.omu.ac.jp/eng/shibahara/assets/Image1-147.jpg]
[C:/Users/peper/OneDrive/ドキュメント/柴原研究室/www.omu.ac.jp/eng/shibahara/assets/Image2-157.jpg]
[C:/Users/peper/OneDrive/ドキュメント/柴原研究室/www.omu.ac.jp/eng/shibahara/info/news/entry-58908.html]
[C:/Users/peper/OneDrive/ドキュメント/柴原研究室/www.omu.ac.jp/eng/shibahara/assets/attachmentfile/attachmentfile-file-49892.jpg]
[C:/Users/peper/OneDrive/ドキュメント/柴原研究室/www.omu.ac.jp/eng/shibahara/assets/LINE_ALBUM_20240611_240614_19.jpg]
[C:/Users/peper/OneDrive/ドキュメント/柴原研究室/www.omu.ac.jp/eng/shibahara/assets/LINE_ALBUM_20240610_240614_56.jpg]
[C:/Users/peper/OneDrive/ドキュメント/柴原研究室/www.omu.ac.jp/eng/shibahara/assets/Image1-144.jpg]
[C:/Users/peper/OneDrive/ドキュメント/柴原研究室/www.omu.ac.jp/eng/shibahara/info/news/entry-58906.html]
[C:/Users/peper/OneDrive/ドキュメント/柴原研究室/www.omu.ac.jp/eng/shibahara/assets/attachmentfile/attachmentfile-file-47245.jpg]
[C:/Users/peper/OneDrive/ドキュメント/柴原研究室/www.omu.ac.jp/eng/shibahara/assets/1-38-1536x864.jpg]
[C:/Users/peper/OneDrive/ドキュメント/柴原研究室/www.omu.ac.jp/eng/shibahara/assets/2-34.jpg]
[C:/Users/peper/OneDrive/ドキュメント/柴原研究室/www.omu.ac.jp/eng/shibahara/assets/Image1-142-1536x987.jpg]
[C:/Users/peper/OneDrive/ドキュメント/柴原研究室/www.omu.ac.jp/eng/shibahara/assets/Image3-105.jpg]
[C:/Users/peper/OneDrive/ドキュメント/柴原研究室/www.omu.ac.jp/eng/shibahara/info/news/entry-55553.html]
[C:/Users/peper/OneDrive/ドキュメント/柴原研究室/www.omu.ac.jp/eng/shibahara/assets/attachmentfile/attachmentfile-file-47244.png]
[C:/Users/peper/OneDrive/ドキュメント/柴原研究室/www.omu.ac.jp/eng/shibahara/assets/%E3%82%BF%E3%82%A4%E3%83%88%E3%83%AB%E3%81%AA%E3%81%97.png]
[C:/Users/peper/OneDrive/ドキュメント/柴原研究室/www.omu.ac.jp/eng/shibahara/info/news/entry-55549.html]
[C:/Users/peper/OneDrive/ドキュメント/柴原研究室/www.omu.ac.jp/eng/shibahara/assets/attachmentfile/attachmentfile-file-49888.jpg]
[C:/Users/peper/OneDrive/ドキュメント/柴原研究室/www.omu.ac.jp/eng/shibahara/assets/slide_01_1.jpg]
[C:/Users/peper/OneDrive/ドキュメント/柴原研究室/www.omu.ac.jp/eng/shibahara/assets/slide_03_1.jpg]
[C:/Users/peper/OneDrive/ドキュメント/柴原研究室/www.omu.ac.jp/eng/shibahara/assets/slide_02_1.jpg]
[C:/Users/peper/OneDrive/ドキュメント/柴原研究室/www.omu.ac.jp/eng/shibahara/assets/Image1-143_1.jpg]
[C:/Users/peper/OneDrive/ドキュメント/柴原研究室/www.omu.ac.jp/eng/shibahara/assets/2FE7AD8B-DC0A-4E2A-83B0-BBDA626EFEBE_1.jpg]
[C:/Users/peper/OneDrive/ドキュメント/柴原研究室/www.omu.ac.jp/eng/shibahara/info/news/entry-58899.html]
[C:/Users/peper/OneDrive/ドキュメント/柴原研究室/www.omu.ac.jp/eng/shibahara/assets/attachmentfile/attachmentfile-file-47246.jpg]
[C:/Users/peper/OneDrive/ドキュメント/柴原研究室/www.omu.ac.jp/eng/shibahara/assets/slide_01.jpg]
[C:/Users/peper/OneDrive/ドキュメント/柴原研究室/www.omu.ac.jp/eng/shibahara/assets/slide_03.jpg]
[C:/Users/peper/OneDrive/ドキュメント/柴原研究室/www.omu.ac.jp/eng/shibahara/assets/slide_02.jpg]
[C:/Users/peper/OneDrive/ドキュメント/柴原研究室/www.omu.ac.jp/eng/shibahara/assets/Image1-143.jpg]
[C:/Users/peper/OneDrive/ドキュメント/柴原研究室/www.omu.ac.jp/eng/shibahara/assets/2FE7AD8B-DC0A-4E2A-83B0-BBDA626EFEBE.jpg]
[C:/Users/peper/OneDrive/ドキュメント/柴原研究室/www.omu.ac.jp/eng/shibahara/info/news/entry-55555.html]
[C:/Users/peper/OneDrive/ドキュメント/柴原研究室/www.omu.ac.jp/eng/shibahara/assets/attachmentfile/attachmentfile-file-47243.jpg]
[C:/Users/peper/OneDrive/ドキュメント/柴原研究室/www.omu.ac.jp/eng/shibahara/assets/thumb-750xauto-149009-file-4.jpg]
[C:/Users/peper/OneDrive/ドキュメント/柴原研究室/www.omu.ac.jp/eng/shibahara/assets/1-1486x1536.png]
[C:/Users/peper/OneDrive/ドキュメント/柴原研究室/www.omu.ac.jp/eng/shibahara/assets/2-1536x628.png]
[C:/Users/peper/OneDrive/ドキュメント/柴原研究室/www.omu.ac.jp/eng/shibahara/info/news/entry-55547.html]
[C:/Users/peper/OneDrive/ドキュメント/柴原研究室/www.omu.ac.jp/eng/shibahara/assets/attachmentfile/attachmentfile-file-47242.jpg]
[C:/Users/peper/OneDrive/ドキュメント/柴原研究室/www.omu.ac.jp/eng/shibahara/assets/Image1-141.jpg]
[C:/Users/peper/OneDrive/ドキュメント/柴原研究室/www.omu.ac.jp/eng/shibahara/assets/image1-1_1.gif]
[C:/Users/peper/OneDrive/ドキュメント/柴原研究室/www.omu.ac.jp/eng/shibahara/assets/Image2-154-1536x1085.jpg]
[C:/Users/peper/OneDrive/ドキュメント/柴原研究室/www.omu.ac.jp/eng/shibahara/info/news/entry-55542.html]
[C:/Users/peper/OneDrive/ドキュメント/柴原研究室/www.omu.ac.jp/eng/shibahara/assets/attachmentfile/attachmentfile-file-47241.jpg]
[C:/Users/peper/OneDrive/ドキュメント/柴原研究室/www.omu.ac.jp/eng/shibahara/assets/%E7%89%B9%E8%A8%B1%E8%A8%BC%E7%89%B9%E8%A8%B1%E7%AC%AC7488523_1.jpg]
[C:/Users/peper/OneDrive/ドキュメント/柴原研究室/www.omu.ac.jp/eng/shibahara/assets/Image1-140.jpg]
[C:/Users/peper/OneDrive/ドキュメント/柴原研究室/www.omu.ac.jp/eng/shibahara/info/news/entry-55536.html]
[C:/Users/peper/OneDrive/ドキュメント/柴原研究室/www.omu.ac.jp/eng/shibahara/assets/attachmentfile/attachmentfile-file-47223.jpg]
[C:/Users/peper/OneDrive/ドキュメント/柴原研究室/www.omu.ac.jp/eng/shibahara/assets/1-37.jpg]
[C:/Users/peper/OneDrive/ドキュメント/柴原研究室/www.omu.ac.jp/eng/shibahara/assets/2-33-1536x1154.jpg]
[C:/Users/peper/OneDrive/ドキュメント/柴原研究室/www.omu.ac.jp/eng/shibahara/assets/3-2-2.jpg]
[C:/Users/peper/OneDrive/ドキュメント/柴原研究室/www.omu.ac.jp/eng/shibahara/assets/5-28.jpg]
[C:/Users/peper/OneDrive/ドキュメント/柴原研究室/www.omu.ac.jp/eng/shibahara/assets/3-32.jpg]
[C:/Users/peper/OneDrive/ドキュメント/柴原研究室/www.omu.ac.jp/eng/shibahara/info/news/entry-55531.html]
[C:/Users/peper/OneDrive/ドキュメント/柴原研究室/www.omu.ac.jp/eng/shibahara/assets/attachmentfile/attachmentfile-file-47222.jpg]
[C:/Users/peper/OneDrive/ドキュメント/柴原研究室/www.omu.ac.jp/eng/shibahara/assets/Image1-139-1536x1154.jpg]
[C:/Users/peper/OneDrive/ドキュメント/柴原研究室/www.omu.ac.jp/eng/shibahara/info/news/entry-55529.html]
[C:/Users/peper/OneDrive/ドキュメント/柴原研究室/www.omu.ac.jp/eng/shibahara/assets/attachmentfile/attachmentfile-file-47220.jpg]
[C:/Users/peper/OneDrive/ドキュメント/柴原研究室/www.omu.ac.jp/eng/shibahara/assets/Image6-66-1536x1154.jpg]
[C:/Users/peper/OneDrive/ドキュメント/柴原研究室/www.omu.ac.jp/eng/shibahara/assets/Image4-96.jpg]
[C:/Users/peper/OneDrive/ドキュメント/柴原研究室/www.omu.ac.jp/eng/shibahara/assets/Cimg2991-1-1536x1152.jpg]
[C:/Users/peper/OneDrive/ドキュメント/柴原研究室/www.omu.ac.jp/eng/shibahara/assets/Cimg2981-1-1536x1152.jpg]
[C:/Users/peper/OneDrive/ドキュメント/柴原研究室/www.omu.ac.jp/eng/shibahara/info/news/entry-55526.html]
[C:/Users/peper/OneDrive/ドキュメント/柴原研究室/www.omu.ac.jp/eng/shibahara/assets/image149.gif]
[C:/Users/peper/OneDrive/ドキュメント/柴原研究室/www.omu.ac.jp/eng/shibahara/assets/image94.gif]
[C:/Users/peper/OneDrive/ドキュメント/柴原研究室/www.omu.ac.jp/eng/shibahara/assets/image112.gif]
[C:/Users/peper/OneDrive/ドキュメント/柴原研究室/www.omu.ac.jp/eng/shibahara/assets/image58.gif]
[C:/Users/peper/OneDrive/ドキュメント/柴原研究室/www.omu.ac.jp/eng/shibahara/assets/image93.gif]
[C:/Users/peper/OneDrive/ドキュメント/柴原研究室/www.omu.ac.jp/eng/shibahara/info/news/entry-53186.html]
[C:/Users/peper/OneDrive/ドキュメント/柴原研究室/www.omu.ac.jp/eng/shibahara/assets/attachmentfile/attachmentfile-file-45050.jpg]
[C:/Users/peper/OneDrive/ドキュメント/柴原研究室/www.omu.ac.jp/eng/shibahara/assets/Image3-103-2048x1538.jpg]
[C:/Users/peper/OneDrive/ドキュメント/柴原研究室/www.omu.ac.jp/eng/shibahara/info/news/entry-53185.html]
[C:/Users/peper/OneDrive/ドキュメント/柴原研究室/www.omu.ac.jp/eng/shibahara/assets/attachmentfile/attachmentfile-file-45049.jpg]
[C:/Users/peper/OneDrive/ドキュメント/柴原研究室/www.omu.ac.jp/eng/shibahara/assets/Image9-37.jpg]
[C:/Users/peper/OneDrive/ドキュメント/柴原研究室/www.omu.ac.jp/eng/shibahara/assets/Image6-64.jpg]
[C:/Users/peper/OneDrive/ドキュメント/柴原研究室/www.omu.ac.jp/eng/shibahara/assets/Image8-47-2048x1162.jpg]
[C:/Users/peper/OneDrive/ドキュメント/柴原研究室/www.omu.ac.jp/eng/shibahara/info/news/entry-53184.html]
[C:/Users/peper/OneDrive/ドキュメント/柴原研究室/www.omu.ac.jp/eng/shibahara/assets/attachmentfile/attachmentfile-file-45048.jpg]
[C:/Users/peper/OneDrive/ドキュメント/柴原研究室/www.omu.ac.jp/eng/shibahara/assets/Image1-137.jpg]
[C:/Users/peper/OneDrive/ドキュメント/柴原研究室/www.omu.ac.jp/eng/shibahara/assets/LINE_ALBUM_BBQ_240506_1.jpg]
[C:/Users/peper/OneDrive/ドキュメント/柴原研究室/www.omu.ac.jp/eng/shibahara/assets/S__5668881_0.jpg]
[C:/Users/peper/OneDrive/ドキュメント/柴原研究室/www.omu.ac.jp/eng/shibahara/assets/S__5668902.jpg]
[C:/Users/peper/OneDrive/ドキュメント/柴原研究室/www.omu.ac.jp/eng/shibahara/assets/S__5668876_0.jpg]
[C:/Users/peper/OneDrive/ドキュメント/柴原研究室/www.omu.ac.jp/eng/shibahara/assets/S__5668879_0.jpg]
[C:/Users/peper/OneDrive/ドキュメント/柴原研究室/www.omu.ac.jp/eng/shibahara/assets/S__5668894_0.jpg]
[C:/Users/peper/OneDrive/ドキュメント/柴原研究室/www.omu.ac.jp/eng/shibahara/assets/S__5668895_0.jpg]
[C:/Users/peper/OneDrive/ドキュメント/柴原研究室/www.omu.ac.jp/eng/shibahara/assets/S__5668891_0.jpg]
[C:/Users/peper/OneDrive/ドキュメント/柴原研究室/www.omu.ac.jp/eng/shibahara/assets/S__5668897_0.jpg]
[C:/Users/peper/OneDrive/ドキュメント/柴原研究室/www.omu.ac.jp/eng/shibahara/info/news/entry-53183.html]
[C:/Users/peper/OneDrive/ドキュメント/柴原研究室/www.omu.ac.jp/eng/shibahara/assets/attachmentfile/attachmentfile-file-45046.jpg]
[C:/Users/peper/OneDrive/ドキュメント/柴原研究室/www.omu.ac.jp/eng/shibahara/assets/Image2-150-2048x1539.jpg]
[C:/Users/peper/OneDrive/ドキュメント/柴原研究室/www.omu.ac.jp/eng/shibahara/assets/S__5562380_0.jpg]
[C:/Users/peper/OneDrive/ドキュメント/柴原研究室/www.omu.ac.jp/eng/shibahara/assets/S__5562376_0.jpg]
[C:/Users/peper/OneDrive/ドキュメント/柴原研究室/www.omu.ac.jp/eng/shibahara/assets/S__5562382_0.jpg]
[C:/Users/peper/OneDrive/ドキュメント/柴原研究室/www.omu.ac.jp/eng/shibahara/assets/Image3-101-2048x1537.jpg]
[C:/Users/peper/OneDrive/ドキュメント/柴原研究室/www.omu.ac.jp/eng/shibahara/assets/S__287735859_0.jpg]
[C:/Users/peper/OneDrive/ドキュメント/柴原研究室/www.omu.ac.jp/eng/shibahara/info/news/entry-53181.html]
[C:/Users/peper/OneDrive/ドキュメント/柴原研究室/www.omu.ac.jp/eng/shibahara/assets/attachmentfile/attachmentfile-file-45039.jpg]
[C:/Users/peper/OneDrive/ドキュメント/柴原研究室/www.omu.ac.jp/eng/shibahara/assets/messageImage_1713351271513.jpg]
[C:/Users/peper/OneDrive/ドキュメント/柴原研究室/www.omu.ac.jp/eng/shibahara/assets/S__287694852_0.jpg]
[C:/Users/peper/OneDrive/ドキュメント/柴原研究室/www.omu.ac.jp/eng/shibahara/assets/Image3-100.jpg]
[C:/Users/peper/OneDrive/ドキュメント/柴原研究室/www.omu.ac.jp/eng/shibahara/assets/Image1-129.jpg]
[C:/Users/peper/OneDrive/ドキュメント/柴原研究室/www.omu.ac.jp/eng/shibahara/assets/LINE_ALBUM_20240425_240426_14.jpg]
[C:/Users/peper/OneDrive/ドキュメント/柴原研究室/www.omu.ac.jp/eng/shibahara/assets/LINE_ALBUM_20240425_240426_10.jpg]
[C:/Users/peper/OneDrive/ドキュメント/柴原研究室/www.omu.ac.jp/eng/shibahara/assets/Image1-128.jpg]
[C:/Users/peper/OneDrive/ドキュメント/柴原研究室/www.omu.ac.jp/eng/shibahara/assets/S__287735856_0.jpg]
[C:/Users/peper/OneDrive/ドキュメント/柴原研究室/www.omu.ac.jp/eng/shibahara/info/news/entry-52962.html]
[C:/Users/peper/OneDrive/ドキュメント/柴原研究室/www.omu.ac.jp/eng/shibahara/assets/attachmentfile/attachmentfile-file-45037.jpg]
[C:/Users/peper/OneDrive/ドキュメント/柴原研究室/www.omu.ac.jp/eng/shibahara/assets/ddd-10-scaled.jpg]
[C:/Users/peper/OneDrive/ドキュメント/柴原研究室/www.omu.ac.jp/eng/shibahara/assets/image21-compressed5MB.gif]
[C:/Users/peper/OneDrive/ドキュメント/柴原研究室/www.omu.ac.jp/eng/shibahara/assets/image54.gif]
[C:/Users/peper/OneDrive/ドキュメント/柴原研究室/www.omu.ac.jp/eng/shibahara/assets/image19.gif]
[C:/Users/peper/OneDrive/ドキュメント/柴原研究室/www.omu.ac.jp/eng/shibahara/info/news/entry-52959.html]
[C:/Users/peper/OneDrive/ドキュメント/柴原研究室/www.omu.ac.jp/eng/shibahara/assets/attachmentfile/attachmentfile-file-45047.jpg]
[C:/Users/peper/OneDrive/ドキュメント/柴原研究室/www.omu.ac.jp/eng/shibahara/assets/Image1-135-2048x1538.jpg]
[C:/Users/peper/OneDrive/ドキュメント/柴原研究室/www.omu.ac.jp/eng/shibahara/assets/Image5-77-2048x1542.jpg]
[C:/Users/peper/OneDrive/ドキュメント/柴原研究室/www.omu.ac.jp/eng/shibahara/assets/S__5521448_0-1-2048x1536.jpg]
[C:/Users/peper/OneDrive/ドキュメント/柴原研究室/www.omu.ac.jp/eng/shibahara/assets/Image9-36-2048x1539.jpg]
[C:/Users/peper/OneDrive/ドキュメント/柴原研究室/www.omu.ac.jp/eng/shibahara/assets/Image8-46-2048x1538.jpg]
[C:/Users/peper/OneDrive/ドキュメント/柴原研究室/www.omu.ac.jp/eng/shibahara/assets/Image7-47-2048x1541.jpg]
[C:/Users/peper/OneDrive/ドキュメント/柴原研究室/www.omu.ac.jp/eng/shibahara/assets/S__5521450_0-1-2048x1536.jpg]
[C:/Users/peper/OneDrive/ドキュメント/柴原研究室/www.omu.ac.jp/eng/shibahara/assets/Image11-33.jpg]
[C:/Users/peper/OneDrive/ドキュメント/柴原研究室/www.omu.ac.jp/eng/shibahara/assets/S__13885501.jpg]
[C:/Users/peper/OneDrive/ドキュメント/柴原研究室/www.omu.ac.jp/eng/shibahara/info/news/entry-53182.html]
[C:/Users/peper/OneDrive/ドキュメント/柴原研究室/www.omu.ac.jp/eng/shibahara/assets/attachmentfile/attachmentfile-file-45036.jpg]
[C:/Users/peper/OneDrive/ドキュメント/柴原研究室/www.omu.ac.jp/eng/shibahara/assets/1-35.jpg]
[C:/Users/peper/OneDrive/ドキュメント/柴原研究室/www.omu.ac.jp/eng/shibahara/assets/Image1-126.jpg]
[C:/Users/peper/OneDrive/ドキュメント/柴原研究室/www.omu.ac.jp/eng/shibahara/assets/41024_0.jpg]
[C:/Users/peper/OneDrive/ドキュメント/柴原研究室/www.omu.ac.jp/eng/shibahara/assets/41025_0.jpg]
[C:/Users/peper/OneDrive/ドキュメント/柴原研究室/www.omu.ac.jp/eng/shibahara/assets/22-6-2048x1537.jpg]
[C:/Users/peper/OneDrive/ドキュメント/柴原研究室/www.omu.ac.jp/eng/shibahara/info/news/entry-52955.html]
[C:/Users/peper/OneDrive/ドキュメント/柴原研究室/www.omu.ac.jp/eng/shibahara/assets/attachmentfile/attachmentfile-file-45035.jpg]
[C:/Users/peper/OneDrive/ドキュメント/柴原研究室/www.omu.ac.jp/eng/shibahara/assets/Image3-98-2048x1535.jpg]
[C:/Users/peper/OneDrive/ドキュメント/柴原研究室/www.omu.ac.jp/eng/shibahara/info/news/entry-52953.html]
[C:/Users/peper/OneDrive/ドキュメント/柴原研究室/www.omu.ac.jp/eng/shibahara/assets/attachmentfile/attachmentfile-file-45033.jpg]
[C:/Users/peper/OneDrive/ドキュメント/柴原研究室/www.omu.ac.jp/eng/shibahara/assets/Image4-93.jpg]
[C:/Users/peper/OneDrive/ドキュメント/柴原研究室/www.omu.ac.jp/eng/shibahara/assets/Image5-76.jpg]
[C:/Users/peper/OneDrive/ドキュメント/柴原研究室/www.omu.ac.jp/eng/shibahara/assets/Image21-15.jpg]
[C:/Users/peper/OneDrive/ドキュメント/柴原研究室/www.omu.ac.jp/eng/shibahara/assets/Image1-125-2048x1545.jpg]
[C:/Users/peper/OneDrive/ドキュメント/柴原研究室/www.omu.ac.jp/eng/shibahara/assets/Image3-97.jpg]
[C:/Users/peper/OneDrive/ドキュメント/柴原研究室/www.omu.ac.jp/eng/shibahara/info/news/entry-52950.html]
[C:/Users/peper/OneDrive/ドキュメント/柴原研究室/www.omu.ac.jp/eng/shibahara/assets/attachmentfile/attachmentfile-file-45032.jpg]
[C:/Users/peper/OneDrive/ドキュメント/柴原研究室/www.omu.ac.jp/eng/shibahara/assets/Image1-124-2048x1537.jpg]
[C:/Users/peper/OneDrive/ドキュメント/柴原研究室/www.omu.ac.jp/eng/shibahara/info/news/entry-52946.html]
[C:/Users/peper/OneDrive/ドキュメント/柴原研究室/www.omu.ac.jp/eng/shibahara/assets/attachmentfile/attachmentfile-file-45031.jpg]
[C:/Users/peper/OneDrive/ドキュメント/柴原研究室/www.omu.ac.jp/eng/shibahara/assets/NAGAKI-2048x1540.jpg]
[C:/Users/peper/OneDrive/ドキュメント/柴原研究室/www.omu.ac.jp/eng/shibahara/assets/C0557C2F-0496-4B33-BFD2-A44353CB452C-2048x1536.jpg]
[C:/Users/peper/OneDrive/ドキュメント/柴原研究室/www.omu.ac.jp/eng/shibahara/assets/93A5793C-B464-4CF8-8EB1-A81820991E65-2048x1536.jpg]
[C:/Users/peper/OneDrive/ドキュメント/柴原研究室/www.omu.ac.jp/eng/shibahara/assets/D9AF5A65-9FB5-4154-AC50-037000277A94-2048x1536.jpg]
[C:/Users/peper/OneDrive/ドキュメント/柴原研究室/www.omu.ac.jp/eng/shibahara/info/news/entry-52943.html]
[C:/Users/peper/OneDrive/ドキュメント/柴原研究室/www.omu.ac.jp/eng/shibahara/assets/attachmentfile/attachmentfile-file-44986.jpg]
[C:/Users/peper/OneDrive/ドキュメント/柴原研究室/www.omu.ac.jp/eng/shibahara/assets/10CC5D97-7359-48F7-AC7A-9368CB366CE4-2048x1536.jpg]
[C:/Users/peper/OneDrive/ドキュメント/柴原研究室/www.omu.ac.jp/eng/shibahara/assets/5B9AAFB8-E4FD-4D6C-96B8-44028074F17C-2048x1536.jpg]
[C:/Users/peper/OneDrive/ドキュメント/柴原研究室/www.omu.ac.jp/eng/shibahara/assets/Image1-122-2048x1540.jpg]
[C:/Users/peper/OneDrive/ドキュメント/柴原研究室/www.omu.ac.jp/eng/shibahara/assets/04BCBDBF-0FC5-4F5D-8EA1-905F745C2B07.jpg]
[C:/Users/peper/OneDrive/ドキュメント/柴原研究室/www.omu.ac.jp/eng/shibahara/assets/3B516438-50D2-49D6-8D7A-EFC1785A1544.jpg]
[C:/Users/peper/OneDrive/ドキュメント/柴原研究室/www.omu.ac.jp/eng/shibahara/info/news/entry-52937.html]
[C:/Users/peper/OneDrive/ドキュメント/柴原研究室/www.omu.ac.jp/eng/shibahara/assets/attachmentfile/attachmentfile-file-44985.jpg]
[C:/Users/peper/OneDrive/ドキュメント/柴原研究室/www.omu.ac.jp/eng/shibahara/assets/Image2-144-2048x1539.jpg]
[C:/Users/peper/OneDrive/ドキュメント/柴原研究室/www.omu.ac.jp/eng/shibahara/assets/SCAN0030-scaled.jpg]
[C:/Users/peper/OneDrive/ドキュメント/柴原研究室/www.omu.ac.jp/eng/shibahara/assets/SCAN0032-scaled.jpg]
[C:/Users/peper/OneDrive/ドキュメント/柴原研究室/www.omu.ac.jp/eng/shibahara/info/news/entry-52936.html]
[C:/Users/peper/OneDrive/ドキュメント/柴原研究室/www.omu.ac.jp/eng/shibahara/assets/attachmentfile/attachmentfile-file-40212.jpg]
[C:/Users/peper/OneDrive/ドキュメント/柴原研究室/www.omu.ac.jp/eng/shibahara/assets/S__5038348_0.jpg]
[C:/Users/peper/OneDrive/ドキュメント/柴原研究室/www.omu.ac.jp/eng/shibahara/assets/SCAN0031-scaled.jpg]
[C:/Users/peper/OneDrive/ドキュメント/柴原研究室/www.omu.ac.jp/eng/shibahara/info/news/entry-48756.html]
[C:/Users/peper/OneDrive/ドキュメント/柴原研究室/www.omu.ac.jp/eng/shibahara/assets/attachmentfile/attachmentfile-file-40211.jpg]
[C:/Users/peper/OneDrive/ドキュメント/柴原研究室/www.omu.ac.jp/eng/shibahara/assets/IMG_7888-2-2048x1365.jpg]
[C:/Users/peper/OneDrive/ドキュメント/柴原研究室/www.omu.ac.jp/eng/shibahara/assets/320A9715-2048x1365.jpg]
[C:/Users/peper/OneDrive/ドキュメント/柴原研究室/www.omu.ac.jp/eng/shibahara/assets/320A9773-2048x1365.jpg]
[C:/Users/peper/OneDrive/ドキュメント/柴原研究室/www.omu.ac.jp/eng/shibahara/assets/320A9770-2048x1365.jpg]
[C:/Users/peper/OneDrive/ドキュメント/柴原研究室/www.omu.ac.jp/eng/shibahara/info/news/entry-48755.html]
[C:/Users/peper/OneDrive/ドキュメント/柴原研究室/www.omu.ac.jp/eng/shibahara/assets/attachmentfile/attachmentfile-file-40208.jpg]
[C:/Users/peper/OneDrive/ドキュメント/柴原研究室/www.omu.ac.jp/eng/shibahara/assets/320A9805-2048x1365.jpg]
[C:/Users/peper/OneDrive/ドキュメント/柴原研究室/www.omu.ac.jp/eng/shibahara/assets/IMG_7730-2048x1365.jpg]
[C:/Users/peper/OneDrive/ドキュメント/柴原研究室/www.omu.ac.jp/eng/shibahara/assets/IMG_7889-2048x1365.jpg]
[C:/Users/peper/OneDrive/ドキュメント/柴原研究室/www.omu.ac.jp/eng/shibahara/assets/S__5038292_0.jpg]
[C:/Users/peper/OneDrive/ドキュメント/柴原研究室/www.omu.ac.jp/eng/shibahara/info/news/entry-48752.html]
[C:/Users/peper/OneDrive/ドキュメント/柴原研究室/www.omu.ac.jp/eng/shibahara/assets/attachmentfile/attachmentfile-file-40205.jpg]
[C:/Users/peper/OneDrive/ドキュメント/柴原研究室/www.omu.ac.jp/eng/shibahara/assets/Image1-118-2048x1537.jpg]
[C:/Users/peper/OneDrive/ドキュメント/柴原研究室/www.omu.ac.jp/eng/shibahara/assets/Image10-33-2048x1308.jpg]
[C:/Users/peper/OneDrive/ドキュメント/柴原研究室/www.omu.ac.jp/eng/shibahara/assets/IMG_7889-1-2048x1365.jpg]
[C:/Users/peper/OneDrive/ドキュメント/柴原研究室/www.omu.ac.jp/eng/shibahara/assets/S__5038360_0.jpg]
[C:/Users/peper/OneDrive/ドキュメント/柴原研究室/www.omu.ac.jp/eng/shibahara/assets/S__5038362_0.jpg]
[C:/Users/peper/OneDrive/ドキュメント/柴原研究室/www.omu.ac.jp/eng/shibahara/info/news/entry-48750.html]
[C:/Users/peper/OneDrive/ドキュメント/柴原研究室/www.omu.ac.jp/eng/shibahara/assets/attachmentfile/attachmentfile-file-40204.jpg]
[C:/Users/peper/OneDrive/ドキュメント/柴原研究室/www.omu.ac.jp/eng/shibahara/assets/Image3-95.jpg]
[C:/Users/peper/OneDrive/ドキュメント/柴原研究室/www.omu.ac.jp/eng/shibahara/assets/Image4-92.jpg]
[C:/Users/peper/OneDrive/ドキュメント/柴原研究室/www.omu.ac.jp/eng/shibahara/assets/SCAN0028_0-scaled.jpg]
[C:/Users/peper/OneDrive/ドキュメント/柴原研究室/www.omu.ac.jp/eng/shibahara/assets/SCAN0029_0-scaled.jpg]
[C:/Users/peper/OneDrive/ドキュメント/柴原研究室/www.omu.ac.jp/eng/shibahara/info/news/entry-48749.html]
[C:/Users/peper/OneDrive/ドキュメント/柴原研究室/www.omu.ac.jp/eng/shibahara/assets/attachmentfile/attachmentfile-file-40202.jpg]
[C:/Users/peper/OneDrive/ドキュメント/柴原研究室/www.omu.ac.jp/eng/shibahara/assets/d-5.jpg]
[C:/Users/peper/OneDrive/ドキュメント/柴原研究室/www.omu.ac.jp/eng/shibahara/assets/Image1-115-2048x1538.jpg]
[C:/Users/peper/OneDrive/ドキュメント/柴原研究室/www.omu.ac.jp/eng/shibahara/info/news/entry-48742.html]
[C:/Users/peper/OneDrive/ドキュメント/柴原研究室/www.omu.ac.jp/eng/shibahara/assets/attachmentfile/attachmentfile-file-39860.jpg]
[C:/Users/peper/OneDrive/ドキュメント/柴原研究室/www.omu.ac.jp/eng/shibahara/assets/S__4898824_0-2048x1536.jpg]
[C:/Users/peper/OneDrive/ドキュメント/柴原研究室/www.omu.ac.jp/eng/shibahara/assets/499702401218117877-2048x1536.jpg]
[C:/Users/peper/OneDrive/ドキュメント/柴原研究室/www.omu.ac.jp/eng/shibahara/assets/S__4898827_0-2048x1536.jpg]
[C:/Users/peper/OneDrive/ドキュメント/柴原研究室/www.omu.ac.jp/eng/shibahara/assets/S__281624590.jpg]
[C:/Users/peper/OneDrive/ドキュメント/柴原研究室/www.omu.ac.jp/eng/shibahara/info/news/entry-47952.html]
[C:/Users/peper/OneDrive/ドキュメント/柴原研究室/www.omu.ac.jp/eng/shibahara/assets/attachmentfile/attachmentfile-file-39657.jpg]
[C:/Users/peper/OneDrive/ドキュメント/柴原研究室/www.omu.ac.jp/eng/shibahara/assets/Image4-91.jpg]
[C:/Users/peper/OneDrive/ドキュメント/柴原研究室/www.omu.ac.jp/eng/shibahara/assets/Image1-114.jpg]
[C:/Users/peper/OneDrive/ドキュメント/柴原研究室/www.omu.ac.jp/eng/shibahara/assets/Image1-52-1024x775-1-768x581.jpg]
[C:/Users/peper/OneDrive/ドキュメント/柴原研究室/www.omu.ac.jp/eng/shibahara/assets/Image23-2-2048x1537_1.jpg]
[C:/Users/peper/OneDrive/ドキュメント/柴原研究室/www.omu.ac.jp/eng/shibahara/assets/Image2-72-1024x796.jpg]
[C:/Users/peper/OneDrive/ドキュメント/柴原研究室/www.omu.ac.jp/eng/shibahara/info/news/entry-47699.html]
[C:/Users/peper/OneDrive/ドキュメント/柴原研究室/www.omu.ac.jp/eng/shibahara/assets/attachmentfile/attachmentfile-file-39859.jpg]
[C:/Users/peper/OneDrive/ドキュメント/柴原研究室/www.omu.ac.jp/eng/shibahara/assets/Image11-30-2048x1545.jpg]
[C:/Users/peper/OneDrive/ドキュメント/柴原研究室/www.omu.ac.jp/eng/shibahara/info/news/entry-47951.html]
[C:/Users/peper/OneDrive/ドキュメント/柴原研究室/www.omu.ac.jp/eng/shibahara/assets/attachmentfile/attachmentfile-file-39655.jpg]
[C:/Users/peper/OneDrive/ドキュメント/柴原研究室/www.omu.ac.jp/eng/shibahara/assets/S__218701833_0.jpg]
[C:/Users/peper/OneDrive/ドキュメント/柴原研究室/www.omu.ac.jp/eng/shibahara/assets/S__218701832_0.jpg]
[C:/Users/peper/OneDrive/ドキュメント/柴原研究室/www.omu.ac.jp/eng/shibahara/assets/S__53207044_0-2048x1536.jpg]
[C:/Users/peper/OneDrive/ドキュメント/柴原研究室/www.omu.ac.jp/eng/shibahara/assets/S__4546592_0.jpg]
[C:/Users/peper/OneDrive/ドキュメント/柴原研究室/www.omu.ac.jp/eng/shibahara/assets/Image1-113.jpg]
[C:/Users/peper/OneDrive/ドキュメント/柴原研究室/www.omu.ac.jp/eng/shibahara/assets/S__4546591_0.jpg]
[C:/Users/peper/OneDrive/ドキュメント/柴原研究室/www.omu.ac.jp/eng/shibahara/info/news/entry-47697.html]
[C:/Users/peper/OneDrive/ドキュメント/柴原研究室/www.omu.ac.jp/eng/shibahara/assets/attachmentfile/attachmentfile-file-39656.jpg]
[C:/Users/peper/OneDrive/ドキュメント/柴原研究室/www.omu.ac.jp/eng/shibahara/assets/S__4546601_0-2048x1536.jpg]
[C:/Users/peper/OneDrive/ドキュメント/柴原研究室/www.omu.ac.jp/eng/shibahara/assets/asdfasd-1-2048x1538.jpg]
[C:/Users/peper/OneDrive/ドキュメント/柴原研究室/www.omu.ac.jp/eng/shibahara/assets/sdfasd-3-2048x1538.jpg]
[C:/Users/peper/OneDrive/ドキュメント/柴原研究室/www.omu.ac.jp/eng/shibahara/assets/Image2-138-2048x1541.jpg]
[C:/Users/peper/OneDrive/ドキュメント/柴原研究室/www.omu.ac.jp/eng/shibahara/assets/Image3-94-2048x1543.jpg]
[C:/Users/peper/OneDrive/ドキュメント/柴原研究室/www.omu.ac.jp/eng/shibahara/info/news/entry-47698.html]
[C:/Users/peper/OneDrive/ドキュメント/柴原研究室/www.omu.ac.jp/eng/shibahara/assets/attachmentfile/attachmentfile-file-39654.jpg]
[C:/Users/peper/OneDrive/ドキュメント/柴原研究室/www.omu.ac.jp/eng/shibahara/assets/IMG_1793_01-2048x1367.jpg]
[C:/Users/peper/OneDrive/ドキュメント/柴原研究室/www.omu.ac.jp/eng/shibahara/assets/6177D10D-7D08-4A55-A83B-3CE016055F8E-2048x1536.jpg]
[C:/Users/peper/OneDrive/ドキュメント/柴原研究室/www.omu.ac.jp/eng/shibahara/assets/BA5A6522-26D1-4DEA-ABFF-DEC2FF32F400-2048x1536.jpg]
[C:/Users/peper/OneDrive/ドキュメント/柴原研究室/www.omu.ac.jp/eng/shibahara/assets/Image1-109-scaled.jpg]
[C:/Users/peper/OneDrive/ドキュメント/柴原研究室/www.omu.ac.jp/eng/shibahara/assets/Image2-136-scaled.jpg]
[C:/Users/peper/OneDrive/ドキュメント/柴原研究室/www.omu.ac.jp/eng/shibahara/info/news/entry-47696.html]
[C:/Users/peper/OneDrive/ドキュメント/柴原研究室/www.omu.ac.jp/eng/shibahara/assets/attachmentfile/attachmentfile-file-39653.jpg]
[C:/Users/peper/OneDrive/ドキュメント/柴原研究室/www.omu.ac.jp/eng/shibahara/assets/Image6-61.jpg]
[C:/Users/peper/OneDrive/ドキュメント/柴原研究室/www.omu.ac.jp/eng/shibahara/info/news/entry-47695.html]
[C:/Users/peper/OneDrive/ドキュメント/柴原研究室/www.omu.ac.jp/eng/shibahara/assets/attachmentfile/attachmentfile-file-39652.jpg]
[C:/Users/peper/OneDrive/ドキュメント/柴原研究室/www.omu.ac.jp/eng/shibahara/assets/Image1-106.jpg]
[C:/Users/peper/OneDrive/ドキュメント/柴原研究室/www.omu.ac.jp/eng/shibahara/assets/Image2-135.jpg]
[C:/Users/peper/OneDrive/ドキュメント/柴原研究室/www.omu.ac.jp/eng/shibahara/info/news/entry-47694.html]
[C:/Users/peper/OneDrive/ドキュメント/柴原研究室/www.omu.ac.jp/eng/shibahara/assets/attachmentfile/attachmentfile-file-39651.jpg]
[C:/Users/peper/OneDrive/ドキュメント/柴原研究室/www.omu.ac.jp/eng/shibahara/assets/S__4071477_0-1-2048x1536.jpg]
[C:/Users/peper/OneDrive/ドキュメント/柴原研究室/www.omu.ac.jp/eng/shibahara/assets/S__4071475_0-2-2048x1536.jpg]
[C:/Users/peper/OneDrive/ドキュメント/柴原研究室/www.omu.ac.jp/eng/shibahara/info/news/entry-47693.html]
[C:/Users/peper/OneDrive/ドキュメント/柴原研究室/www.omu.ac.jp/eng/shibahara/assets/attachmentfile/attachmentfile-file-39648.jpg]
[C:/Users/peper/OneDrive/ドキュメント/柴原研究室/www.omu.ac.jp/eng/shibahara/assets/ddd-9.jpg]
[C:/Users/peper/OneDrive/ドキュメント/柴原研究室/www.omu.ac.jp/eng/shibahara/assets/IMG_1706-2048x1365.jpg]
[C:/Users/peper/OneDrive/ドキュメント/柴原研究室/www.omu.ac.jp/eng/shibahara/assets/IMG_1712-2048x1365.jpg]
[C:/Users/peper/OneDrive/ドキュメント/柴原研究室/www.omu.ac.jp/eng/shibahara/assets/IMG_1720-2048x1365.jpg]
[C:/Users/peper/OneDrive/ドキュメント/柴原研究室/www.omu.ac.jp/eng/shibahara/info/news/entry-47692.html]
[C:/Users/peper/OneDrive/ドキュメント/柴原研究室/www.omu.ac.jp/eng/shibahara/assets/attachmentfile/attachmentfile-file-39376.jpg]
[C:/Users/peper/OneDrive/ドキュメント/柴原研究室/www.omu.ac.jp/eng/shibahara/info/news/entry-47471.html]
[C:/Users/peper/OneDrive/ドキュメント/柴原研究室/www.omu.ac.jp/eng/shibahara/assets/attachmentfile/attachmentfile-file-37602.jpg]
[C:/Users/peper/OneDrive/ドキュメント/柴原研究室/www.omu.ac.jp/eng/shibahara/assets/Image2-134-2048x1534.jpg]
[C:/Users/peper/OneDrive/ドキュメント/柴原研究室/www.omu.ac.jp/eng/shibahara/assets/Image10-32-2048x1118.jpg]
[C:/Users/peper/OneDrive/ドキュメント/柴原研究室/www.omu.ac.jp/eng/shibahara/assets/Image9-33-2048x890.jpg]
[C:/Users/peper/OneDrive/ドキュメント/柴原研究室/www.omu.ac.jp/eng/shibahara/assets/Image8-42-2048x1096.jpg]
[C:/Users/peper/OneDrive/ドキュメント/柴原研究室/www.omu.ac.jp/eng/shibahara/info/news/entry-45530.html]
[C:/Users/peper/OneDrive/ドキュメント/柴原研究室/www.omu.ac.jp/eng/shibahara/assets/attachmentfile/attachmentfile-file-37601.jpg]
[C:/Users/peper/OneDrive/ドキュメント/柴原研究室/www.omu.ac.jp/eng/shibahara/assets/Image2-131-2048x1539.jpg]
[C:/Users/peper/OneDrive/ドキュメント/柴原研究室/www.omu.ac.jp/eng/shibahara/info/news/entry-45529.html]
[C:/Users/peper/OneDrive/ドキュメント/柴原研究室/www.omu.ac.jp/eng/shibahara/assets/attachmentfile/attachmentfile-file-37600.jpg]
[C:/Users/peper/OneDrive/ドキュメント/柴原研究室/www.omu.ac.jp/eng/shibahara/assets/Image10-30-2048x1442.jpg]
[C:/Users/peper/OneDrive/ドキュメント/柴原研究室/www.omu.ac.jp/eng/shibahara/info/news/entry-45528.html]
[C:/Users/peper/OneDrive/ドキュメント/柴原研究室/www.omu.ac.jp/eng/shibahara/info/news/entry-45526.html]
[C:/Users/peper/OneDrive/ドキュメント/柴原研究室/www.omu.ac.jp/eng/shibahara/assets/attachmentfile/attachmentfile-file-37594.jpg]
[C:/Users/peper/OneDrive/ドキュメント/柴原研究室/www.omu.ac.jp/eng/shibahara/assets/S__42827785.jpg]
[C:/Users/peper/OneDrive/ドキュメント/柴原研究室/www.omu.ac.jp/eng/shibahara/assets/S__42827783-1.jpg]
[C:/Users/peper/OneDrive/ドキュメント/柴原研究室/www.omu.ac.jp/eng/shibahara/assets/S__42827784.jpg]
[C:/Users/peper/OneDrive/ドキュメント/柴原研究室/www.omu.ac.jp/eng/shibahara/assets/Image5-71.jpg]
[C:/Users/peper/OneDrive/ドキュメント/柴原研究室/www.omu.ac.jp/eng/shibahara/assets/attachmentfile/attachmentfile-file-37590.jpg]
[C:/Users/peper/OneDrive/ドキュメント/柴原研究室/www.omu.ac.jp/eng/shibahara/assets/3V9A7105_t-2048x1366.jpg]
[C:/Users/peper/OneDrive/ドキュメント/柴原研究室/www.omu.ac.jp/eng/shibahara/assets/3V9A7139_t-2048x1366.jpg]
[C:/Users/peper/OneDrive/ドキュメント/柴原研究室/www.omu.ac.jp/eng/shibahara/assets/3V9A7150_t-2048x1366.jpg]
[C:/Users/peper/OneDrive/ドキュメント/柴原研究室/www.omu.ac.jp/eng/shibahara/assets/3V9A7118_t-2048x1366.jpg]
[C:/Users/peper/OneDrive/ドキュメント/柴原研究室/www.omu.ac.jp/eng/shibahara/assets/3V9A7124_t-2048x1366.jpg]
[C:/Users/peper/OneDrive/ドキュメント/柴原研究室/www.omu.ac.jp/eng/shibahara/assets/3V9A7160_t-2048x1366.jpg]
[C:/Users/peper/OneDrive/ドキュメント/柴原研究室/www.omu.ac.jp/eng/shibahara/assets/3V9A7269_t-2048x1366.jpg]
[C:/Users/peper/OneDrive/ドキュメント/柴原研究室/www.omu.ac.jp/eng/shibahara/assets/3V9A7224_t-2048x1366.jpg]
[C:/Users/peper/OneDrive/ドキュメント/柴原研究室/www.omu.ac.jp/eng/shibahara/assets/3V9A7181_t-2048x1366.jpg]
[C:/Users/peper/OneDrive/ドキュメント/柴原研究室/www.omu.ac.jp/eng/shibahara/assets/3V9A7202_t-2048x1366.jpg]
[C:/Users/peper/OneDrive/ドキュメント/柴原研究室/www.omu.ac.jp/eng/shibahara/assets/Image2_t-4-2048x1535.jpg]
[C:/Users/peper/OneDrive/ドキュメント/柴原研究室/www.omu.ac.jp/eng/shibahara/info/news/entry-45522.html]
[C:/Users/peper/OneDrive/ドキュメント/柴原研究室/www.omu.ac.jp/eng/shibahara/assets/attachmentfile/attachmentfile-file-37585.jpg]
[C:/Users/peper/OneDrive/ドキュメント/柴原研究室/www.omu.ac.jp/eng/shibahara/assets/Image9-31-2048x1535.jpg]
[C:/Users/peper/OneDrive/ドキュメント/柴原研究室/www.omu.ac.jp/eng/shibahara/assets/Image2_0_1.jpg]
[C:/Users/peper/OneDrive/ドキュメント/柴原研究室/www.omu.ac.jp/eng/shibahara/info/news/entry-45518.html]
[C:/Users/peper/OneDrive/ドキュメント/柴原研究室/www.omu.ac.jp/eng/shibahara/info/news/entry-45517.html]
[C:/Users/peper/OneDrive/ドキュメント/柴原研究室/www.omu.ac.jp/eng/shibahara/assets/attachmentfile/attachmentfile-file-37584.jpg]
[C:/Users/peper/OneDrive/ドキュメント/柴原研究室/www.omu.ac.jp/eng/shibahara/assets/Image1-103.jpg]
[C:/Users/peper/OneDrive/ドキュメント/柴原研究室/www.omu.ac.jp/eng/shibahara/assets/Image2-130.jpg]
[C:/Users/peper/OneDrive/ドキュメント/柴原研究室/www.omu.ac.jp/eng/shibahara/assets/Image3-89.jpg]
[C:/Users/peper/OneDrive/ドキュメント/柴原研究室/www.omu.ac.jp/eng/shibahara/assets/Image4-86.jpg]
[C:/Users/peper/OneDrive/ドキュメント/柴原研究室/www.omu.ac.jp/eng/shibahara/assets/Image6-59-scaled.jpg]
[C:/Users/peper/OneDrive/ドキュメント/柴原研究室/www.omu.ac.jp/eng/shibahara/info/news/entry-45516.html]
[C:/Users/peper/OneDrive/ドキュメント/柴原研究室/www.omu.ac.jp/eng/shibahara/assets/Image7-44-scaled.jpg]
[C:/Users/peper/OneDrive/ドキュメント/柴原研究室/www.omu.ac.jp/eng/shibahara/assets/Image8-40-scaled.jpg]
[C:/Users/peper/OneDrive/ドキュメント/柴原研究室/www.omu.ac.jp/eng/shibahara/assets/Image9-30-scaled.jpg]
[C:/Users/peper/OneDrive/ドキュメント/柴原研究室/www.omu.ac.jp/eng/shibahara/assets/Image10-29-scaled.jpg]
[C:/Users/peper/OneDrive/ドキュメント/柴原研究室/www.omu.ac.jp/eng/shibahara/assets/attachmentfile/attachmentfile-file-37583.jpg]
[C:/Users/peper/OneDrive/ドキュメント/柴原研究室/www.omu.ac.jp/eng/shibahara/assets/Image1-102.jpg]
[C:/Users/peper/OneDrive/ドキュメント/柴原研究室/www.omu.ac.jp/eng/shibahara/assets/Image2-129.jpg]
[C:/Users/peper/OneDrive/ドキュメント/柴原研究室/www.omu.ac.jp/eng/shibahara/assets/Image3-88.jpg]
[C:/Users/peper/OneDrive/ドキュメント/柴原研究室/www.omu.ac.jp/eng/shibahara/assets/Image5-70.jpg]
[C:/Users/peper/OneDrive/ドキュメント/柴原研究室/www.omu.ac.jp/eng/shibahara/assets/Image6-58.jpg]
[C:/Users/peper/OneDrive/ドキュメント/柴原研究室/www.omu.ac.jp/eng/shibahara/assets/attachmentfile/attachmentfile-file-37579.png]
[C:/Users/peper/OneDrive/ドキュメント/柴原研究室/www.omu.ac.jp/eng/shibahara/assets/D1FDF2B7-F2B1-4932-9250-E35BCE8D8F5A.png]
[C:/Users/peper/OneDrive/ドキュメント/柴原研究室/www.omu.ac.jp/eng/shibahara/info/news/entry-45513.html]
[C:/Users/peper/OneDrive/ドキュメント/柴原研究室/www.omu.ac.jp/eng/shibahara/info/news/entry-45512.html]
[C:/Users/peper/OneDrive/ドキュメント/柴原研究室/www.omu.ac.jp/eng/shibahara/assets/attachmentfile/attachmentfile-file-37578.jpg]
[C:/Users/peper/OneDrive/ドキュメント/柴原研究室/www.omu.ac.jp/eng/shibahara/assets/messageImage_1703621637010-2048x1153.jpg]
[C:/Users/peper/OneDrive/ドキュメント/柴原研究室/www.omu.ac.jp/eng/shibahara/assets/Image4-84-2048x1154.jpg]
[C:/Users/peper/OneDrive/ドキュメント/柴原研究室/www.omu.ac.jp/eng/shibahara/assets/Image3-86-2048x1153.jpg]
[C:/Users/peper/OneDrive/ドキュメント/柴原研究室/www.omu.ac.jp/eng/shibahara/assets/858C9C43-3120-49F9-A507-1A9BE7B9B6F9-2048x1536.jpg]
[C:/Users/peper/OneDrive/ドキュメント/柴原研究室/www.omu.ac.jp/eng/shibahara/assets/7921E6CC-E74F-461B-89C6-4538EEE65881-2048x1536.jpg]
[C:/Users/peper/OneDrive/ドキュメント/柴原研究室/www.omu.ac.jp/eng/shibahara/assets/524D62C1-8655-4AFD-8D42-0D76F26633F9-2048x1536.jpg]
[C:/Users/peper/OneDrive/ドキュメント/柴原研究室/www.omu.ac.jp/eng/shibahara/assets/98B4AE50-2921-4B30-8D39-B5ABEC2F2BCF-2048x1536.jpg]
[C:/Users/peper/OneDrive/ドキュメント/柴原研究室/www.omu.ac.jp/eng/shibahara/assets/7AF8DF65-673F-4646-B7F9-057BC0E66846-2048x1536.jpg]
[C:/Users/peper/OneDrive/ドキュメント/柴原研究室/www.omu.ac.jp/eng/shibahara/assets/attachmentfile/attachmentfile-file-37577.jpg]
[C:/Users/peper/OneDrive/ドキュメント/柴原研究室/www.omu.ac.jp/eng/shibahara/assets/9C76F03C-80DF-44B3-BB68-B438FA90FCE2-2048x1536.jpg]
[C:/Users/peper/OneDrive/ドキュメント/柴原研究室/www.omu.ac.jp/eng/shibahara/assets/sdfsdgsd-2048x1831.jpg]
[C:/Users/peper/OneDrive/ドキュメント/柴原研究室/www.omu.ac.jp/eng/shibahara/assets/Image1-97-2048x1543.jpg]
[C:/Users/peper/OneDrive/ドキュメント/柴原研究室/www.omu.ac.jp/eng/shibahara/assets/32FAFA39-8E92-4937-825B-86AF216DF46B.jpg]
[C:/Users/peper/OneDrive/ドキュメント/柴原研究室/www.omu.ac.jp/eng/shibahara/assets/BD888252-0D95-431A-86EA-D8208D9E5536-2048x1536.jpg]
[C:/Users/peper/OneDrive/ドキュメント/柴原研究室/www.omu.ac.jp/eng/shibahara/assets/5DC06AD2-534A-47F5-A43B-344FD4549EFF-scaled.jpg]
[C:/Users/peper/OneDrive/ドキュメント/柴原研究室/www.omu.ac.jp/eng/shibahara/assets/Modified-2048x1536.jpg]
[C:/Users/peper/OneDrive/ドキュメント/柴原研究室/www.omu.ac.jp/eng/shibahara/assets/45E6F6E5-AC23-4885-8726-034E1AF02D2F-2048x1536.jpg]
[C:/Users/peper/OneDrive/ドキュメント/柴原研究室/www.omu.ac.jp/eng/shibahara/info/news/entry-45511.html]
[C:/Users/peper/OneDrive/ドキュメント/柴原研究室/www.omu.ac.jp/eng/shibahara/info/news/entry-45495.html]
[C:/Users/peper/OneDrive/ドキュメント/柴原研究室/www.omu.ac.jp/eng/shibahara/assets/attachmentfile/attachmentfile-file-37530.jpg]
[C:/Users/peper/OneDrive/ドキュメント/柴原研究室/www.omu.ac.jp/eng/shibahara/assets/Image3-84-2048x1540.jpg]
[C:/Users/peper/OneDrive/ドキュメント/柴原研究室/www.omu.ac.jp/eng/shibahara/assets/S__42123301_0-2048x1536.jpg]
[C:/Users/peper/OneDrive/ドキュメント/柴原研究室/www.omu.ac.jp/eng/shibahara/assets/S__42123305_0-1-scaled.jpg]
[C:/Users/peper/OneDrive/ドキュメント/柴原研究室/www.omu.ac.jp/eng/shibahara/assets/S__42123308_0-1-2048x1536.jpg]
[C:/Users/peper/OneDrive/ドキュメント/柴原研究室/www.omu.ac.jp/eng/shibahara/assets/S__42123310_0-1-scaled.jpg]
[C:/Users/peper/OneDrive/ドキュメント/柴原研究室/www.omu.ac.jp/eng/shibahara/assets/Image1-99-2048x1540.jpg]
[C:/Users/peper/OneDrive/ドキュメント/柴原研究室/www.omu.ac.jp/eng/shibahara/assets/SCAN0003_0-scaled.jpg]
[C:/Users/peper/OneDrive/ドキュメント/柴原研究室/www.omu.ac.jp/eng/shibahara/assets/attachmentfile/attachmentfile-file-37518.jpg]
[C:/Users/peper/OneDrive/ドキュメント/柴原研究室/www.omu.ac.jp/eng/shibahara/assets/LINE_ALBUM_20231221_231221_8-1.jpg]
[C:/Users/peper/OneDrive/ドキュメント/柴原研究室/www.omu.ac.jp/eng/shibahara/assets/LINE_ALBUM_20231221_231221_9-1.jpg]
[C:/Users/peper/OneDrive/ドキュメント/柴原研究室/www.omu.ac.jp/eng/shibahara/assets/LINE_ALBUM_20231221_231221_6-1.jpg]
[C:/Users/peper/OneDrive/ドキュメント/柴原研究室/www.omu.ac.jp/eng/shibahara/assets/sdfasd-1.jpg]
[C:/Users/peper/OneDrive/ドキュメント/柴原研究室/www.omu.ac.jp/eng/shibahara/assets/LINE_ALBUM_20231221_231221_3-1.jpg]
[C:/Users/peper/OneDrive/ドキュメント/柴原研究室/www.omu.ac.jp/eng/shibahara/assets/LINE_ALBUM_20231221_231221_7-1.jpg]
[C:/Users/peper/OneDrive/ドキュメント/柴原研究室/www.omu.ac.jp/eng/shibahara/assets/LINE_ALBUM_20231221_231221_2-1.jpg]
[C:/Users/peper/OneDrive/ドキュメント/柴原研究室/www.omu.ac.jp/eng/shibahara/info/news/entry-45474.html]
[C:/Users/peper/OneDrive/ドキュメント/柴原研究室/www.omu.ac.jp/eng/shibahara/assets/attachmentfile/attachmentfile-file-37517.jpg]
[C:/Users/peper/OneDrive/ドキュメント/柴原研究室/www.omu.ac.jp/eng/shibahara/assets/Image2-126.jpg]
[C:/Users/peper/OneDrive/ドキュメント/柴原研究室/www.omu.ac.jp/eng/shibahara/assets/Image9-29.jpg]
[C:/Users/peper/OneDrive/ドキュメント/柴原研究室/www.omu.ac.jp/eng/shibahara/assets/Image15-20.jpg]
[C:/Users/peper/OneDrive/ドキュメント/柴原研究室/www.omu.ac.jp/eng/shibahara/info/news/entry-45473.html]
[C:/Users/peper/OneDrive/ドキュメント/柴原研究室/www.omu.ac.jp/eng/shibahara/assets/attachmentfile/attachmentfile-file-37516.jpg]
[C:/Users/peper/OneDrive/ドキュメント/柴原研究室/www.omu.ac.jp/eng/shibahara/assets/S__5685256.jpg]
[C:/Users/peper/OneDrive/ドキュメント/柴原研究室/www.omu.ac.jp/eng/shibahara/assets/Image4-82.jpg]
[C:/Users/peper/OneDrive/ドキュメント/柴原研究室/www.omu.ac.jp/eng/shibahara/assets/messageImage_1702629713488.jpg]
[C:/Users/peper/OneDrive/ドキュメント/柴原研究室/www.omu.ac.jp/eng/shibahara/assets/Image3-82.jpg]
[C:/Users/peper/OneDrive/ドキュメント/柴原研究室/www.omu.ac.jp/eng/shibahara/info/news/entry-45472.html]
[C:/Users/peper/OneDrive/ドキュメント/柴原研究室/www.omu.ac.jp/eng/shibahara/assets/attachmentfile/attachmentfile-file-37514.jpg]
[C:/Users/peper/OneDrive/ドキュメント/柴原研究室/www.omu.ac.jp/eng/shibahara/assets/messageImage_1702131407097-1-2048x1203.jpg]
[C:/Users/peper/OneDrive/ドキュメント/柴原研究室/www.omu.ac.jp/eng/shibahara/assets/17960_0.jpg]
[C:/Users/peper/OneDrive/ドキュメント/柴原研究室/www.omu.ac.jp/eng/shibahara/assets/S__11739150_0.jpg]
[C:/Users/peper/OneDrive/ドキュメント/柴原研究室/www.omu.ac.jp/eng/shibahara/assets/17959_0.jpg]
[C:/Users/peper/OneDrive/ドキュメント/柴原研究室/www.omu.ac.jp/eng/shibahara/assets/97695_0.jpg]
[C:/Users/peper/OneDrive/ドキュメント/柴原研究室/www.omu.ac.jp/eng/shibahara/info/news/entry-45468.html]
[C:/Users/peper/OneDrive/ドキュメント/柴原研究室/www.omu.ac.jp/eng/shibahara/info/news/entry-45471.html]
[C:/Users/peper/OneDrive/ドキュメント/柴原研究室/www.omu.ac.jp/eng/shibahara/assets/attachmentfile/attachmentfile-file-37515.jpg]
[C:/Users/peper/OneDrive/ドキュメント/柴原研究室/www.omu.ac.jp/eng/shibahara/assets/Image18-18-2048x1541_1.jpg]
[C:/Users/peper/OneDrive/ドキュメント/柴原研究室/www.omu.ac.jp/eng/shibahara/assets/Image19-12-2048x1538_1.jpg]
[C:/Users/peper/OneDrive/ドキュメント/柴原研究室/www.omu.ac.jp/eng/shibahara/assets/Image21-14-2048x1539_1.jpg]
[C:/Users/peper/OneDrive/ドキュメント/柴原研究室/www.omu.ac.jp/eng/shibahara/assets/Image20-10-2048x1538_1.jpg]
[C:/Users/peper/OneDrive/ドキュメント/柴原研究室/www.omu.ac.jp/eng/shibahara/assets/attachmentfile/attachmentfile-file-37511.jpg]
[C:/Users/peper/OneDrive/ドキュメント/柴原研究室/www.omu.ac.jp/eng/shibahara/assets/ddssw.jpg]
[C:/Users/peper/OneDrive/ドキュメント/柴原研究室/www.omu.ac.jp/eng/shibahara/assets/Image1-93.jpg]
[C:/Users/peper/OneDrive/ドキュメント/柴原研究室/www.omu.ac.jp/eng/shibahara/info/news/entry-45465.html]
[C:/Users/peper/OneDrive/ドキュメント/柴原研究室/www.omu.ac.jp/eng/shibahara/assets/attachmentfile/attachmentfile-file-37513.jpg]
[C:/Users/peper/OneDrive/ドキュメント/柴原研究室/www.omu.ac.jp/eng/shibahara/assets/Image2-123.jpg]
[C:/Users/peper/OneDrive/ドキュメント/柴原研究室/www.omu.ac.jp/eng/shibahara/assets/Image3-81.jpg]
[C:/Users/peper/OneDrive/ドキュメント/柴原研究室/www.omu.ac.jp/eng/shibahara/assets/Image6-56-2048x1536.jpg]
[C:/Users/peper/OneDrive/ドキュメント/柴原研究室/www.omu.ac.jp/eng/shibahara/assets/Image5-66-2048x1541.jpg]
[C:/Users/peper/OneDrive/ドキュメント/柴原研究室/www.omu.ac.jp/eng/shibahara/info/news/entry-45467.html]
[C:/Users/peper/OneDrive/ドキュメント/柴原研究室/www.omu.ac.jp/eng/shibahara/assets/attachmentfile/attachmentfile-file-37510.jpg]
[C:/Users/peper/OneDrive/ドキュメント/柴原研究室/www.omu.ac.jp/eng/shibahara/assets/4B2943BC-E2B7-4E9F-A9DD-2C8E3BC4060A.jpg]
[C:/Users/peper/OneDrive/ドキュメント/柴原研究室/www.omu.ac.jp/eng/shibahara/assets/A2177F53-9DEF-4F35-B26A-154A02BAF8C8.jpg]
[C:/Users/peper/OneDrive/ドキュメント/柴原研究室/www.omu.ac.jp/eng/shibahara/assets/A82225E8-1F5D-49F9-8497-031BEA75CF2E.jpg]
[C:/Users/peper/OneDrive/ドキュメント/柴原研究室/www.omu.ac.jp/eng/shibahara/assets/467410DE-D612-4740-9624-5BFB50C4C92D.jpg]
[C:/Users/peper/OneDrive/ドキュメント/柴原研究室/www.omu.ac.jp/eng/shibahara/assets/887618B9-9472-448B-80F7-2BD584072247.jpg]
[C:/Users/peper/OneDrive/ドキュメント/柴原研究室/www.omu.ac.jp/eng/shibahara/assets/1EF43EBC-FC33-4BA9-AD29-FC809A47B044.jpg]
[C:/Users/peper/OneDrive/ドキュメント/柴原研究室/www.omu.ac.jp/eng/shibahara/assets/2A489E93-57E1-4A34-AE2C-74F8BF03466E.jpg]
[C:/Users/peper/OneDrive/ドキュメント/柴原研究室/www.omu.ac.jp/eng/shibahara/info/news/entry-45464.html]
[C:/Users/peper/OneDrive/ドキュメント/柴原研究室/www.omu.ac.jp/eng/shibahara/assets/attachmentfile/attachmentfile-file-37509.jpg]
[C:/Users/peper/OneDrive/ドキュメント/柴原研究室/www.omu.ac.jp/eng/shibahara/assets/22-4.jpg]
[C:/Users/peper/OneDrive/ドキュメント/柴原研究室/www.omu.ac.jp/eng/shibahara/assets/LINE_ALBUM_%E7%A0%94%E7%A9%B6%E5%AE%A4%E6%97%85%E8%A1%8C%E5%88%9D%E6%97%A5_231203_1.jpg]
[C:/Users/peper/OneDrive/ドキュメント/柴原研究室/www.omu.ac.jp/eng/shibahara/assets/8BF8485B-A347-4480-BF97-441FCAFABCE0.jpg]
[C:/Users/peper/OneDrive/ドキュメント/柴原研究室/www.omu.ac.jp/eng/shibahara/assets/FE8F012E-B057-43AC-B3F3-291136C24474.jpg]
[C:/Users/peper/OneDrive/ドキュメント/柴原研究室/www.omu.ac.jp/eng/shibahara/assets/DDE2140B-F64E-4BB3-98F5-209CD3386691-2048x1536.jpg]
[C:/Users/peper/OneDrive/ドキュメント/柴原研究室/www.omu.ac.jp/eng/shibahara/assets/5C7C6F5D-C35A-49AD-9ECA-7E7BC75E6317-scaled.jpg]
[C:/Users/peper/OneDrive/ドキュメント/柴原研究室/www.omu.ac.jp/eng/shibahara/assets/D6D650EF-177E-4807-811F-EEFC57A443D0.jpg]
[C:/Users/peper/OneDrive/ドキュメント/柴原研究室/www.omu.ac.jp/eng/shibahara/assets/694ED1DB-15F3-49F8-8640-11F5DD63DDF9.jpg]
[C:/Users/peper/OneDrive/ドキュメント/柴原研究室/www.omu.ac.jp/eng/shibahara/assets/20A0A9DF-F864-44F2-BEB7-9DBC3A99F469.jpg]
[C:/Users/peper/OneDrive/ドキュメント/柴原研究室/www.omu.ac.jp/eng/shibahara/info/news/entry-45463.html]
[C:/Users/peper/OneDrive/ドキュメント/柴原研究室/www.omu.ac.jp/eng/shibahara/assets/attachmentfile/attachmentfile-file-37508.jpg]
[C:/Users/peper/OneDrive/ドキュメント/柴原研究室/www.omu.ac.jp/eng/shibahara/assets/Image1-94.jpg]
[C:/Users/peper/OneDrive/ドキュメント/柴原研究室/www.omu.ac.jp/eng/shibahara/assets/Image3-80.jpg]
[C:/Users/peper/OneDrive/ドキュメント/柴原研究室/www.omu.ac.jp/eng/shibahara/assets/LINE_ALBUM_20231129_231130_6.jpg]
[C:/Users/peper/OneDrive/ドキュメント/柴原研究室/www.omu.ac.jp/eng/shibahara/assets/LINE_ALBUM_20231129_231130_4.jpg]
[C:/Users/peper/OneDrive/ドキュメント/柴原研究室/www.omu.ac.jp/eng/shibahara/assets/LINE_ALBUM_20231129_231130_3.jpg]
[C:/Users/peper/OneDrive/ドキュメント/柴原研究室/www.omu.ac.jp/eng/shibahara/assets/LINE_ALBUM_20231129_231130_1.jpg]
[C:/Users/peper/OneDrive/ドキュメント/柴原研究室/www.omu.ac.jp/eng/shibahara/assets/LINE_ALBUM_20231129_231130_7.jpg]
[C:/Users/peper/OneDrive/ドキュメント/柴原研究室/www.omu.ac.jp/eng/shibahara/assets/LINE_ALBUM_20231129_231130_5.jpg]
[C:/Users/peper/OneDrive/ドキュメント/柴原研究室/www.omu.ac.jp/eng/shibahara/info/news/entry-45462.html]
[C:/Users/peper/OneDrive/ドキュメント/柴原研究室/www.omu.ac.jp/eng/shibahara/assets/attachmentfile/attachmentfile-file-37507.jpg]
[C:/Users/peper/OneDrive/ドキュメント/柴原研究室/www.omu.ac.jp/eng/shibahara/assets/Image21-14-2048x1539.jpg]
[C:/Users/peper/OneDrive/ドキュメント/柴原研究室/www.omu.ac.jp/eng/shibahara/assets/Image20-10-2048x1538.jpg]
[C:/Users/peper/OneDrive/ドキュメント/柴原研究室/www.omu.ac.jp/eng/shibahara/assets/Image18-18-2048x1541.jpg]
[C:/Users/peper/OneDrive/ドキュメント/柴原研究室/www.omu.ac.jp/eng/shibahara/assets/Image19-12-2048x1538.jpg]
[C:/Users/peper/OneDrive/ドキュメント/柴原研究室/www.omu.ac.jp/eng/shibahara/assets/Image23-9-2048x1539.jpg]
[C:/Users/peper/OneDrive/ドキュメント/柴原研究室/www.omu.ac.jp/eng/shibahara/info/news/entry-45457.html]
[C:/Users/peper/OneDrive/ドキュメント/柴原研究室/www.omu.ac.jp/eng/shibahara/assets/attachmentfile/attachmentfile-file-37506.jpg]
[C:/Users/peper/OneDrive/ドキュメント/柴原研究室/www.omu.ac.jp/eng/shibahara/assets/S__40730638_0-2048x1536.jpg]
[C:/Users/peper/OneDrive/ドキュメント/柴原研究室/www.omu.ac.jp/eng/shibahara/assets/S__40730645_0-2048x1536.jpg]
[C:/Users/peper/OneDrive/ドキュメント/柴原研究室/www.omu.ac.jp/eng/shibahara/assets/S__40730676_0-2048x1536.jpg]
[C:/Users/peper/OneDrive/ドキュメント/柴原研究室/www.omu.ac.jp/eng/shibahara/assets/S__40730662_0-2048x1536.jpg]
[C:/Users/peper/OneDrive/ドキュメント/柴原研究室/www.omu.ac.jp/eng/shibahara/assets/LINE_ALBUM_%E6%A7%8B%E9%80%A0%E3%83%80%E3%82%A4%E3%83%8A%E3%83%9F%E3%82%AF%E3%82%B9%E7%A0%94%E7%A9%B6%E6%89%802023_231124_1.jpg]
[C:/Users/peper/OneDrive/ドキュメント/柴原研究室/www.omu.ac.jp/eng/shibahara/info/news/entry-45454.html]
[C:/Users/peper/OneDrive/ドキュメント/柴原研究室/www.omu.ac.jp/eng/shibahara/assets/attachmentfile/attachmentfile-file-37505.jpg]
[C:/Users/peper/OneDrive/ドキュメント/柴原研究室/www.omu.ac.jp/eng/shibahara/assets/LINE_ALBUM_2023%E3%82%B5%E3%83%8E%E3%83%A4%E3%82%B9%E6%8A%80%E8%A1%93%E4%BA%A4%E6%B5%81%E4%BC%9A_231119_3-2.jpg]
[C:/Users/peper/OneDrive/ドキュメント/柴原研究室/www.omu.ac.jp/eng/shibahara/assets/F_TAna_bcAArfHK.jpg]
[C:/Users/peper/OneDrive/ドキュメント/柴原研究室/www.omu.ac.jp/eng/shibahara/assets/S__40575015.jpg]
[C:/Users/peper/OneDrive/ドキュメント/柴原研究室/www.omu.ac.jp/eng/shibahara/assets/LINE_ALBUM_2023%E3%82%B5%E3%83%8E%E3%83%A4%E3%82%B9%E6%8A%80%E8%A1%93%E4%BA%A4%E6%B5%81%E4%BC%9A_231119_2.jpg]
[C:/Users/peper/OneDrive/ドキュメント/柴原研究室/www.omu.ac.jp/eng/shibahara/assets/LINE_ALBUM_2023%E3%82%B5%E3%83%8E%E3%83%A4%E3%82%B9%E6%8A%80%E8%A1%93%E4%BA%A4%E6%B5%81%E4%BC%9A_231119_5.jpg]
[C:/Users/peper/OneDrive/ドキュメント/柴原研究室/www.omu.ac.jp/eng/shibahara/assets/LINE_ALBUM_2023%E3%82%B5%E3%83%8E%E3%83%A4%E3%82%B9%E6%8A%80%E8%A1%93%E4%BA%A4%E6%B5%81%E4%BC%9A_231119_1.jpg]
[C:/Users/peper/OneDrive/ドキュメント/柴原研究室/www.omu.ac.jp/eng/shibahara/assets/LINE_ALBUM_2023%E3%82%B5%E3%83%8E%E3%83%A4%E3%82%B9%E6%8A%80%E8%A1%93%E4%BA%A4%E6%B5%81%E4%BC%9A_231119_6.jpg]
[C:/Users/peper/OneDrive/ドキュメント/柴原研究室/www.omu.ac.jp/eng/shibahara/info/news/entry-45452.html]
[C:/Users/peper/OneDrive/ドキュメント/柴原研究室/www.omu.ac.jp/eng/shibahara/assets/attachmentfile/attachmentfile-file-37504.jpg]
[C:/Users/peper/OneDrive/ドキュメント/柴原研究室/www.omu.ac.jp/eng/shibahara/assets/Image1-89.jpg]
[C:/Users/peper/OneDrive/ドキュメント/柴原研究室/www.omu.ac.jp/eng/shibahara/assets/Image1-90-2048x1536.jpg]
[C:/Users/peper/OneDrive/ドキュメント/柴原研究室/www.omu.ac.jp/eng/shibahara/info/news/entry-45450.html]
[C:/Users/peper/OneDrive/ドキュメント/柴原研究室/www.omu.ac.jp/eng/shibahara/assets/attachmentfile/attachmentfile-file-37503.jpg]
[C:/Users/peper/OneDrive/ドキュメント/柴原研究室/www.omu.ac.jp/eng/shibahara/assets/Image2-117-2048x1536.jpg]
[C:/Users/peper/OneDrive/ドキュメント/柴原研究室/www.omu.ac.jp/eng/shibahara/assets/Image1-87.jpg]
[C:/Users/peper/OneDrive/ドキュメント/柴原研究室/www.omu.ac.jp/eng/shibahara/assets/08E46ABD-254F-4076-86A8-9D283C090910-2048x1464.jpg]
[C:/Users/peper/OneDrive/ドキュメント/柴原研究室/www.omu.ac.jp/eng/shibahara/info/news/entry-45449.html]
[C:/Users/peper/OneDrive/ドキュメント/柴原研究室/www.omu.ac.jp/eng/shibahara/assets/attachmentfile/attachmentfile-file-37502.jpg]
[C:/Users/peper/OneDrive/ドキュメント/柴原研究室/www.omu.ac.jp/eng/shibahara/assets/Image1-86.jpg]
[C:/Users/peper/OneDrive/ドキュメント/柴原研究室/www.omu.ac.jp/eng/shibahara/assets/Image6-54.jpg]
[C:/Users/peper/OneDrive/ドキュメント/柴原研究室/www.omu.ac.jp/eng/shibahara/info/news/entry-45448.html]
[C:/Users/peper/OneDrive/ドキュメント/柴原研究室/www.omu.ac.jp/eng/shibahara/assets/attachmentfile/attachmentfile-file-37501.jpg]
[C:/Users/peper/OneDrive/ドキュメント/柴原研究室/www.omu.ac.jp/eng/shibahara/assets/9AB8BAAB-B40D-4C77-BA79-633DC4A580F1.jpg]
[C:/Users/peper/OneDrive/ドキュメント/柴原研究室/www.omu.ac.jp/eng/shibahara/assets/S__39846041_0-2048x1536.jpg]
[C:/Users/peper/OneDrive/ドキュメント/柴原研究室/www.omu.ac.jp/eng/shibahara/assets/S__39846049_0-2048x1536.jpg]
[C:/Users/peper/OneDrive/ドキュメント/柴原研究室/www.omu.ac.jp/eng/shibahara/assets/S__39846054_0-2048x1536.jpg]
[C:/Users/peper/OneDrive/ドキュメント/柴原研究室/www.omu.ac.jp/eng/shibahara/assets/S__39846044_0-2048x1536.jpg]
[C:/Users/peper/OneDrive/ドキュメント/柴原研究室/www.omu.ac.jp/eng/shibahara/assets/S__39846051_0-2048x1536.jpg]
[C:/Users/peper/OneDrive/ドキュメント/柴原研究室/www.omu.ac.jp/eng/shibahara/info/news/entry-45447.html]
[C:/Users/peper/OneDrive/ドキュメント/柴原研究室/www.omu.ac.jp/eng/shibahara/assets/attachmentfile/attachmentfile-file-37500.jpg]
[C:/Users/peper/OneDrive/ドキュメント/柴原研究室/www.omu.ac.jp/eng/shibahara/assets/Image11-28-2048x1542.jpg]
[C:/Users/peper/OneDrive/ドキュメント/柴原研究室/www.omu.ac.jp/eng/shibahara/assets/Image18-17-2048x1542.jpg]
[C:/Users/peper/OneDrive/ドキュメント/柴原研究室/www.omu.ac.jp/eng/shibahara/assets/Image17-12-2048x1537.jpg]
[C:/Users/peper/OneDrive/ドキュメント/柴原研究室/www.omu.ac.jp/eng/shibahara/assets/Image15-18-2048x1538.jpg]
[C:/Users/peper/OneDrive/ドキュメント/柴原研究室/www.omu.ac.jp/eng/shibahara/assets/Image16-17-2048x1540.jpg]
[C:/Users/peper/OneDrive/ドキュメント/柴原研究室/www.omu.ac.jp/eng/shibahara/info/news/entry-45444.html]
[C:/Users/peper/OneDrive/ドキュメント/柴原研究室/www.omu.ac.jp/eng/shibahara/assets/attachmentfile/attachmentfile-file-37499.jpg]
[C:/Users/peper/OneDrive/ドキュメント/柴原研究室/www.omu.ac.jp/eng/shibahara/assets/Image3-75-2048x1146.jpg]
[C:/Users/peper/OneDrive/ドキュメント/柴原研究室/www.omu.ac.jp/eng/shibahara/assets/Image1-85-2048x1146.jpg]
[C:/Users/peper/OneDrive/ドキュメント/柴原研究室/www.omu.ac.jp/eng/shibahara/assets/Image2-114.jpg]
[C:/Users/peper/OneDrive/ドキュメント/柴原研究室/www.omu.ac.jp/eng/shibahara/assets/Image3-76.jpg]
[C:/Users/peper/OneDrive/ドキュメント/柴原研究室/www.omu.ac.jp/eng/shibahara/assets/LINE_ALBUM_%E5%A4%8F%E5%AD%A3%E4%B8%AD%E9%96%93%E7%99%BA%E8%A1%A81015_231016_45.jpg]
[C:/Users/peper/OneDrive/ドキュメント/柴原研究室/www.omu.ac.jp/eng/shibahara/assets/LINE_ALBUM_%E5%A4%8F%E5%AD%A3%E4%B8%AD%E9%96%93%E7%99%BA%E8%A1%A81015_231016_22.jpg]
[C:/Users/peper/OneDrive/ドキュメント/柴原研究室/www.omu.ac.jp/eng/shibahara/assets/LINE_ALBUM_%E5%A4%8F%E5%AD%A3%E4%B8%AD%E9%96%93%E7%99%BA%E8%A1%A81015_231016_62.jpg]
[C:/Users/peper/OneDrive/ドキュメント/柴原研究室/www.omu.ac.jp/eng/shibahara/info/news/entry-45443.html]
[C:/Users/peper/OneDrive/ドキュメント/柴原研究室/www.omu.ac.jp/eng/shibahara/assets/attachmentfile/attachmentfile-file-37498.jpg]
[C:/Users/peper/OneDrive/ドキュメント/柴原研究室/www.omu.ac.jp/eng/shibahara/assets/Image1_0.jpg]
[C:/Users/peper/OneDrive/ドキュメント/柴原研究室/www.omu.ac.jp/eng/shibahara/assets/Image2_0.jpg]
[C:/Users/peper/OneDrive/ドキュメント/柴原研究室/www.omu.ac.jp/eng/shibahara/assets/Image4_0.jpg]
[C:/Users/peper/OneDrive/ドキュメント/柴原研究室/www.omu.ac.jp/eng/shibahara/assets/Image3_0.jpg]
[C:/Users/peper/OneDrive/ドキュメント/柴原研究室/www.omu.ac.jp/eng/shibahara/info/news/entry-45438.html]
[C:/Users/peper/OneDrive/ドキュメント/柴原研究室/www.omu.ac.jp/eng/shibahara/assets/attachmentfile/attachmentfile-file-37497.jpg]
[C:/Users/peper/OneDrive/ドキュメント/柴原研究室/www.omu.ac.jp/eng/shibahara/assets/Image1-84-2048x1539.jpg]
[C:/Users/peper/OneDrive/ドキュメント/柴原研究室/www.omu.ac.jp/eng/shibahara/assets/Image3-74-2048x1536.jpg]
[C:/Users/peper/OneDrive/ドキュメント/柴原研究室/www.omu.ac.jp/eng/shibahara/info/news/entry-45436.html]
[C:/Users/peper/OneDrive/ドキュメント/柴原研究室/www.omu.ac.jp/eng/shibahara/assets/attachmentfile/attachmentfile-file-37495.jpg]
[C:/Users/peper/OneDrive/ドキュメント/柴原研究室/www.omu.ac.jp/eng/shibahara/assets/Image6-51-2048x1538.jpg]
[C:/Users/peper/OneDrive/ドキュメント/柴原研究室/www.omu.ac.jp/eng/shibahara/assets/Image3-70-2048x1536.jpg]
[C:/Users/peper/OneDrive/ドキュメント/柴原研究室/www.omu.ac.jp/eng/shibahara/assets/Image4-76-2048x1542.jpg]
[C:/Users/peper/OneDrive/ドキュメント/柴原研究室/www.omu.ac.jp/eng/shibahara/assets/Image5-63-2048x1539.jpg]
[C:/Users/peper/OneDrive/ドキュメント/柴原研究室/www.omu.ac.jp/eng/shibahara/info/news/entry-45435.html]
[C:/Users/peper/OneDrive/ドキュメント/柴原研究室/www.omu.ac.jp/eng/shibahara/assets/attachmentfile/attachmentfile-file-37494.jpg]
[C:/Users/peper/OneDrive/ドキュメント/柴原研究室/www.omu.ac.jp/eng/shibahara/assets/Image1-81-scaled.jpg]
[C:/Users/peper/OneDrive/ドキュメント/柴原研究室/www.omu.ac.jp/eng/shibahara/assets/Image2-111_1.jpg]
[C:/Users/peper/OneDrive/ドキュメント/柴原研究室/www.omu.ac.jp/eng/shibahara/info/news/entry-45432.html]
[C:/Users/peper/OneDrive/ドキュメント/柴原研究室/www.omu.ac.jp/eng/shibahara/assets/attachmentfile/attachmentfile-file-37485.jpg]
[C:/Users/peper/OneDrive/ドキュメント/柴原研究室/www.omu.ac.jp/eng/shibahara/assets/messageImage_1695108096871.jpg]
[C:/Users/peper/OneDrive/ドキュメント/柴原研究室/www.omu.ac.jp/eng/shibahara/assets/messageImage_1695108110528.jpg]
[C:/Users/peper/OneDrive/ドキュメント/柴原研究室/www.omu.ac.jp/eng/shibahara/assets/messageImage_1695108286790.jpg]
[C:/Users/peper/OneDrive/ドキュメント/柴原研究室/www.omu.ac.jp/eng/shibahara/assets/messageImage_1695108135448.jpg]
[C:/Users/peper/OneDrive/ドキュメント/柴原研究室/www.omu.ac.jp/eng/shibahara/assets/messageImage_1695108433779.jpg]
[C:/Users/peper/OneDrive/ドキュメント/柴原研究室/www.omu.ac.jp/eng/shibahara/assets/messageImage_1695108167560.jpg]
[C:/Users/peper/OneDrive/ドキュメント/柴原研究室/www.omu.ac.jp/eng/shibahara/info/news/entry-45388.html]
[C:/Users/peper/OneDrive/ドキュメント/柴原研究室/www.omu.ac.jp/eng/shibahara/info/news/entry-45337.html]
[C:/Users/peper/OneDrive/ドキュメント/柴原研究室/www.omu.ac.jp/eng/shibahara/assets/attachmentfile/attachmentfile-file-37414.jpg]
[C:/Users/peper/OneDrive/ドキュメント/柴原研究室/www.omu.ac.jp/eng/shibahara/assets/S__38830090-2048x1536.jpg]
[C:/Users/peper/OneDrive/ドキュメント/柴原研究室/www.omu.ac.jp/eng/shibahara/assets/S__6692874-2048x1536.jpg]
[C:/Users/peper/OneDrive/ドキュメント/柴原研究室/www.omu.ac.jp/eng/shibahara/assets/S__38821900.jpg]
[C:/Users/peper/OneDrive/ドキュメント/柴原研究室/www.omu.ac.jp/eng/shibahara/assets/attachmentfile/attachmentfile-file-37413.jpg]
[C:/Users/peper/OneDrive/ドキュメント/柴原研究室/www.omu.ac.jp/eng/shibahara/assets/Image7-39-2048x1489.jpg]
[C:/Users/peper/OneDrive/ドキュメント/柴原研究室/www.omu.ac.jp/eng/shibahara/assets/Image5-62.jpg]
[C:/Users/peper/OneDrive/ドキュメント/柴原研究室/www.omu.ac.jp/eng/shibahara/assets/33-5-2048x1150.jpg]
[C:/Users/peper/OneDrive/ドキュメント/柴原研究室/www.omu.ac.jp/eng/shibahara/assets/Image9-27.jpg]
[C:/Users/peper/OneDrive/ドキュメント/柴原研究室/www.omu.ac.jp/eng/shibahara/info/news/entry-45336.html]
[C:/Users/peper/OneDrive/ドキュメント/柴原研究室/www.omu.ac.jp/eng/shibahara/assets/attachmentfile/attachmentfile-file-37412.jpg]
[C:/Users/peper/OneDrive/ドキュメント/柴原研究室/www.omu.ac.jp/eng/shibahara/assets/Image1-78.jpg]
[C:/Users/peper/OneDrive/ドキュメント/柴原研究室/www.omu.ac.jp/eng/shibahara/assets/img_campus_education.jpg]
[C:/Users/peper/OneDrive/ドキュメント/柴原研究室/www.omu.ac.jp/eng/shibahara/assets/Image5-60-2048x1540.jpg]
[C:/Users/peper/OneDrive/ドキュメント/柴原研究室/www.omu.ac.jp/eng/shibahara/assets/11-7-2048x1543.jpg]
[C:/Users/peper/OneDrive/ドキュメント/柴原研究室/www.omu.ac.jp/eng/shibahara/assets/333-11-2048x1542.jpg]
[C:/Users/peper/OneDrive/ドキュメント/柴原研究室/www.omu.ac.jp/eng/shibahara/assets/5555-2-2048x1540.jpg]
[C:/Users/peper/OneDrive/ドキュメント/柴原研究室/www.omu.ac.jp/eng/shibahara/assets/44-5-2048x1538.jpg]
[C:/Users/peper/OneDrive/ドキュメント/柴原研究室/www.omu.ac.jp/eng/shibahara/assets/Image6-49-2048x1414.jpg]
[C:/Users/peper/OneDrive/ドキュメント/柴原研究室/www.omu.ac.jp/eng/shibahara/info/news/entry-45333.html]
[C:/Users/peper/OneDrive/ドキュメント/柴原研究室/www.omu.ac.jp/eng/shibahara/assets/attachmentfile/attachmentfile-file-37411.jpg]
[C:/Users/peper/OneDrive/ドキュメント/柴原研究室/www.omu.ac.jp/eng/shibahara/assets/Image2-109.jpg]
[C:/Users/peper/OneDrive/ドキュメント/柴原研究室/www.omu.ac.jp/eng/shibahara/assets/Image3-67-2048x1534.jpg]
[C:/Users/peper/OneDrive/ドキュメント/柴原研究室/www.omu.ac.jp/eng/shibahara/assets/8ACE8562-3DCC-4E84-A1B5-24CF95D22245.jpg]
[C:/Users/peper/OneDrive/ドキュメント/柴原研究室/www.omu.ac.jp/eng/shibahara/assets/D7F1BBF0-60D7-43D9-82F1-451AF8D50D98.jpg]
[C:/Users/peper/OneDrive/ドキュメント/柴原研究室/www.omu.ac.jp/eng/shibahara/info/news/entry-45332.html]
[C:/Users/peper/OneDrive/ドキュメント/柴原研究室/www.omu.ac.jp/eng/shibahara/assets/attachmentfile/attachmentfile-file-37410.jpg]
[C:/Users/peper/OneDrive/ドキュメント/柴原研究室/www.omu.ac.jp/eng/shibahara/assets/Image8-36-2048x1537.jpg]
[C:/Users/peper/OneDrive/ドキュメント/柴原研究室/www.omu.ac.jp/eng/shibahara/assets/Image3-66-2048x1535.jpg]
[C:/Users/peper/OneDrive/ドキュメント/柴原研究室/www.omu.ac.jp/eng/shibahara/assets/Image9-25-2048x1537.jpg]
[C:/Users/peper/OneDrive/ドキュメント/柴原研究室/www.omu.ac.jp/eng/shibahara/assets/Image5-59-2048x1535.jpg]
[C:/Users/peper/OneDrive/ドキュメント/柴原研究室/www.omu.ac.jp/eng/shibahara/assets/Image10-25-2048x1539.jpg]
[C:/Users/peper/OneDrive/ドキュメント/柴原研究室/www.omu.ac.jp/eng/shibahara/info/news/entry-45331.html]
[C:/Users/peper/OneDrive/ドキュメント/柴原研究室/www.omu.ac.jp/eng/shibahara/assets/attachmentfile/attachmentfile-file-37409.jpg]
[C:/Users/peper/OneDrive/ドキュメント/柴原研究室/www.omu.ac.jp/eng/shibahara/assets/S__38223958_0-1-2048x1536.jpg]
[C:/Users/peper/OneDrive/ドキュメント/柴原研究室/www.omu.ac.jp/eng/shibahara/assets/S__38223957_0.jpg]
[C:/Users/peper/OneDrive/ドキュメント/柴原研究室/www.omu.ac.jp/eng/shibahara/assets/S__38223956_0-3.jpg]
[C:/Users/peper/OneDrive/ドキュメント/柴原研究室/www.omu.ac.jp/eng/shibahara/info/news/entry-45330.html]
[C:/Users/peper/OneDrive/ドキュメント/柴原研究室/www.omu.ac.jp/eng/shibahara/assets/attachmentfile/attachmentfile-file-37408.jpg]
[C:/Users/peper/OneDrive/ドキュメント/柴原研究室/www.omu.ac.jp/eng/shibahara/assets/Image6-47 - %E3%82%B3%E3%83%94%E3%83%BC.jpg]
[C:/Users/peper/OneDrive/ドキュメント/柴原研究室/www.omu.ac.jp/eng/shibahara/assets/Image2-107.jpg]
[C:/Users/peper/OneDrive/ドキュメント/柴原研究室/www.omu.ac.jp/eng/shibahara/assets/8918 - %E3%82%B3%E3%83%94%E3%83%BC.jpg]
[C:/Users/peper/OneDrive/ドキュメント/柴原研究室/www.omu.ac.jp/eng/shibahara/assets/S__10354754.jpg]
[C:/Users/peper/OneDrive/ドキュメント/柴原研究室/www.omu.ac.jp/eng/shibahara/assets/S__10354758.jpg]
[C:/Users/peper/OneDrive/ドキュメント/柴原研究室/www.omu.ac.jp/eng/shibahara/info/news/entry-45329.html]
[C:/Users/peper/OneDrive/ドキュメント/柴原研究室/www.omu.ac.jp/eng/shibahara/assets/attachmentfile/attachmentfile-file-37407.jpg]
[C:/Users/peper/OneDrive/ドキュメント/柴原研究室/www.omu.ac.jp/eng/shibahara/assets/EA72526B-95B9-45FD-84EE-4D727DB07FE8-2048x1536.jpg]
[C:/Users/peper/OneDrive/ドキュメント/柴原研究室/www.omu.ac.jp/eng/shibahara/assets/33-3.jpg]
[C:/Users/peper/OneDrive/ドキュメント/柴原研究室/www.omu.ac.jp/eng/shibahara/assets/3F45D7B3-DC0A-4718-BAAF-B780BBB53645-2048x1536.jpg]
[C:/Users/peper/OneDrive/ドキュメント/柴原研究室/www.omu.ac.jp/eng/shibahara/assets/S__10485798_0.jpg]
[C:/Users/peper/OneDrive/ドキュメント/柴原研究室/www.omu.ac.jp/eng/shibahara/info/news/entry-45326.html]
[C:/Users/peper/OneDrive/ドキュメント/柴原研究室/www.omu.ac.jp/eng/shibahara/assets/attachmentfile/attachmentfile-file-37406.jpg]
[C:/Users/peper/OneDrive/ドキュメント/柴原研究室/www.omu.ac.jp/eng/shibahara/assets/110382.jpg]
[C:/Users/peper/OneDrive/ドキュメント/柴原研究室/www.omu.ac.jp/eng/shibahara/assets/110377_0.jpg]
[C:/Users/peper/OneDrive/ドキュメント/柴原研究室/www.omu.ac.jp/eng/shibahara/assets/110378_0.jpg]
[C:/Users/peper/OneDrive/ドキュメント/柴原研究室/www.omu.ac.jp/eng/shibahara/assets/110379_0.jpg]
[C:/Users/peper/OneDrive/ドキュメント/柴原研究室/www.omu.ac.jp/eng/shibahara/info/news/entry-45325.html]
[C:/Users/peper/OneDrive/ドキュメント/柴原研究室/www.omu.ac.jp/eng/shibahara/info/news/entry-45324.html]
[C:/Users/peper/OneDrive/ドキュメント/柴原研究室/www.omu.ac.jp/eng/shibahara/assets/attachmentfile/attachmentfile-file-37405.jpg]
[C:/Users/peper/OneDrive/ドキュメント/柴原研究室/www.omu.ac.jp/eng/shibahara/assets/S__40173592_0.jpg]
[C:/Users/peper/OneDrive/ドキュメント/柴原研究室/www.omu.ac.jp/eng/shibahara/info/news/entry-45323.html]
[C:/Users/peper/OneDrive/ドキュメント/柴原研究室/www.omu.ac.jp/eng/shibahara/assets/Image2-105-2048x1561.jpg]
[C:/Users/peper/OneDrive/ドキュメント/柴原研究室/www.omu.ac.jp/eng/shibahara/assets/CF9C75D4-1234-40DA-B5AF-BA00A740B376-2048x1536.jpg]
[C:/Users/peper/OneDrive/ドキュメント/柴原研究室/www.omu.ac.jp/eng/shibahara/assets/attachmentfile/attachmentfile-file-37404.jpg]
[C:/Users/peper/OneDrive/ドキュメント/柴原研究室/www.omu.ac.jp/eng/shibahara/assets/pvsi5hz5-2048x867.png]
[C:/Users/peper/OneDrive/ドキュメント/柴原研究室/www.omu.ac.jp/eng/shibahara/assets/1gagqe0m.png]
[C:/Users/peper/OneDrive/ドキュメント/柴原研究室/www.omu.ac.jp/eng/shibahara/assets/attachmentfile/attachmentfile-file-37403.jpg]
[C:/Users/peper/OneDrive/ドキュメント/柴原研究室/www.omu.ac.jp/eng/shibahara/assets/3-22-2048x1531_1.jpg]
[C:/Users/peper/OneDrive/ドキュメント/柴原研究室/www.omu.ac.jp/eng/shibahara/assets/4-21-2048x1535_1.jpg]
[C:/Users/peper/OneDrive/ドキュメント/柴原研究室/www.omu.ac.jp/eng/shibahara/assets/6-17-2048x1533_1.jpg]
[C:/Users/peper/OneDrive/ドキュメント/柴原研究室/www.omu.ac.jp/eng/shibahara/assets/9-7-2048x1533.jpg]
[C:/Users/peper/OneDrive/ドキュメント/柴原研究室/www.omu.ac.jp/eng/shibahara/assets/10-8-2048x1533.jpg]
[C:/Users/peper/OneDrive/ドキュメント/柴原研究室/www.omu.ac.jp/eng/shibahara/assets/11-4-2048x1540.jpg]
[C:/Users/peper/OneDrive/ドキュメント/柴原研究室/www.omu.ac.jp/eng/shibahara/assets/12-2-2048x1526.jpg]
[C:/Users/peper/OneDrive/ドキュメント/柴原研究室/www.omu.ac.jp/eng/shibahara/assets/16-2-2048x1533.jpg]
[C:/Users/peper/OneDrive/ドキュメント/柴原研究室/www.omu.ac.jp/eng/shibahara/info/news/entry-45322.html]
[C:/Users/peper/OneDrive/ドキュメント/柴原研究室/www.omu.ac.jp/eng/shibahara/info/news/entry-78737.html]
[C:/Users/peper/OneDrive/ドキュメント/柴原研究室/www.omu.ac.jp/eng/shibahara/assets/attachmentfile/attachmentfile-file-67823.jpg]
[C:/Users/peper/OneDrive/ドキュメント/柴原研究室/www.omu.ac.jp/eng/shibahara/info/news/entry-78745.html]
[C:/Users/peper/OneDrive/ドキュメント/柴原研究室/www.omu.ac.jp/eng/shibahara/assets/attachmentfile/attachmentfile-file-67825.jpg]
[C:/Users/peper/OneDrive/ドキュメント/柴原研究室/www.omu.ac.jp/eng/shibahara/assets/attachmentfile/attachmentfile-file-67824.jpg]
[C:/Users/peper/OneDrive/ドキュメント/柴原研究室/www.omu.ac.jp/eng/shibahara/info/news/entry-78744.html]
[C:/Users/peper/OneDrive/ドキュメント/柴原研究室/www.omu.ac.jp/eng/shibahara/assets/attachmentfile/attachmentfile-file-37401.jpg]
[C:/Users/peper/OneDrive/ドキュメント/柴原研究室/www.omu.ac.jp/eng/shibahara/assets/Image2-97.jpg]
[C:/Users/peper/OneDrive/ドキュメント/柴原研究室/www.omu.ac.jp/eng/shibahara/assets/Image1-66-2048x1529.jpg]
[C:/Users/peper/OneDrive/ドキュメント/柴原研究室/www.omu.ac.jp/eng/shibahara/assets/66-2048x1535.jpg]
[C:/Users/peper/OneDrive/ドキュメント/柴原研究室/www.omu.ac.jp/eng/shibahara/assets/Image3-60-2048x1536.jpg]
[C:/Users/peper/OneDrive/ドキュメント/柴原研究室/www.omu.ac.jp/eng/shibahara/info/news/entry-45296.html]
[C:/Users/peper/OneDrive/ドキュメント/柴原研究室/www.omu.ac.jp/eng/shibahara/assets/attachmentfile/attachmentfile-file-37400.jpg]
[C:/Users/peper/OneDrive/ドキュメント/柴原研究室/www.omu.ac.jp/eng/shibahara/assets/9124EB12-F874-453C-9498-E261FAA74071.jpg]
[C:/Users/peper/OneDrive/ドキュメント/柴原研究室/www.omu.ac.jp/eng/shibahara/assets/873E2867-A41A-4132-9836-AC940701AAEA.jpg]
[C:/Users/peper/OneDrive/ドキュメント/柴原研究室/www.omu.ac.jp/eng/shibahara/assets/4486EA85-3809-4A21-A249-22E2F25612D8.jpg]
[C:/Users/peper/OneDrive/ドキュメント/柴原研究室/www.omu.ac.jp/eng/shibahara/assets/2CF71590-A499-4663-898F-A40EBF4A911C.jpg]
[C:/Users/peper/OneDrive/ドキュメント/柴原研究室/www.omu.ac.jp/eng/shibahara/assets/2972EA87-5F07-4903-BC8F-F988716A8200.jpg]
[C:/Users/peper/OneDrive/ドキュメント/柴原研究室/www.omu.ac.jp/eng/shibahara/assets/ddd-5.jpg]
[C:/Users/peper/OneDrive/ドキュメント/柴原研究室/www.omu.ac.jp/eng/shibahara/info/news/entry-45295.html]
[C:/Users/peper/OneDrive/ドキュメント/柴原研究室/www.omu.ac.jp/eng/shibahara/info/news/entry-45294.html]
[C:/Users/peper/OneDrive/ドキュメント/柴原研究室/www.omu.ac.jp/eng/shibahara/assets/attachmentfile/attachmentfile-file-37399.jpg]
[C:/Users/peper/OneDrive/ドキュメント/柴原研究室/www.omu.ac.jp/eng/shibahara/assets/5555-1.jpg]
[C:/Users/peper/OneDrive/ドキュメント/柴原研究室/www.omu.ac.jp/eng/shibahara/assets/6666-1.jpg]
[C:/Users/peper/OneDrive/ドキュメント/柴原研究室/www.omu.ac.jp/eng/shibahara/assets/8888-3.jpg]
[C:/Users/peper/OneDrive/ドキュメント/柴原研究室/www.omu.ac.jp/eng/shibahara/assets/7777.jpg]
[C:/Users/peper/OneDrive/ドキュメント/柴原研究室/www.omu.ac.jp/eng/shibahara/assets/attachmentfile/attachmentfile-file-37398.jpg]
[C:/Users/peper/OneDrive/ドキュメント/柴原研究室/www.omu.ac.jp/eng/shibahara/assets/111-3.jpg]
[C:/Users/peper/OneDrive/ドキュメント/柴原研究室/www.omu.ac.jp/eng/shibahara/assets/2222.jpg]
[C:/Users/peper/OneDrive/ドキュメント/柴原研究室/www.omu.ac.jp/eng/shibahara/assets/3-2-1.jpg]
[C:/Users/peper/OneDrive/ドキュメント/柴原研究室/www.omu.ac.jp/eng/shibahara/assets/1111.jpg]
[C:/Users/peper/OneDrive/ドキュメント/柴原研究室/www.omu.ac.jp/eng/shibahara/assets/88.jpg]
[C:/Users/peper/OneDrive/ドキュメント/柴原研究室/www.omu.ac.jp/eng/shibahara/assets/99-2048x1536.jpg]
[C:/Users/peper/OneDrive/ドキュメント/柴原研究室/www.omu.ac.jp/eng/shibahara/assets/55-2.jpg]
[C:/Users/peper/OneDrive/ドキュメント/柴原研究室/www.omu.ac.jp/eng/shibahara/assets/77.jpg]
[C:/Users/peper/OneDrive/ドキュメント/柴原研究室/www.omu.ac.jp/eng/shibahara/assets/444-3.jpg]
[C:/Users/peper/OneDrive/ドキュメント/柴原研究室/www.omu.ac.jp/eng/shibahara/assets/66-1.jpg]
[C:/Users/peper/OneDrive/ドキュメント/柴原研究室/www.omu.ac.jp/eng/shibahara/assets/2-2-1.jpg]
[C:/Users/peper/OneDrive/ドキュメント/柴原研究室/www.omu.ac.jp/eng/shibahara/assets/44-4.jpg]
[C:/Users/peper/OneDrive/ドキュメント/柴原研究室/www.omu.ac.jp/eng/shibahara/info/news/entry-45293.html]
[C:/Users/peper/OneDrive/ドキュメント/柴原研究室/www.omu.ac.jp/eng/shibahara/info/news/entry-45291.html]
[C:/Users/peper/OneDrive/ドキュメント/柴原研究室/www.omu.ac.jp/eng/shibahara/assets/attachmentfile/attachmentfile-file-37396.jpg]
[C:/Users/peper/OneDrive/ドキュメント/柴原研究室/www.omu.ac.jp/eng/shibahara/assets/Image3-59-2048x1388.jpg]
[C:/Users/peper/OneDrive/ドキュメント/柴原研究室/www.omu.ac.jp/eng/shibahara/assets/Image6-44.jpg]
[C:/Users/peper/OneDrive/ドキュメント/柴原研究室/www.omu.ac.jp/eng/shibahara/assets/attachmentfile/attachmentfile-file-37397.jpg]
[C:/Users/peper/OneDrive/ドキュメント/柴原研究室/www.omu.ac.jp/eng/shibahara/assets/2-28-2048x1377.jpg]
[C:/Users/peper/OneDrive/ドキュメント/柴原研究室/www.omu.ac.jp/eng/shibahara/assets/Image8-33-2048x1379.jpg]
[C:/Users/peper/OneDrive/ドキュメント/柴原研究室/www.omu.ac.jp/eng/shibahara/info/news/entry-45292.html]
[C:/Users/peper/OneDrive/ドキュメント/柴原研究室/www.omu.ac.jp/eng/shibahara/assets/attachmentfile/attachmentfile-file-37395.jpg]
[C:/Users/peper/OneDrive/ドキュメント/柴原研究室/www.omu.ac.jp/eng/shibahara/assets/S__37265410.jpg]
[C:/Users/peper/OneDrive/ドキュメント/柴原研究室/www.omu.ac.jp/eng/shibahara/info/news/entry-45290.html]
[C:/Users/peper/OneDrive/ドキュメント/柴原研究室/www.omu.ac.jp/eng/shibahara/assets/attachmentfile/attachmentfile-file-37392.jpg]
[C:/Users/peper/OneDrive/ドキュメント/柴原研究室/www.omu.ac.jp/eng/shibahara/assets/karyoku.jpg]
[C:/Users/peper/OneDrive/ドキュメント/柴原研究室/www.omu.ac.jp/eng/shibahara/assets/Image1-62.jpg]
[C:/Users/peper/OneDrive/ドキュメント/柴原研究室/www.omu.ac.jp/eng/shibahara/info/news/entry-45288.html]
[C:/Users/peper/OneDrive/ドキュメント/柴原研究室/www.omu.ac.jp/eng/shibahara/info/news/entry-79478.html]
[C:/Users/peper/OneDrive/ドキュメント/柴原研究室/www.omu.ac.jp/eng/shibahara/omu-content/uploads/sites/1156/33-2-scaled.jpg]
[C:/Users/peper/OneDrive/ドキュメント/柴原研究室/www.omu.ac.jp/eng/shibahara/omu-content/uploads/sites/1156/44-3-scaled.jpg]
[C:/Users/peper/OneDrive/ドキュメント/柴原研究室/www.omu.ac.jp/eng/shibahara/assets/attachmentfile/attachmentfile-file-37390.jpg]
[C:/Users/peper/OneDrive/ドキュメント/柴原研究室/www.omu.ac.jp/eng/shibahara/assets/Image4-68.jpg]
[C:/Users/peper/OneDrive/ドキュメント/柴原研究室/www.omu.ac.jp/eng/shibahara/info/news/entry-45287.html]
[C:/Users/peper/OneDrive/ドキュメント/柴原研究室/www.omu.ac.jp/eng/shibahara/assets/attachmentfile/attachmentfile-file-37359.jpg]
[C:/Users/peper/OneDrive/ドキュメント/柴原研究室/www.omu.ac.jp/eng/shibahara/assets/1-31.jpg]
[C:/Users/peper/OneDrive/ドキュメント/柴原研究室/www.omu.ac.jp/eng/shibahara/assets/4-26.jpg]
[C:/Users/peper/OneDrive/ドキュメント/柴原研究室/www.omu.ac.jp/eng/shibahara/info/news/entry-45270.html]
[C:/Users/peper/OneDrive/ドキュメント/柴原研究室/www.omu.ac.jp/eng/shibahara/assets/attachmentfile/attachmentfile-file-37358.jpg]
[C:/Users/peper/OneDrive/ドキュメント/柴原研究室/www.omu.ac.jp/eng/shibahara/assets/C9835A3D-1CC0-482D-925B-DAAD5EA322ED-2048x1536.jpg]
[C:/Users/peper/OneDrive/ドキュメント/柴原研究室/www.omu.ac.jp/eng/shibahara/info/news/entry-45269.html]
[C:/Users/peper/OneDrive/ドキュメント/柴原研究室/www.omu.ac.jp/eng/shibahara/assets/attachmentfile/attachmentfile-file-37357.jpg]
[C:/Users/peper/OneDrive/ドキュメント/柴原研究室/www.omu.ac.jp/eng/shibahara/assets/Image3-52-2048x1572.jpg]
[C:/Users/peper/OneDrive/ドキュメント/柴原研究室/www.omu.ac.jp/eng/shibahara/info/news/entry-45268.html]
[C:/Users/peper/OneDrive/ドキュメント/柴原研究室/www.omu.ac.jp/eng/shibahara/info/news/index.html]
[C:/Users/peper/OneDrive/ドキュメント/柴原研究室/www.omu.ac.jp/eng/shibahara/intro/photo/index.html]
[C:/Users/peper/OneDrive/ドキュメント/柴原研究室/www.omu.ac.jp/eng/shibahara/professor/patent/index.html]
[C:/Users/peper/OneDrive/ドキュメント/柴原研究室/www.omu.ac.jp/eng/shibahara/professor/detail/index.html]
[C:/Users/peper/OneDrive/ドキュメント/柴原研究室/www.omu.ac.jp/eng/shibahara/sitemap/index.html]
[C:/Users/peper/OneDrive/ドキュメント/柴原研究室/www.omu.ac.jp/eng/shibahara/intro/index-2.html]
[C:/Users/peper/OneDrive/ドキュメント/柴原研究室/www.omu.ac.jp/eng/shibahara/assets/attachmentfile/attachmentfile-file-69596.jpg]
[C:/Users/peper/OneDrive/ドキュメント/柴原研究室/www.omu.ac.jp/eng/shibahara/omu-content/uploads/sites/1156/Image3-7.jpg]
[C:/Users/peper/OneDrive/ドキュメント/柴原研究室/www.omu.ac.jp/eng/shibahara/omu-content/uploads/sites/1156/Image2-27.jpg]
[C:/Users/peper/OneDrive/ドキュメント/柴原研究室/www.omu.ac.jp/eng/shibahara/assets/cms-sites-1156-Image4-13.jpg]
[C:/Users/peper/OneDrive/ドキュメント/柴原研究室/www.omu.ac.jp/eng/shibahara/assets/cms-sites-1156-dwdd.jpg]
[C:/Users/peper/OneDrive/ドキュメント/柴原研究室/www.omu.ac.jp/eng/shibahara/assets/cms-sites-1156-sffg-1.jpg]
[C:/Users/peper/OneDrive/ドキュメント/柴原研究室/www.omu.ac.jp/eng/shibahara/assets/cms-sites-1156-deew.jpg]
[C:/Users/peper/OneDrive/ドキュメント/柴原研究室/www.omu.ac.jp/eng/shibahara/assets/cms-sites-1156-dse3.jpg]
[C:/Users/peper/OneDrive/ドキュメント/柴原研究室/www.omu.ac.jp/eng/shibahara/assets/cms-sites-1156-dwqe3.jpg]
[C:/Users/peper/OneDrive/ドキュメント/柴原研究室/www.omu.ac.jp/eng/shibahara/assets/cms-sites-1156-Image2_t-3.jpg]
[C:/Users/peper/OneDrive/ドキュメント/柴原研究室/www.omu.ac.jp/eng/shibahara/omu-content/uploads/sites/1156/沖見.jpg]
[C:/Users/peper/OneDrive/ドキュメント/柴原研究室/www.omu.ac.jp/eng/shibahara/assets/cms-sites-1156-沖見.jpg]
[C:/Users/peper/OneDrive/ドキュメント/柴原研究室/www.omu.ac.jp/eng/shibahara/assets/cms-sites-1156-橋詰.jpg]
[C:/Users/peper/OneDrive/ドキュメント/柴原研究室/www.omu.ac.jp/eng/shibahara/omu-content/uploads/sites/1156/Image4-19.jpg]
[C:/Users/peper/OneDrive/ドキュメント/柴原研究室/www.omu.ac.jp/eng/shibahara/assets/cms-sites-1156-Image1_t.jpg]
[C:/Users/peper/OneDrive/ドキュメント/柴原研究室/www.omu.ac.jp/eng/shibahara/omu-content/uploads/sites/1156/image17-2.jpg]
[C:/Users/peper/OneDrive/ドキュメント/柴原研究室/www.omu.ac.jp/eng/shibahara/omu-content/uploads/sites/1156/岩田さん.jpg]
[C:/Users/peper/OneDrive/ドキュメント/柴原研究室/www.omu.ac.jp/eng/shibahara/omu-content/uploads/sites/1156/シェルさん.jpg]
[C:/Users/peper/OneDrive/ドキュメント/柴原研究室/www.omu.ac.jp/eng/shibahara/omu-content/uploads/sites/1156/北村先生.jpg]
[C:/Users/peper/OneDrive/ドキュメント/柴原研究室/www.omu.ac.jp/eng/shibahara/omu-content/uploads/sites/1156/Image10-9.jpg]
[C:/Users/peper/OneDrive/ドキュメント/柴原研究室/www.omu.ac.jp/eng/shibahara/omu-content/uploads/sites/1156/矢野さん.jpg]
[C:/Users/peper/OneDrive/ドキュメント/柴原研究室/www.omu.ac.jp/eng/shibahara/omu-content/uploads/sites/1156/夏目さん.jpg]
[C:/Users/peper/OneDrive/ドキュメント/柴原研究室/www.omu.ac.jp/eng/shibahara/omu-content/uploads/sites/1156/まささん.jpg]
[C:/Users/peper/OneDrive/ドキュメント/柴原研究室/www.omu.ac.jp/eng/shibahara/omu-content/uploads/sites/1156/今さｎ.jpg]
[C:/Users/peper/OneDrive/ドキュメント/柴原研究室/www.omu.ac.jp/eng/shibahara/omu-content/uploads/sites/1156/重政さん.jpg]
[C:/Users/peper/OneDrive/ドキュメント/柴原研究室/www.omu.ac.jp/eng/shibahara/omu-content/uploads/sites/1156/竹内さん.jpg]
[C:/Users/peper/OneDrive/ドキュメント/柴原研究室/www.omu.ac.jp/eng/shibahara/omu-content/uploads/sites/1156/濱田さん.jpg]
[C:/Users/peper/OneDrive/ドキュメント/柴原研究室/www.omu.ac.jp/eng/shibahara/omu-content/uploads/sites/1156/田原さん.jpg]
[C:/Users/peper/OneDrive/ドキュメント/柴原研究室/www.omu.ac.jp/eng/shibahara/omu-content/uploads/sites/1156/岡田さん.jpg]
[C:/Users/peper/OneDrive/ドキュメント/柴原研究室/www.omu.ac.jp/eng/shibahara/omu-content/uploads/sites/1156/今木さん.jpg]
[C:/Users/peper/OneDrive/ドキュメント/柴原研究室/www.omu.ac.jp/eng/shibahara/omu-content/uploads/sites/1156/坪井さん.jpg]
[C:/Users/peper/OneDrive/ドキュメント/柴原研究室/www.omu.ac.jp/eng/shibahara/omu-content/uploads/sites/1156/Image9-9.jpg]
[C:/Users/peper/OneDrive/ドキュメント/柴原研究室/www.omu.ac.jp/eng/shibahara/ob_list.html]
[C:/Users/peper/OneDrive/ドキュメント/柴原研究室/www.marine.osakafu-u.ac.jp/omu-content/uploads/sites/1156/dse3.jpg]
[C:/Users/peper/OneDrive/ドキュメント/柴原研究室/www.marine.osakafu-u.ac.jp/omu-content/uploads/sites/1156/dwqe3.jpg]
[C:/Users/peper/OneDrive/ドキュメント/柴原研究室/www.marine.osakafu-u.ac.jp/omu-content/uploads/sites/1156/ewete.jpg]
[C:/Users/peper/OneDrive/ドキュメント/柴原研究室/www.marine.osakafu-u.ac.jp/omu-content/uploads/sites/1156/田原さん.jpg]
[C:/Users/peper/OneDrive/ドキュメント/柴原研究室/www.omu.ac.jp/eng/shibahara/professor/index-2.html]
[C:/Users/peper/OneDrive/ドキュメント/柴原研究室/www.omu.ac.jp/eng/shibahara/assets/attachmentfile/attachmentfile-file-69597.jpg]
[C:/Users/peper/OneDrive/ドキュメント/柴原研究室/www.omu.ac.jp/eng/shibahara/assets/HP用_幅田.mp4]
[C:/Users/peper/OneDrive/ドキュメント/柴原研究室/www.omu.ac.jp/eng/shibahara/assets/HP用_前田.mp4]
[C:/Users/peper/OneDrive/ドキュメント/柴原研究室/www.omu.ac.jp/eng/shibahara/assets/HP用_手銭.mp4]
[C:/Users/peper/OneDrive/ドキュメント/柴原研究室/www.omu.ac.jp/eng/shibahara/assets/【HP】遺伝的アルゴリズムを用いた凝固割れ防止タブ板形状に関する検討.mp4]
[C:/Users/peper/OneDrive/ドキュメント/柴原研究室/www.omu.ac.jp/eng/shibahara/assets/HP用溶接高温割れ試験法に関する数値解析的検討.mp4]
[C:/Users/peper/OneDrive/ドキュメント/柴原研究室/www.omu.ac.jp/eng/shibahara/assets/【HP用】レーザアークハイブリッド溶接における高温割れ解析.mp4]
[C:/Users/peper/OneDrive/ドキュメント/柴原研究室/www.omu.ac.jp/eng/shibahara/assets/【HP用】タンデム下向突合せ溶接時における高温割れ防止についての検討【動画】-2.mp4]
[C:/Users/peper/OneDrive/ドキュメント/柴原研究室/www.omu.ac.jp/eng/shibahara/assets/【HP用】凝固収縮ひずみを考慮した溶接高温割れ解析手法の開発【動画】-3.mp4]
[C:/Users/peper/OneDrive/ドキュメント/柴原研究室/www.omu.ac.jp/eng/shibahara/assets/【HP用】T継手完全溶け込み溶接時の凝固割れに及ぼす諸因子の影響【動画】.mp4]
[C:/Users/peper/OneDrive/ドキュメント/柴原研究室/www.omu.ac.jp/eng/shibahara/assets/【HP用】レーザアークハイブリッド溶接の高温割れ解析_1.mp4]
[C:/Users/peper/OneDrive/ドキュメント/柴原研究室/www.omu.ac.jp/eng/shibahara/assets/【HP用】遺伝的アルゴリズムを用いた仮付け施工の最適化-フルHD-h246-3.mp4]
[C:/Users/peper/OneDrive/ドキュメント/柴原研究室/www.omu.ac.jp/eng/shibahara/assets/【HP用】溶接力学問題に対するAI強化学習の応用_1.mp4]
[C:/Users/peper/OneDrive/ドキュメント/柴原研究室/www.omu.ac.jp/eng/shibahara/assets/【高温割れ】開先開口挙動と高温割れの関係性についての検討織田-1.mp4]
[C:/Users/peper/OneDrive/ドキュメント/柴原研究室/www.omu.ac.jp/eng/shibahara/assets/【HP用】並進加熱による高温割れ防止法の適用性に関する数値解析的検討伊藤.mp4]
[C:/Users/peper/OneDrive/ドキュメント/柴原研究室/www.omu.ac.jp/eng/shibahara/shibahara/movie_new/index.html]
[C:/Users/peper/OneDrive/ドキュメント/柴原研究室/www.omu.ac.jp/eng/shibahara/assets/HP用_加藤.mp4]
[C:/Users/peper/OneDrive/ドキュメント/柴原研究室/www.omu.ac.jp/eng/shibahara/assets/HP用_廣瀬.mp4]
[C:/Users/peper/OneDrive/ドキュメント/柴原研究室/www.omu.ac.jp/eng/shibahara/assets/【HP用】機械学習を用いたガス加熱時に発生する固有ひずみの簡易予測手法に関する検討.mp4]
[C:/Users/peper/OneDrive/ドキュメント/柴原研究室/www.omu.ac.jp/eng/shibahara/assets/【HP用】AI強化学習とFEMを用いた溶接順序最適化【動画】.mp4]
[C:/Users/peper/OneDrive/ドキュメント/柴原研究室/www.omu.ac.jp/eng/shibahara/assets/【HP用】ベイズ最適化によるひずみ取り加熱方案自動作成システムの構築_2021_1004_修正版.mp4]
[C:/Users/peper/OneDrive/ドキュメント/柴原研究室/www.omu.ac.jp/eng/shibahara/assets/【AI・線状加熱・ひずみ取り】AI-線状加熱を用いた自動加熱方案作成システムに関する検討芦田.mp4]
[C:/Users/peper/OneDrive/ドキュメント/柴原研究室/www.omu.ac.jp/eng/shibahara/assets/【HP用】ComplexMethodに基づくひずみ取りの自動化に関する検討加藤.mp4]
[C:/Users/peper/OneDrive/ドキュメント/柴原研究室/www.omu.ac.jp/eng/shibahara/assets/【HP用】溶接力学問題に対するAI強化学習の応用_1_1.mp4]
[C:/Users/peper/OneDrive/ドキュメント/柴原研究室/www.omu.ac.jp/eng/shibahara/assets/【HP用】遺伝的アルゴリズムを用いた仮付け施工の最適化-フルHD-h246-2.mp4]
[C:/Users/peper/OneDrive/ドキュメント/柴原研究室/www.omu.ac.jp/eng/shibahara/shibahara/movie_new/index_2.html]
[C:/Users/peper/OneDrive/ドキュメント/柴原研究室/www.omu.ac.jp/eng/shibahara/assets/HP用_松岡-2.mp4]
[C:/Users/peper/OneDrive/ドキュメント/柴原研究室/www.omu.ac.jp/eng/shibahara/assets/HP用_山内-1.mp4]
[C:/Users/peper/OneDrive/ドキュメント/柴原研究室/www.omu.ac.jp/eng/shibahara/assets/【HP用】デジタルツインによる溶接時における力学状態の推定に関する検討.mp4]
[C:/Users/peper/OneDrive/ドキュメント/柴原研究室/www.omu.ac.jp/eng/shibahara/assets/【HP用】デジタルツインを活用したボイラ配管の物理状態モニタリング技術の開発【動画】.mp4]
[C:/Users/peper/OneDrive/ドキュメント/柴原研究室/www.omu.ac.jp/eng/shibahara/assets/【HP用】温度履歴を用いたデータ同化による熱伝導パラメータ推定【動画】.mp4]
[C:/Users/peper/OneDrive/ドキュメント/柴原研究室/www.omu.ac.jp/eng/shibahara/shibahara/movie_new/index_3.html]
[C:/Users/peper/OneDrive/ドキュメント/柴原研究室/www.omu.ac.jp/eng/shibahara/assets/【HP用】データ同化を活用した熱伝導パラメータの推定に関する基礎的検討-2.mp4]
[C:/Users/peper/OneDrive/ドキュメント/柴原研究室/www.omu.ac.jp/eng/shibahara/assets/【HP用】熱収縮法を用いた溶接力学解析.mp4]
[C:/Users/peper/OneDrive/ドキュメント/柴原研究室/www.omu.ac.jp/eng/shibahara/assets/【HP用】溶接時の面外変形に及ぼす諸因子の影響に関する検討【動画】-2.mp4]
[C:/Users/peper/OneDrive/ドキュメント/柴原研究室/www.omu.ac.jp/eng/shibahara/shibahara/movie_new/index_4.html]
[C:/Users/peper/OneDrive/ドキュメント/柴原研究室/www.omu.ac.jp/eng/shibahara/assets/【HP用】線状加熱における端部変形についての検討.mp4]
[C:/Users/peper/OneDrive/ドキュメント/柴原研究室/www.omu.ac.jp/eng/shibahara/shibahara/movie_new/index_5.html]
[C:/Users/peper/OneDrive/ドキュメント/柴原研究室/www.omu.ac.jp/eng/shibahara/shibahara/movie_new/index_8.html]
[C:/Users/peper/OneDrive/ドキュメント/柴原研究室/www.omu.ac.jp/eng/shibahara/assets/【HP用】液体窒素を用いた残留応力低減法の提案木谷.mp4]
[C:/Users/peper/OneDrive/ドキュメント/柴原研究室/www.omu.ac.jp/eng/shibahara/assets/【その他】PWHTによる溶接継手の残留応力低減効果の解析木谷.mp4]
[C:/Users/peper/OneDrive/ドキュメント/柴原研究室/www.omu.ac.jp/eng/shibahara/shibahara/movie_new/index_7.html]
[C:/Users/peper/OneDrive/ドキュメント/柴原研究室/www.omu.ac.jp/eng/shibahara/assets/【その他】粒子法およびFEMを用いたFSWに関する数値解析的検討李_ver2.mp4]
[C:/Users/peper/OneDrive/ドキュメント/柴原研究室/www.omu.ac.jp/eng/shibahara/assets/【HP用】アルミニウム合金スポット溶接用多溝電極の提案田中-3.mp4]
[C:/Users/peper/OneDrive/ドキュメント/柴原研究室/www.omu.ac.jp/eng/shibahara/shibahara/movie_new/index_6.html]
[C:/Users/peper/OneDrive/ドキュメント/柴原研究室/www.omu.ac.jp/omu-content/uploads/sites/1156/Image4-40-300x31.html]
[C:/Users/peper/OneDrive/ドキュメント/柴原研究室/www.omu.ac.jp/omu-content/uploads/sites/1156/2011.html]
[C:/Users/peper/OneDrive/ドキュメント/柴原研究室/www.omu.ac.jp/omu-content/uploads/sites/1156/image.html]
[C:/Users/peper/OneDrive/ドキュメント/柴原研究室/www.omu.ac.jp/omu-content/uploads/sites/1156/2009.html]
[C:/Users/peper/OneDrive/ドキュメント/柴原研究室/www.omu.ac.jp/omu-content/uploads/sites/1156/2008.html]
[C:/Users/peper/OneDrive/ドキュメント/柴原研究室/www.omu.ac.jp/omu-content/uploads/sites/1156/2007.html]
[C:/Users/peper/OneDrive/ドキュメント/柴原研究室/www.omu.ac.jp/omu-content/uploads/sites/1156/2005.html]
[C:/Users/peper/OneDrive/ドキュメント/柴原研究室/www.omu.ac.jp/omu-content/uploads/sites/1156/2006.html]
[C:/Users/peper/OneDrive/ドキュメント/柴原研究室/www.omu.ac.jp/omu-content/uploads/sites/1156/2004.html]
[C:/Users/peper/OneDrive/ドキュメント/柴原研究室/www.omu.ac.jp/omu-content/uploads/sites/1156/Image3-63.html]
[C:/Users/peper/OneDrive/ドキュメント/柴原研究室/www.omu.ac.jp/omu-content/uploads/sites/1156/Image2-101.html]
[C:/Users/peper/OneDrive/ドキュメント/柴原研究室/www.omu.ac.jp/eng/shibahara/info/news/index496f.html]
[C:/Users/peper/OneDrive/ドキュメント/柴原研究室/www.omu.ac.jp/eng/shibahara/info/news/index4cee.html]
[C:/Users/peper/OneDrive/ドキュメント/柴原研究室/www.omu.ac.jp/eng/shibahara/info/news/index2216.html]
[C:/Users/peper/OneDrive/ドキュメント/柴原研究室/www.omu.ac.jp/eng/shibahara/info/news/index9b22.html]
[C:/Users/peper/OneDrive/ドキュメント/柴原研究室/www.omu.ac.jp/eng/shibahara/assets/thumbnails/thumb-750xauto-106754-file.jpg]
[C:/Users/peper/OneDrive/ドキュメント/柴原研究室/www.omu.ac.jp/eng/shibahara/assets/thumbnails/thumb-750xauto-106753-file.jpg]
[C:/Users/peper/OneDrive/ドキュメント/柴原研究室/www.omu.ac.jp/eng/shibahara/assets/thumbnails/thumb-750xauto-106741-file.jpg]
[C:/Users/peper/OneDrive/ドキュメント/柴原研究室/www.omu.ac.jp/eng/shibahara/assets/thumbnails/thumb-750xauto-106738-file.jpg]
[C:/Users/peper/OneDrive/ドキュメント/柴原研究室/www.omu.ac.jp/eng/shibahara/assets/thumbnails/thumb-750xauto-106737-file.jpg]
[C:/Users/peper/OneDrive/ドキュメント/柴原研究室/www.omu.ac.jp/eng/shibahara/assets/thumbnails/thumb-750xauto-106735-file.jpg]
[C:/Users/peper/OneDrive/ドキュメント/柴原研究室/www.omu.ac.jp/eng/shibahara/assets/thumbnails/thumb-750xauto-106734-file.jpg]
[C:/Users/peper/OneDrive/ドキュメント/柴原研究室/www.omu.ac.jp/eng/shibahara/assets/thumbnails/thumb-750xauto-106730-file.jpg]
[C:/Users/peper/OneDrive/ドキュメント/柴原研究室/www.omu.ac.jp/eng/shibahara/assets/thumbnails/thumb-750xauto-106724-file.jpg]
[C:/Users/peper/OneDrive/ドキュメント/柴原研究室/www.omu.ac.jp/eng/shibahara/assets/thumbnails/thumb-750xauto-106723-file.jpg]
[C:/Users/peper/OneDrive/ドキュメント/柴原研究室/www.omu.ac.jp/eng/shibahara/assets/thumbnails/thumb-750xauto-106719-file.jpg]
[C:/Users/peper/OneDrive/ドキュメント/柴原研究室/www.omu.ac.jp/eng/shibahara/assets/thumbnails/thumb-750xauto-106715-file.jpg]
[C:/Users/peper/OneDrive/ドキュメント/柴原研究室/www.omu.ac.jp/eng/shibahara/info/news/index8536.html]
[C:/Users/peper/OneDrive/ドキュメント/柴原研究室/www.omu.ac.jp/eng/shibahara/assets/thumbnails/thumb-750xauto-105813-file.jpg]
[C:/Users/peper/OneDrive/ドキュメント/柴原研究室/www.omu.ac.jp/eng/shibahara/assets/thumbnails/thumb-750xauto-105801-file.jpg]
[C:/Users/peper/OneDrive/ドキュメント/柴原研究室/www.omu.ac.jp/eng/shibahara/assets/thumbnails/thumb-750xauto-105777-file.jpg]
[C:/Users/peper/OneDrive/ドキュメント/柴原研究室/www.omu.ac.jp/eng/shibahara/assets/thumbnails/thumb-750xauto-105774-file.jpg]
[C:/Users/peper/OneDrive/ドキュメント/柴原研究室/www.omu.ac.jp/eng/shibahara/assets/thumbnails/thumb-750xauto-195047-file.jpg]
[C:/Users/peper/OneDrive/ドキュメント/柴原研究室/www.omu.ac.jp/eng/shibahara/assets/thumbnails/thumb-750xauto-106100-file.jpg]
[C:/Users/peper/OneDrive/ドキュメント/柴原研究室/www.omu.ac.jp/eng/shibahara/assets/thumbnails/thumb-750xauto-106095-file.jpg]
[C:/Users/peper/OneDrive/ドキュメント/柴原研究室/www.omu.ac.jp/eng/shibahara/assets/thumbnails/thumb-750xauto-106728-file.jpg]
[C:/Users/peper/OneDrive/ドキュメント/柴原研究室/www.omu.ac.jp/eng/shibahara/assets/thumbnails/thumb-750xauto-105736-file.jpg]
[C:/Users/peper/OneDrive/ドキュメント/柴原研究室/www.omu.ac.jp/eng/shibahara/assets/thumbnails/thumb-750xauto-106726-file.jpg]
[C:/Users/peper/OneDrive/ドキュメント/柴原研究室/www.omu.ac.jp/eng/shibahara/assets/thumbnails/thumb-750xauto-195038-file.jpg]
[C:/Users/peper/OneDrive/ドキュメント/柴原研究室/www.omu.ac.jp/eng/shibahara/assets/thumbnails/thumb-750xauto-106693-file.jpg]
[C:/Users/peper/OneDrive/ドキュメント/柴原研究室/www.omu.ac.jp/eng/shibahara/info/news/index9985.html]
[C:/Users/peper/OneDrive/ドキュメント/柴原研究室/www.omu.ac.jp/eng/shibahara/assets/thumbnails/thumb-750xauto-105611-file.jpg]
[C:/Users/peper/OneDrive/ドキュメント/柴原研究室/www.omu.ac.jp/eng/shibahara/assets/thumbnails/thumb-750xauto-105608-file.jpg]
[C:/Users/peper/OneDrive/ドキュメント/柴原研究室/www.omu.ac.jp/eng/shibahara/assets/thumbnails/thumb-750xauto-105604-file.jpg]
[C:/Users/peper/OneDrive/ドキュメント/柴原研究室/www.omu.ac.jp/eng/shibahara/assets/thumbnails/thumb-750xauto-105582-file.jpg]
[C:/Users/peper/OneDrive/ドキュメント/柴原研究室/www.omu.ac.jp/eng/shibahara/assets/thumbnails/thumb-750xauto-105569-file.jpg]
[C:/Users/peper/OneDrive/ドキュメント/柴原研究室/www.omu.ac.jp/eng/shibahara/assets/thumbnails/thumb-750xauto-105563-file.jpg]
[C:/Users/peper/OneDrive/ドキュメント/柴原研究室/www.omu.ac.jp/eng/shibahara/assets/thumbnails/thumb-750xauto-105560-file.jpg]
[C:/Users/peper/OneDrive/ドキュメント/柴原研究室/www.omu.ac.jp/eng/shibahara/assets/thumbnails/thumb-750xauto-105558-file.jpg]
[C:/Users/peper/OneDrive/ドキュメント/柴原研究室/www.omu.ac.jp/eng/shibahara/assets/thumbnails/thumb-750xauto-105734-file.jpg]
[C:/Users/peper/OneDrive/ドキュメント/柴原研究室/www.omu.ac.jp/eng/shibahara/assets/thumbnails/thumb-750xauto-105556-file.jpg]
[C:/Users/peper/OneDrive/ドキュメント/柴原研究室/www.omu.ac.jp/eng/shibahara/assets/thumbnails/thumb-750xauto-105559-file.jpg]
[C:/Users/peper/OneDrive/ドキュメント/柴原研究室/www.omu.ac.jp/eng/shibahara/assets/thumbnails/thumb-750xauto-105555-file.jpg]
[C:/Users/peper/OneDrive/ドキュメント/柴原研究室/www.omu.ac.jp/eng/shibahara/info/news/indexb830.html]
[C:/Users/peper/OneDrive/ドキュメント/柴原研究室/www.omu.ac.jp/eng/shibahara/assets/thumbnails/thumb-750xauto-105540-file.jpg]
[C:/Users/peper/OneDrive/ドキュメント/柴原研究室/www.omu.ac.jp/eng/shibahara/assets/thumbnails/thumb-750xauto-105536-file.jpg]
[C:/Users/peper/OneDrive/ドキュメント/柴原研究室/www.omu.ac.jp/eng/shibahara/assets/thumbnails/thumb-750xauto-105533-file.jpg]
[C:/Users/peper/OneDrive/ドキュメント/柴原研究室/www.omu.ac.jp/eng/shibahara/assets/thumbnails/thumb-750xauto-105531-file.jpg]
[C:/Users/peper/OneDrive/ドキュメント/柴原研究室/www.omu.ac.jp/eng/shibahara/assets/thumbnails/thumb-750xauto-105530-file.jpg]
[C:/Users/peper/OneDrive/ドキュメント/柴原研究室/www.omu.ac.jp/eng/shibahara/assets/thumbnails/thumb-750xauto-195039-file.jpg]
[C:/Users/peper/OneDrive/ドキュメント/柴原研究室/www.omu.ac.jp/eng/shibahara/assets/thumbnails/thumb-750xauto-105529-file.jpg]
[C:/Users/peper/OneDrive/ドキュメント/柴原研究室/www.omu.ac.jp/eng/shibahara/assets/thumbnails/thumb-750xauto-105528-file.jpg]
[C:/Users/peper/OneDrive/ドキュメント/柴原研究室/www.omu.ac.jp/eng/shibahara/assets/thumbnails/thumb-750xauto-105523-file.jpg]
[C:/Users/peper/OneDrive/ドキュメント/柴原研究室/www.omu.ac.jp/eng/shibahara/assets/thumbnails/thumb-750xauto-195040-file.jpg]
[C:/Users/peper/OneDrive/ドキュメント/柴原研究室/www.omu.ac.jp/eng/shibahara/assets/thumbnails/thumb-750xauto-105502-file.jpg]
[C:/Users/peper/OneDrive/ドキュメント/柴原研究室/www.omu.ac.jp/eng/shibahara/assets/thumbnails/thumb-750xauto-105499-file.jpg]
[C:/Users/peper/OneDrive/ドキュメント/柴原研究室/www.omu.ac.jp/eng/shibahara/info/news/indexcec3.html]
[C:/Users/peper/OneDrive/ドキュメント/柴原研究室/www.omu.ac.jp/eng/shibahara/assets/thumbnails/thumb-750xauto-105449-file.jpg]
[C:/Users/peper/OneDrive/ドキュメント/柴原研究室/www.omu.ac.jp/eng/shibahara/assets/thumbnails/thumb-750xauto-105447-file.jpg]
[C:/Users/peper/OneDrive/ドキュメント/柴原研究室/www.omu.ac.jp/eng/shibahara/assets/thumbnails/thumb-750xauto-105444-file.jpg]
[C:/Users/peper/OneDrive/ドキュメント/柴原研究室/www.omu.ac.jp/eng/shibahara/assets/thumbnails/thumb-750xauto-105443-file.jpg]
[C:/Users/peper/OneDrive/ドキュメント/柴原研究室/www.omu.ac.jp/eng/shibahara/assets/thumbnails/thumb-750xauto-105438-file.jpg]
[C:/Users/peper/OneDrive/ドキュメント/柴原研究室/www.omu.ac.jp/eng/shibahara/assets/thumbnails/thumb-750xauto-105431-file.jpg]
[C:/Users/peper/OneDrive/ドキュメント/柴原研究室/www.omu.ac.jp/eng/shibahara/assets/thumbnails/thumb-750xauto-105422-file.jpg]
[C:/Users/peper/OneDrive/ドキュメント/柴原研究室/www.omu.ac.jp/eng/shibahara/assets/thumbnails/thumb-750xauto-105421-file.jpg]
[C:/Users/peper/OneDrive/ドキュメント/柴原研究室/www.omu.ac.jp/eng/shibahara/assets/thumbnails/thumb-750xauto-105415-file.jpg]
[C:/Users/peper/OneDrive/ドキュメント/柴原研究室/www.omu.ac.jp/eng/shibahara/assets/thumbnails/thumb-750xauto-105413-file.jpg]
[C:/Users/peper/OneDrive/ドキュメント/柴原研究室/www.omu.ac.jp/eng/shibahara/assets/thumbnails/thumb-750xauto-105110-file.jpg]
[C:/Users/peper/OneDrive/ドキュメント/柴原研究室/www.omu.ac.jp/eng/shibahara/assets/thumbnails/thumb-750xauto-105109-file.jpg]
[C:/Users/peper/OneDrive/ドキュメント/柴原研究室/www.omu.ac.jp/eng/shibahara/info/news/index495d.html]
[C:/Users/peper/OneDrive/ドキュメント/柴原研究室/www.omu.ac.jp/eng/shibahara/assets/thumbnails/thumb-750xauto-105106-file.jpg]
[C:/Users/peper/OneDrive/ドキュメント/柴原研究室/www.omu.ac.jp/eng/shibahara/assets/thumbnails/thumb-750xauto-105101-file.jpg]
[C:/Users/peper/OneDrive/ドキュメント/柴原研究室/www.omu.ac.jp/eng/shibahara/assets/thumbnails/thumb-750xauto-105096-file.jpg]
[C:/Users/peper/OneDrive/ドキュメント/柴原研究室/www.omu.ac.jp/eng/shibahara/assets/thumbnails/thumb-750xauto-105094-file.jpg]
[C:/Users/peper/OneDrive/ドキュメント/柴原研究室/www.omu.ac.jp/eng/shibahara/assets/thumbnails/thumb-750xauto-105092-file.jpg]
[C:/Users/peper/OneDrive/ドキュメント/柴原研究室/www.omu.ac.jp/eng/shibahara/assets/thumbnails/thumb-750xauto-105089-file.jpg]
[C:/Users/peper/OneDrive/ドキュメント/柴原研究室/www.omu.ac.jp/eng/shibahara/assets/thumbnails/thumb-750xauto-105084-file.jpg]
[C:/Users/peper/OneDrive/ドキュメント/柴原研究室/www.omu.ac.jp/eng/shibahara/assets/thumbnails/thumb-750xauto-105064-file.jpg]
[C:/Users/peper/OneDrive/ドキュメント/柴原研究室/www.omu.ac.jp/eng/shibahara/assets/thumbnails/thumb-750xauto-105062-file.jpg]
[C:/Users/peper/OneDrive/ドキュメント/柴原研究室/www.omu.ac.jp/eng/shibahara/assets/thumbnails/thumb-750xauto-105043-file.jpg]
[C:/Users/peper/OneDrive/ドキュメント/柴原研究室/www.omu.ac.jp/eng/shibahara/assets/thumbnails/thumb-750xauto-105019-file.jpg]
[C:/Users/peper/OneDrive/ドキュメント/柴原研究室/www.omu.ac.jp/eng/shibahara/assets/thumbnails/thumb-750xauto-105013-file.jpg]
[C:/Users/peper/OneDrive/ドキュメント/柴原研究室/www.omu.ac.jp/eng/shibahara/info/news/index8c11.html]
[C:/Users/peper/OneDrive/ドキュメント/柴原研究室/www.omu.ac.jp/eng/shibahara/assets/thumbnails/thumb-750xauto-104707-file.jpg]
[C:/Users/peper/OneDrive/ドキュメント/柴原研究室/www.omu.ac.jp/eng/shibahara/assets/thumbnails/thumb-750xauto-104706-file.jpg]
[C:/Users/peper/OneDrive/ドキュメント/柴原研究室/www.omu.ac.jp/eng/shibahara/assets/thumbnails/thumb-750xauto-104704-file.jpg]
[C:/Users/peper/OneDrive/ドキュメント/柴原研究室/www.omu.ac.jp/eng/shibahara/assets/thumbnails/thumb-750xauto-104703-file.jpg]
[C:/Users/peper/OneDrive/ドキュメント/柴原研究室/www.omu.ac.jp/eng/shibahara/assets/thumbnails/thumb-750xauto-104701-file.jpg]
[C:/Users/peper/OneDrive/ドキュメント/柴原研究室/www.omu.ac.jp/eng/shibahara/assets/thumbnails/thumb-750xauto-104668-file.jpg]
[C:/Users/peper/OneDrive/ドキュメント/柴原研究室/www.omu.ac.jp/eng/shibahara/info/news/indexba3c.html]
[C:/Users/peper/OneDrive/ドキュメント/柴原研究室/www.omu.ac.jp/eng/shibahara/assets/thumbnails/thumb-750xauto-104675-file.jpg]
[C:/Users/peper/OneDrive/ドキュメント/柴原研究室/www.omu.ac.jp/eng/shibahara/assets/thumbnails/thumb-750xauto-104658-file.jpg]
[C:/Users/peper/OneDrive/ドキュメント/柴原研究室/www.omu.ac.jp/eng/shibahara/assets/thumbnails/thumb-750xauto-104510-file.jpg]
[C:/Users/peper/OneDrive/ドキュメント/柴原研究室/www.omu.ac.jp/eng/shibahara/assets/thumbnails/thumb-750xauto-104507-file.jpg]
[C:/Users/peper/OneDrive/ドキュメント/柴原研究室/www.omu.ac.jp/eng/shibahara/info/news/indexd981.html]
[C:/Users/peper/OneDrive/ドキュメント/柴原研究室/www.omu.ac.jp/eng/shibahara/info/news/list-news-tp1.html]
[C:/Users/peper/OneDrive/ドキュメント/柴原研究室/www.omu.ac.jp/eng/shibahara/info/news/list-news-tp2.html]
[C:/Users/peper/OneDrive/ドキュメント/柴原研究室/www.omu.ac.jp/eng/shibahara/info/news/list-news-tp3.html]
[C:/Users/peper/OneDrive/ドキュメント/柴原研究室/www.omu.ac.jp/eng/shibahara/info/news/list-news-tp4.html]
[C:/Users/peper/OneDrive/ドキュメント/柴原研究室/www.omu.ac.jp/eng/shibahara/assets/thumbnails/thumb-750xauto-106772-file.jpg]
[C:/Users/peper/OneDrive/ドキュメント/柴原研究室/www.omu.ac.jp/eng/shibahara/assets/thumbnails/thumb-750xauto-106119-file.jpg]
[C:/Users/peper/OneDrive/ドキュメント/柴原研究室/www.omu.ac.jp/eng/shibahara/assets/thumbnails/thumb-750xauto-104708-file.jpg]
[C:/Users/peper/OneDrive/ドキュメント/柴原研究室/www.omu.ac.jp/eng/shibahara/info/news/list-news-tp5.html]
[C:/Users/peper/OneDrive/ドキュメント/柴原研究室/www.omu.ac.jp/eng/shibahara/info/news/list-news-tp6.html]
[C:/Users/peper/OneDrive/ドキュメント/柴原研究室/www.omu.ac.jp/eng/shibahara/info/news/index753f.html]
[C:/Users/peper/OneDrive/ドキュメント/柴原研究室/www.omu.ac.jp/eng/shibahara/info/news/index3889.html]
[C:/Users/peper/OneDrive/ドキュメント/柴原研究室/www.omu.ac.jp/eng/shibahara/info/news/index4942.html]
[C:/Users/peper/OneDrive/ドキュメント/柴原研究室/www.omu.ac.jp/eng/shibahara/info/news/indexe271.html]
[C:/Users/peper/OneDrive/ドキュメント/柴原研究室/www.omu.ac.jp/eng/shibahara/info/news/index0af0.html]
[C:/Users/peper/OneDrive/ドキュメント/柴原研究室/www.omu.ac.jp/eng/shibahara/sitemap/index-2.html]
[C:/Users/peper/OneDrive/ドキュメント/柴原研究室/www.omu.ac.jp/eng/shibahara/info/events/index.html]
[C:/Users/peper/OneDrive/ドキュメント/柴原研究室/www.marine.osakafu-u.ac.jp/omu-content/uploads/sites/1156/Image2_t-3.jpg]
[C:/Users/peper/OneDrive/ドキュメント/柴原研究室/www.omu.ac.jp/eng/shibahara/omu-content/uploads/sites/1156/芦田_t.html]
[C:/Users/peper/OneDrive/ドキュメント/柴原研究室/www.omu.ac.jp/eng/shibahara/omu-content/uploads/sites/1156/内村1.html]
[C:/Users/peper/OneDrive/ドキュメント/柴原研究室/www.omu.ac.jp/eng/shibahara/omu-content/uploads/sites/1156/永里_t.html]
[C:/Users/peper/OneDrive/ドキュメント/柴原研究室/www.omu.ac.jp/eng/shibahara/omu-content/uploads/sites/1156/橋詰.html]
[C:/Users/peper/OneDrive/ドキュメント/柴原研究室/www.marine.osakafu-u.ac.jp/omu-content/uploads/sites/1156/dfsw.jpg]
[C:/Users/peper/OneDrive/ドキュメント/柴原研究室/www.omu.ac.jp/eng/shibahara/omu-content/uploads/sites/1156/大宅さん.html]
[C:/Users/peper/OneDrive/ドキュメント/柴原研究室/www.omu.ac.jp/eng/shibahara/omu-content/uploads/sites/1156/じりさん.html]
[C:/Users/peper/OneDrive/ドキュメント/柴原研究室/www.omu.ac.jp/eng/shibahara/omu-content/uploads/sites/1156/松宮さん.html]
[C:/Users/peper/OneDrive/ドキュメント/柴原研究室/www.omu.ac.jp/eng/shibahara/omu-content/uploads/sites/1156/新さん.html]
[C:/Users/peper/OneDrive/ドキュメント/柴原研究室/www.omu.ac.jp/eng/shibahara/omu-content/uploads/sites/1156/木谷さん.html]
[C:/Users/peper/OneDrive/ドキュメント/柴原研究室/www.omu.ac.jp/omu-content/uploads/sites/1156/夏目さん.html]
[C:/Users/peper/OneDrive/ドキュメント/柴原研究室/www.omu.ac.jp/omu-content/uploads/sites/1156/まささん.html]
[C:/Users/peper/OneDrive/ドキュメント/柴原研究室/www.omu.ac.jp/eng/shibahara/omu-content/uploads/sites/1156/生島さん.html]
[C:/Users/peper/OneDrive/ドキュメント/柴原研究室/www.omu.ac.jp/omu-content/uploads/sites/1156/重政さん.html]
[C:/Users/peper/OneDrive/ドキュメント/柴原研究室/www.omu.ac.jp/omu-content/uploads/sites/1156/竹内さん.html]
[C:/Users/peper/OneDrive/ドキュメント/柴原研究室/www.omu.ac.jp/omu-content/uploads/sites/1156/濱田さん.html]
[C:/Users/peper/OneDrive/ドキュメント/柴原研究室/www.omu.ac.jp/omu-content/uploads/sites/1156/田原さん.html]
[C:/Users/peper/OneDrive/ドキュメント/柴原研究室/www.omu.ac.jp/omu-content/uploads/sites/1156/iwamotosann.html]
[C:/Users/peper/OneDrive/ドキュメント/柴原研究室/www.omu.ac.jp/omu-content/uploads/sites/1156/岡田さん.html]
[C:/Users/peper/OneDrive/ドキュメント/柴原研究室/www.omu.ac.jp/omu-content/uploads/sites/1156/八木さん.html]
[C:/Users/peper/OneDrive/ドキュメント/柴原研究室/www.omu.ac.jp/eng/shibahara/omu-content/uploads/sites/1156/八木さん-229x300.html]
[C:/Users/peper/OneDrive/ドキュメント/柴原研究室/www.omu.ac.jp/omu-content/uploads/sites/1156/横山さん.html]
[C:/Users/peper/OneDrive/ドキュメント/柴原研究室/www.omu.ac.jp/eng/shibahara/omu-content/uploads/sites/1156/横山さん-300x225.html]
[C:/Users/peper/OneDrive/ドキュメント/柴原研究室/www.omu.ac.jp/omu-content/uploads/sites/1156/今木さん.html]
[C:/Users/peper/OneDrive/ドキュメント/柴原研究室/www.omu.ac.jp/omu-content/uploads/sites/1156/坪井さん.html]
[C:/Users/peper/OneDrive/ドキュメント/柴原研究室/www.omu.ac.jp/omu-content/uploads/sites/1156/恩田さん.html]
[C:/Users/peper/OneDrive/ドキュメント/柴原研究室/www.omu.ac.jp/eng/shibahara/omu-content/uploads/sites/1156/恩田さん.html]
[C:/Users/peper/OneDrive/ドキュメント/柴原研究室/www.omu.ac.jp/omu-content/uploads/sites/1156/堀さん.html]
[C:/Users/peper/OneDrive/ドキュメント/柴原研究室/www.omu.ac.jp/eng/shibahara/omu-content/uploads/sites/1156/堀さん.html]
[C:/Users/peper/OneDrive/ドキュメント/柴原研究室/www.omu.ac.jp/omu-content/uploads/sites/1156/土橋さん.html]
[C:/Users/peper/OneDrive/ドキュメント/柴原研究室/www.omu.ac.jp/omu-content/uploads/sites/1156/南さん.html]
[C:/Users/peper/OneDrive/ドキュメント/柴原研究室/www.omu.ac.jp/eng/shibahara/omu-content/uploads/sites/1156/南さん.html]
[C:/Users/peper/OneDrive/ドキュメント/柴原研究室/www.omu.ac.jp/omu-content/uploads/sites/1156/井上さん.html]
[C:/Users/peper/OneDrive/ドキュメント/柴原研究室/www.omu.ac.jp/eng/shibahara/omu-content/uploads/sites/1156/井上さん-300x225.html]
[C:/Users/peper/OneDrive/ドキュメント/柴原研究室/www.omu.ac.jp/omu-content/uploads/sites/1156/春木さん.html]
[C:/Users/peper/OneDrive/ドキュメント/柴原研究室/www.omu.ac.jp/eng/shibahara/omu-content/uploads/sites/1156/春木さん-300x225.html]
[C:/Users/peper/OneDrive/ドキュメント/柴原研究室/www.omu.ac.jp/omu-content/uploads/sites/1156/有村さん.html]
[C:/Users/peper/OneDrive/ドキュメント/柴原研究室/www.omu.ac.jp/eng/shibahara/omu-content/uploads/sites/1156/有村さん.html]
[C:/Users/peper/OneDrive/ドキュメント/柴原研究室/www.omu.ac.jp/omu-content/uploads/sites/1156/大平さん.html]
[C:/Users/peper/OneDrive/ドキュメント/柴原研究室/www.omu.ac.jp/eng/shibahara/omu-content/uploads/sites/1156/大平さん.html]
[C:/Users/peper/OneDrive/ドキュメント/柴原研究室/www.omu.ac.jp/omu-content/uploads/sites/1156/紙谷さん.html]
[C:/Users/peper/OneDrive/ドキュメント/柴原研究室/www.omu.ac.jp/eng/shibahara/omu-content/uploads/sites/1156/紙谷さん.html]
[C:/Users/peper/OneDrive/ドキュメント/柴原研究室/www.omu.ac.jp/omu-content/uploads/sites/1156/新井さん.html]
[C:/Users/peper/OneDrive/ドキュメント/柴原研究室/www.omu.ac.jp/eng/shibahara/omu-content/uploads/sites/1156/新井さん.html]
[C:/Users/peper/OneDrive/ドキュメント/柴原研究室/www.omu.ac.jp/omu-content/uploads/sites/1156/新垣さん.html]
[C:/Users/peper/OneDrive/ドキュメント/柴原研究室/www.omu.ac.jp/eng/shibahara/omu-content/uploads/sites/1156/新垣さん.html]
[C:/Users/peper/OneDrive/ドキュメント/柴原研究室/www.omu.ac.jp/omu-content/uploads/sites/1156/正岡先生.html]
[C:/Users/peper/OneDrive/ドキュメント/柴原研究室/www.omu.ac.jp/eng/shibahara/omu-content/uploads/sites/1156/正岡先生.html]
[C:/Users/peper/OneDrive/ドキュメント/柴原研究室/www.omu.ac.jp/omu-content/uploads/sites/1156/川村さん.html]
[C:/Users/peper/OneDrive/ドキュメント/柴原研究室/www.omu.ac.jp/eng/shibahara/omu-content/uploads/sites/1156/川村さん.html]
[C:/Users/peper/OneDrive/ドキュメント/柴原研究室/www.omu.ac.jp/omu-content/uploads/sites/1156/旦さん.html]
[C:/Users/peper/OneDrive/ドキュメント/柴原研究室/www.omu.ac.jp/eng/shibahara/omu-content/uploads/sites/1156/旦さん.html]
[C:/Users/peper/OneDrive/ドキュメント/柴原研究室/www.omu.ac.jp/omu-content/uploads/sites/1156/長尾さん.html]
[C:/Users/peper/OneDrive/ドキュメント/柴原研究室/www.omu.ac.jp/eng/shibahara/omu-content/uploads/sites/1156/長尾さん.html]
[C:/Users/peper/OneDrive/ドキュメント/柴原研究室/www.omu.ac.jp/omu-content/uploads/sites/1156/松本さん.html]
[C:/Users/peper/OneDrive/ドキュメント/柴原研究室/www.omu.ac.jp/eng/shibahara/omu-content/uploads/sites/1156/松本さん.html]
[C:/Users/peper/OneDrive/ドキュメント/柴原研究室/www.omu.ac.jp/omu-content/uploads/sites/1156/山口さん.html]
[C:/Users/peper/OneDrive/ドキュメント/柴原研究室/www.omu.ac.jp/eng/shibahara/omu-content/uploads/sites/1156/山口さん.html]
[C:/Users/peper/OneDrive/ドキュメント/柴原研究室/www.omu.ac.jp/omu-content/uploads/sites/1156/井実さん.html]
[C:/Users/peper/OneDrive/ドキュメント/柴原研究室/www.omu.ac.jp/eng/shibahara/omu-content/uploads/sites/1156/井実さん.html]
[C:/Users/peper/OneDrive/ドキュメント/柴原研究室/www.omu.ac.jp/omu-content/uploads/sites/1156/野田さん.html]
[C:/Users/peper/OneDrive/ドキュメント/柴原研究室/www.omu.ac.jp/eng/shibahara/omu-content/uploads/sites/1156/野田さん.html]
[C:/Users/peper/OneDrive/ドキュメント/柴原研究室/www.omu.ac.jp/omu-content/uploads/sites/1156/平松さん.html]
[C:/Users/peper/OneDrive/ドキュメント/柴原研究室/www.omu.ac.jp/eng/shibahara/omu-content/uploads/sites/1156/平松さん.html]
[C:/Users/peper/OneDrive/ドキュメント/柴原研究室/www.omu.ac.jp/omu-content/uploads/sites/1156/阿部さん.html]
[C:/Users/peper/OneDrive/ドキュメント/柴原研究室/www.omu.ac.jp/eng/shibahara/omu-content/uploads/sites/1156/阿部さん.html]
[C:/Users/peper/OneDrive/ドキュメント/柴原研究室/www.omu.ac.jp/omu-content/uploads/sites/1156/伊藤さん.html]
[C:/Users/peper/OneDrive/ドキュメント/柴原研究室/www.omu.ac.jp/eng/shibahara/omu-content/uploads/sites/1156/伊藤さん.html]
[C:/Users/peper/OneDrive/ドキュメント/柴原研究室/www.omu.ac.jp/omu-content/uploads/sites/1156/大野さん.html]
[C:/Users/peper/OneDrive/ドキュメント/柴原研究室/www.omu.ac.jp/eng/shibahara/omu-content/uploads/sites/1156/大野さん.html]
[C:/Users/peper/OneDrive/ドキュメント/柴原研究室/www.omu.ac.jp/omu-content/uploads/sites/1156/大林さん.html]
[C:/Users/peper/OneDrive/ドキュメント/柴原研究室/www.omu.ac.jp/eng/shibahara/omu-content/uploads/sites/1156/大林さん-270x300.html]
[C:/Users/peper/OneDrive/ドキュメント/柴原研究室/www.omu.ac.jp/omu-content/uploads/sites/1156/秦さん.html]
[C:/Users/peper/OneDrive/ドキュメント/柴原研究室/www.omu.ac.jp/eng/shibahara/omu-content/uploads/sites/1156/秦さん.html]
[C:/Users/peper/OneDrive/ドキュメント/柴原研究室/www.omu.ac.jp/omu-content/uploads/sites/1156/工藤さん.html]
[C:/Users/peper/OneDrive/ドキュメント/柴原研究室/www.omu.ac.jp/eng/shibahara/omu-content/uploads/sites/1156/工藤さん.html]
[C:/Users/peper/OneDrive/ドキュメント/柴原研究室/www.omu.ac.jp/omu-content/uploads/sites/1156/原井さん.html]
[C:/Users/peper/OneDrive/ドキュメント/柴原研究室/www.omu.ac.jp/eng/shibahara/omu-content/uploads/sites/1156/原井さん.html]
[C:/Users/peper/OneDrive/ドキュメント/柴原研究室/www.omu.ac.jp/eng/shibahara/shibahara/index.html]
[C:/Users/peper/OneDrive/ドキュメント/柴原研究室/www.omu.ac.jp/eng/shibahara/assets/【HP用】デジタルツインを活用したボイラ配管の物理状態モニタリング技術の開発【動画】.mp4]
[C:/Users/peper/OneDrive/ドキュメント/柴原研究室/www.omu.ac.jp/eng/shibahara/assets/【HP用】温度履歴を用いたデータ同化による熱伝導パラメータ推定【動画】.mp4]
[C:/Users/peper/OneDrive/ドキュメント/柴原研究室/www.omu.ac.jp/eng/shibahara/assets/【HP用】データ同化を活用した熱伝導パラメータの推定に関する基礎的検討-2.mp4]
[C:/Users/peper/OneDrive/ドキュメント/柴原研究室/www.omu.ac.jp/eng/shibahara/assets/【HP用】熱収縮法を用いた溶接力学解析.mp4]
[C:/Users/peper/OneDrive/ドキュメント/柴原研究室/www.omu.ac.jp/eng/shibahara/assets/【HP用】溶接時の面外変形に及ぼす諸因子の影響に関する検討【動画】-2.mp4]
[C:/Users/peper/OneDrive/ドキュメント/柴原研究室/www.omu.ac.jp/eng/shibahara/assets/【HP用】線状加熱における端部変形についての検討.mp4]
[C:/Users/peper/OneDrive/ドキュメント/柴原研究室/www.omu.ac.jp/eng/shibahara/assets/【HP用】液体窒素を用いた残留応力低減法の提案木谷.mp4]
[C:/Users/peper/OneDrive/ドキュメント/柴原研究室/www.omu.ac.jp/eng/shibahara/assets/【その他】PWHTによる溶接継手の残留応力低減効果の解析木谷.mp4]
[C:/Users/peper/OneDrive/ドキュメント/柴原研究室/www.omu.ac.jp/eng/shibahara/info/news/index0b44.html]
[C:/Users/peper/OneDrive/ドキュメント/柴原研究室/www.omu.ac.jp/eng/shibahara/info/news/indexbb7c.html]
[C:/Users/peper/OneDrive/ドキュメント/柴原研究室/www.omu.ac.jp/eng/shibahara/info/news/index0bab.html]
[C:/Users/peper/OneDrive/ドキュメント/柴原研究室/www.omu.ac.jp/eng/shibahara/info/news/index850c.html]
[C:/Users/peper/OneDrive/ドキュメント/柴原研究室/www.omu.ac.jp/eng/shibahara/info/news/index1784.html]
[C:/Users/peper/OneDrive/ドキュメント/柴原研究室/www.omu.ac.jp/eng/shibahara/info/news/indexd2e6.html]
[C:/Users/peper/OneDrive/ドキュメント/柴原研究室/www.omu.ac.jp/eng/shibahara/info/news/indexc34a.html]
[C:/Users/peper/OneDrive/ドキュメント/柴原研究室/www.omu.ac.jp/eng/shibahara/info/news/indexdb86.html]
[C:/Users/peper/OneDrive/ドキュメント/柴原研究室/www.omu.ac.jp/eng/shibahara/info/news/index8049.html]
[C:/Users/peper/OneDrive/ドキュメント/柴原研究室/www.omu.ac.jp/eng/shibahara/info/news/index9091.html]
[C:/Users/peper/OneDrive/ドキュメント/柴原研究室/www.omu.ac.jp/eng/shibahara/info/news/indexed51.html]
[C:/Users/peper/OneDrive/ドキュメント/柴原研究室/www.omu.ac.jp/eng/shibahara/info/news/index8350.html]
[C:/Users/peper/OneDrive/ドキュメント/柴原研究室/www.omu.ac.jp/eng/shibahara/info/news/indexa5ac.html]
[C:/Users/peper/OneDrive/ドキュメント/柴原研究室/www.omu.ac.jp/eng/shibahara/info/news/index7d25.html]
[C:/Users/peper/OneDrive/ドキュメント/柴原研究室/www.omu.ac.jp/eng/shibahara/info/news/indexd7ee.html]
[C:/Users/peper/OneDrive/ドキュメント/柴原研究室/www.omu.ac.jp/eng/shibahara/assets/attachmentfile/attachmentfile-file-37351.jpg]
[C:/Users/peper/OneDrive/ドキュメント/柴原研究室/www.omu.ac.jp/eng/shibahara/assets/S__35430410-2.jpg]
[C:/Users/peper/OneDrive/ドキュメント/柴原研究室/www.omu.ac.jp/eng/shibahara/info/news/entry-45262.html]
[C:/Users/peper/OneDrive/ドキュメント/柴原研究室/www.omu.ac.jp/eng/shibahara/assets/attachmentfile/attachmentfile-file-37350.jpg]
[C:/Users/peper/OneDrive/ドキュメント/柴原研究室/www.omu.ac.jp/eng/shibahara/assets/Image1-59-2048x1407.jpg]
[C:/Users/peper/OneDrive/ドキュメント/柴原研究室/www.omu.ac.jp/eng/shibahara/assets/DSC_6876-2048x1367.jpg]
[C:/Users/peper/OneDrive/ドキュメント/柴原研究室/www.omu.ac.jp/eng/shibahara/assets/DSC_6881-2048x1367.jpg]
[C:/Users/peper/OneDrive/ドキュメント/柴原研究室/www.omu.ac.jp/eng/shibahara/assets/DSC_6833-2048x1367.jpg]
[C:/Users/peper/OneDrive/ドキュメント/柴原研究室/www.omu.ac.jp/eng/shibahara/assets/49320F74-108A-41AA-9ACE-556891020288.jpg]
[C:/Users/peper/OneDrive/ドキュメント/柴原研究室/www.omu.ac.jp/eng/shibahara/assets/3C90A2E2-73E2-4A1E-B67C-1DBC72B92842.jpg]
[C:/Users/peper/OneDrive/ドキュメント/柴原研究室/www.omu.ac.jp/eng/shibahara/assets/7FBFAADB-5E64-4AD7-962F-4BD6DAE9C708.jpg]
[C:/Users/peper/OneDrive/ドキュメント/柴原研究室/www.omu.ac.jp/eng/shibahara/assets/53AF567F-88AF-4197-AC7A-0EB727A3446A.jpg]
[C:/Users/peper/OneDrive/ドキュメント/柴原研究室/www.omu.ac.jp/eng/shibahara/assets/92892628-03F9-42A4-88C5-ADF26CA2F78E.jpg]
[C:/Users/peper/OneDrive/ドキュメント/柴原研究室/www.omu.ac.jp/eng/shibahara/assets/F4FEAEF3-5552-4BFB-B47D-6ECAE0D3C44B.jpg]
[C:/Users/peper/OneDrive/ドキュメント/柴原研究室/www.omu.ac.jp/eng/shibahara/assets/DSC05494_xlarge.jpg]
[C:/Users/peper/OneDrive/ドキュメント/柴原研究室/www.omu.ac.jp/eng/shibahara/info/news/entry-45261.html]
[C:/Users/peper/OneDrive/ドキュメント/柴原研究室/www.omu.ac.jp/eng/shibahara/assets/attachmentfile/attachmentfile-file-37349.jpg]
[C:/Users/peper/OneDrive/ドキュメント/柴原研究室/www.omu.ac.jp/eng/shibahara/assets/Image14-22-2048x1442.jpg]
[C:/Users/peper/OneDrive/ドキュメント/柴原研究室/www.omu.ac.jp/eng/shibahara/assets/Image16-15-scaled.jpg]
[C:/Users/peper/OneDrive/ドキュメント/柴原研究室/www.omu.ac.jp/eng/shibahara/info/news/entry-45260.html]
[C:/Users/peper/OneDrive/ドキュメント/柴原研究室/www.omu.ac.jp/eng/shibahara/assets/attachmentfile/attachmentfile-file-37348.jpg]
[C:/Users/peper/OneDrive/ドキュメント/柴原研究室/www.omu.ac.jp/eng/shibahara/assets/DSC05479_xlarge-1.jpg]
[C:/Users/peper/OneDrive/ドキュメント/柴原研究室/www.omu.ac.jp/eng/shibahara/assets/%E6%9D%BE%E5%B2%A1%E8%88%B9%E8%88%B6-scaled.jpg]
[C:/Users/peper/OneDrive/ドキュメント/柴原研究室/www.omu.ac.jp/eng/shibahara/assets/%E6%B5%B7%E6%B4%8B%E6%9C%80%E5%84%AA%E7%A7%80%E6%9D%BE%E5%B2%A1-2048x1440.jpg]
[C:/Users/peper/OneDrive/ドキュメント/柴原研究室/www.omu.ac.jp/eng/shibahara/info/news/entry-45259.html]
[C:/Users/peper/OneDrive/ドキュメント/柴原研究室/www.omu.ac.jp/eng/shibahara/assets/attachmentfile/attachmentfile-file-37347.jpg]
[C:/Users/peper/OneDrive/ドキュメント/柴原研究室/www.omu.ac.jp/eng/shibahara/assets/Image21-11-2048x1439.jpg]
[C:/Users/peper/OneDrive/ドキュメント/柴原研究室/www.omu.ac.jp/eng/shibahara/info/news/entry-45258.html]
[C:/Users/peper/OneDrive/ドキュメント/柴原研究室/www.omu.ac.jp/eng/shibahara/assets/attachmentfile/attachmentfile-file-37346.jpg]
[C:/Users/peper/OneDrive/ドキュメント/柴原研究室/www.omu.ac.jp/eng/shibahara/assets/%E5%B7%A5%E5%AD%A6%E5%9F%9F%E9%95%B7%E8%A1%A8%E5%BD%B0.jpg]
[C:/Users/peper/OneDrive/ドキュメント/柴原研究室/www.omu.ac.jp/eng/shibahara/info/news/entry-45257.html]
[C:/Users/peper/OneDrive/ドキュメント/柴原研究室/www.omu.ac.jp/eng/shibahara/assets/attachmentfile/attachmentfile-file-37345.jpg]
[C:/Users/peper/OneDrive/ドキュメント/柴原研究室/www.omu.ac.jp/eng/shibahara/assets/Image1-57-2048x1542.jpg]
[C:/Users/peper/OneDrive/ドキュメント/柴原研究室/www.omu.ac.jp/eng/shibahara/info/news/entry-45256.html]
[C:/Users/peper/OneDrive/ドキュメント/柴原研究室/www.omu.ac.jp/eng/shibahara/assets/attachmentfile/attachmentfile-file-37344.jpg]
[C:/Users/peper/OneDrive/ドキュメント/柴原研究室/www.omu.ac.jp/eng/shibahara/assets/Image2-81-2048x1662.jpg]
[C:/Users/peper/OneDrive/ドキュメント/柴原研究室/www.omu.ac.jp/eng/shibahara/assets/ds-2048x1442.jpg]
[C:/Users/peper/OneDrive/ドキュメント/柴原研究室/www.omu.ac.jp/eng/shibahara/info/news/entry-45255.html]
[C:/Users/peper/OneDrive/ドキュメント/柴原研究室/www.omu.ac.jp/eng/shibahara/assets/attachmentfile/attachmentfile-file-37338.jpg]
[C:/Users/peper/OneDrive/ドキュメント/柴原研究室/www.omu.ac.jp/eng/shibahara/assets/Image4-58.jpg]
[C:/Users/peper/OneDrive/ドキュメント/柴原研究室/www.omu.ac.jp/eng/shibahara/assets/Image3-40.jpg]
[C:/Users/peper/OneDrive/ドキュメント/柴原研究室/www.omu.ac.jp/eng/shibahara/info/news/entry-45249.html]
[C:/Users/peper/OneDrive/ドキュメント/柴原研究室/www.omu.ac.jp/eng/shibahara/assets/attachmentfile/attachmentfile-file-37334.jpg]
[C:/Users/peper/OneDrive/ドキュメント/柴原研究室/www.omu.ac.jp/eng/shibahara/assets/Image5-47.jpg]
[C:/Users/peper/OneDrive/ドキュメント/柴原研究室/www.omu.ac.jp/eng/shibahara/assets/Image6-36-2048x1532.jpg]
[C:/Users/peper/OneDrive/ドキュメント/柴原研究室/www.omu.ac.jp/eng/shibahara/info/news/entry-45247.html]
[C:/Users/peper/OneDrive/ドキュメント/柴原研究室/www.omu.ac.jp/eng/shibahara/assets/attachmentfile/attachmentfile-file-37333.jpg]
[C:/Users/peper/OneDrive/ドキュメント/柴原研究室/www.omu.ac.jp/eng/shibahara/assets/506a0a9b13364ae8.jpg]
[C:/Users/peper/OneDrive/ドキュメント/柴原研究室/www.omu.ac.jp/eng/shibahara/assets/cdd3cc8cb3bb8841.jpg]
[C:/Users/peper/OneDrive/ドキュメント/柴原研究室/www.omu.ac.jp/eng/shibahara/info/news/entry-45245.html]
[C:/Users/peper/OneDrive/ドキュメント/柴原研究室/www.omu.ac.jp/eng/shibahara/assets/attachmentfile/attachmentfile-file-37331.jpg]
[C:/Users/peper/OneDrive/ドキュメント/柴原研究室/www.omu.ac.jp/eng/shibahara/assets/Image22-8.jpg]
[C:/Users/peper/OneDrive/ドキュメント/柴原研究室/www.omu.ac.jp/eng/shibahara/assets/Image24-12.jpg]
[C:/Users/peper/OneDrive/ドキュメント/柴原研究室/www.omu.ac.jp/eng/shibahara/info/news/entry-45243.html]
[C:/Users/peper/OneDrive/ドキュメント/柴原研究室/www.omu.ac.jp/eng/shibahara/info/news/index7ac2.html]
[C:/Users/peper/OneDrive/ドキュメント/柴原研究室/www.omu.ac.jp/eng/shibahara/assets/thumbnails/thumb-750xauto-106711-file.jpg]
[C:/Users/peper/OneDrive/ドキュメント/柴原研究室/www.omu.ac.jp/eng/shibahara/assets/thumbnails/thumb-750xauto-106650-file.jpg]
[C:/Users/peper/OneDrive/ドキュメント/柴原研究室/www.omu.ac.jp/eng/shibahara/assets/thumbnails/thumb-750xauto-195042-file.jpg]
[C:/Users/peper/OneDrive/ドキュメント/柴原研究室/www.omu.ac.jp/eng/shibahara/assets/thumbnails/thumb-750xauto-106649-file.jpg]
[C:/Users/peper/OneDrive/ドキュメント/柴原研究室/www.omu.ac.jp/eng/shibahara/assets/thumbnails/thumb-750xauto-106646-file.jpg]
[C:/Users/peper/OneDrive/ドキュメント/柴原研究室/www.omu.ac.jp/eng/shibahara/assets/thumbnails/thumb-750xauto-106636-file.jpg]
[C:/Users/peper/OneDrive/ドキュメント/柴原研究室/www.omu.ac.jp/eng/shibahara/assets/thumbnails/thumb-750xauto-106587-file.jpg]
[C:/Users/peper/OneDrive/ドキュメント/柴原研究室/www.omu.ac.jp/eng/shibahara/assets/thumbnails/thumb-750xauto-106577-file.jpg]
[C:/Users/peper/OneDrive/ドキュメント/柴原研究室/www.omu.ac.jp/eng/shibahara/assets/thumbnails/thumb-750xauto-106572-file.jpg]
[C:/Users/peper/OneDrive/ドキュメント/柴原研究室/www.omu.ac.jp/eng/shibahara/assets/thumbnails/thumb-750xauto-106562-file.jpg]
[C:/Users/peper/OneDrive/ドキュメント/柴原研究室/www.omu.ac.jp/eng/shibahara/assets/thumbnails/thumb-750xauto-106166-file.jpg]
[C:/Users/peper/OneDrive/ドキュメント/柴原研究室/www.omu.ac.jp/eng/shibahara/assets/thumbnails/thumb-750xauto-106164-file.jpg]
[C:/Users/peper/OneDrive/ドキュメント/柴原研究室/www.omu.ac.jp/eng/shibahara/info/news/indexeab1.html]
[C:/Users/peper/OneDrive/ドキュメント/柴原研究室/www.omu.ac.jp/eng/shibahara/assets/thumbnails/thumb-750xauto-106153-file.jpg]
[C:/Users/peper/OneDrive/ドキュメント/柴原研究室/www.omu.ac.jp/eng/shibahara/assets/thumbnails/thumb-750xauto-106152-file.jpg]
[C:/Users/peper/OneDrive/ドキュメント/柴原研究室/www.omu.ac.jp/eng/shibahara/assets/thumbnails/thumb-750xauto-106150-file.jpg]
[C:/Users/peper/OneDrive/ドキュメント/柴原研究室/www.omu.ac.jp/eng/shibahara/assets/thumbnails/thumb-750xauto-106149-file.jpg]
[C:/Users/peper/OneDrive/ドキュメント/柴原研究室/www.omu.ac.jp/eng/shibahara/assets/thumbnails/thumb-750xauto-106140-file.jpg]
[C:/Users/peper/OneDrive/ドキュメント/柴原研究室/www.omu.ac.jp/eng/shibahara/assets/thumbnails/thumb-750xauto-106148-file.jpg]
[C:/Users/peper/OneDrive/ドキュメント/柴原研究室/www.omu.ac.jp/eng/shibahara/assets/thumbnails/thumb-750xauto-195037-file.jpg]
[C:/Users/peper/OneDrive/ドキュメント/柴原研究室/www.omu.ac.jp/eng/shibahara/assets/thumbnails/thumb-750xauto-106137-file.jpg]
[C:/Users/peper/OneDrive/ドキュメント/柴原研究室/www.omu.ac.jp/eng/shibahara/assets/thumbnails/thumb-750xauto-106134-file.jpg]
[C:/Users/peper/OneDrive/ドキュメント/柴原研究室/www.omu.ac.jp/eng/shibahara/assets/thumbnails/thumb-750xauto-106131-file.jpg]
[C:/Users/peper/OneDrive/ドキュメント/柴原研究室/www.omu.ac.jp/eng/shibahara/assets/thumbnails/thumb-750xauto-106129-file.jpg]
[C:/Users/peper/OneDrive/ドキュメント/柴原研究室/www.omu.ac.jp/eng/shibahara/assets/thumbnails/thumb-750xauto-106126-file.jpg]
[C:/Users/peper/OneDrive/ドキュメント/柴原研究室/www.omu.ac.jp/eng/shibahara/info/news/index52a8.html]
[C:/Users/peper/OneDrive/ドキュメント/柴原研究室/www.omu.ac.jp/eng/shibahara/assets/thumbnails/thumb-750xauto-106123-file.jpg]
[C:/Users/peper/OneDrive/ドキュメント/柴原研究室/www.omu.ac.jp/eng/shibahara/assets/thumbnails/thumb-750xauto-106117-file.jpg]
[C:/Users/peper/OneDrive/ドキュメント/柴原研究室/www.omu.ac.jp/eng/shibahara/assets/thumbnails/thumb-750xauto-106114-file.jpg]
[C:/Users/peper/OneDrive/ドキュメント/柴原研究室/www.omu.ac.jp/eng/shibahara/assets/thumbnails/thumb-750xauto-106107-file.jpg]
[C:/Users/peper/OneDrive/ドキュメント/柴原研究室/www.omu.ac.jp/eng/shibahara/assets/thumbnails/thumb-750xauto-106105-file.jpg]
[C:/Users/peper/OneDrive/ドキュメント/柴原研究室/www.omu.ac.jp/eng/shibahara/assets/thumbnails/thumb-750xauto-106110-file.jpg]
[C:/Users/peper/OneDrive/ドキュメント/柴原研究室/www.omu.ac.jp/eng/shibahara/assets/thumbnails/thumb-750xauto-106104-file.jpg]
[C:/Users/peper/OneDrive/ドキュメント/柴原研究室/www.omu.ac.jp/eng/shibahara/info/news/index59a5.html]
[C:/Users/peper/OneDrive/ドキュメント/柴原研究室/www.omu.ac.jp/eng/shibahara/assets/attachmentfile/attachmentfile-file-36789.jpg]
[C:/Users/peper/OneDrive/ドキュメント/柴原研究室/www.omu.ac.jp/eng/shibahara/assets/Image5-28-scaled.jpg]
[C:/Users/peper/OneDrive/ドキュメント/柴原研究室/www.omu.ac.jp/eng/shibahara/assets/Image1-35-scaled.jpg]
[C:/Users/peper/OneDrive/ドキュメント/柴原研究室/www.omu.ac.jp/eng/shibahara/info/news/entry-44788.html]
[C:/Users/peper/OneDrive/ドキュメント/柴原研究室/www.omu.ac.jp/eng/shibahara/assets/attachmentfile/attachmentfile-file-36787.jpg]
[C:/Users/peper/OneDrive/ドキュメント/柴原研究室/www.omu.ac.jp/eng/shibahara/assets/Image3-20-scaled_1.jpg]
[C:/Users/peper/OneDrive/ドキュメント/柴原研究室/www.omu.ac.jp/eng/shibahara/info/news/entry-44783.html]
[C:/Users/peper/OneDrive/ドキュメント/柴原研究室/www.omu.ac.jp/eng/shibahara/assets/attachmentfile/attachmentfile-file-36783.jpg]
[C:/Users/peper/OneDrive/ドキュメント/柴原研究室/www.omu.ac.jp/eng/shibahara/assets/Image12-13-scaled.jpg]
[C:/Users/peper/OneDrive/ドキュメント/柴原研究室/www.omu.ac.jp/eng/shibahara/info/news/entry-44777.html]
[C:/Users/peper/OneDrive/ドキュメント/柴原研究室/www.omu.ac.jp/eng/shibahara/assets/attachmentfile/attachmentfile-file-36782.jpg]
[C:/Users/peper/OneDrive/ドキュメント/柴原研究室/www.omu.ac.jp/eng/shibahara/assets/Image10-13-scaled.jpg]
[C:/Users/peper/OneDrive/ドキュメント/柴原研究室/www.omu.ac.jp/eng/shibahara/info/news/entry-44776.html]
[C:/Users/peper/OneDrive/ドキュメント/柴原研究室/www.omu.ac.jp/eng/shibahara/assets/attachmentfile/attachmentfile-file-68717.jpg]
[C:/Users/peper/OneDrive/ドキュメント/柴原研究室/www.omu.ac.jp/eng/shibahara/info/news/entry-79473.html]
[C:/Users/peper/OneDrive/ドキュメント/柴原研究室/www.omu.ac.jp/eng/shibahara/assets/attachmentfile/attachmentfile-file-37055.jpg]
[C:/Users/peper/OneDrive/ドキュメント/柴原研究室/www.omu.ac.jp/eng/shibahara/assets/320A8142-2048x1365.jpg]
[C:/Users/peper/OneDrive/ドキュメント/柴原研究室/www.omu.ac.jp/eng/shibahara/assets/320A8146-2048x1365.jpg]
[C:/Users/peper/OneDrive/ドキュメント/柴原研究室/www.omu.ac.jp/eng/shibahara/assets/320A8109-2048x1365.jpg]
[C:/Users/peper/OneDrive/ドキュメント/柴原研究室/www.omu.ac.jp/eng/shibahara/assets/320A8118-2048x1365.jpg]
[C:/Users/peper/OneDrive/ドキュメント/柴原研究室/www.omu.ac.jp/eng/shibahara/info/news/entry-44974.html]
[C:/Users/peper/OneDrive/ドキュメント/柴原研究室/www.omu.ac.jp/eng/shibahara/assets/attachmentfile/attachmentfile-file-37053.jpg]
[C:/Users/peper/OneDrive/ドキュメント/柴原研究室/www.omu.ac.jp/eng/shibahara/assets/deer-scaled.jpg]
[C:/Users/peper/OneDrive/ドキュメント/柴原研究室/www.omu.ac.jp/eng/shibahara/info/news/entry-44972.html]
[C:/Users/peper/OneDrive/ドキュメント/柴原研究室/www.omu.ac.jp/eng/shibahara/assets/attachmentfile/attachmentfile-file-37343.jpg]
[C:/Users/peper/OneDrive/ドキュメント/柴原研究室/www.omu.ac.jp/eng/shibahara/assets/Image3-45-2048x1632.jpg]
[C:/Users/peper/OneDrive/ドキュメント/柴原研究室/www.omu.ac.jp/eng/shibahara/assets/d-1-2048x1443.jpg]
[C:/Users/peper/OneDrive/ドキュメント/柴原研究室/www.omu.ac.jp/eng/shibahara/info/news/entry-45254.html]
[C:/Users/peper/OneDrive/ドキュメント/柴原研究室/www.omu.ac.jp/eng/shibahara/assets/attachmentfile/attachmentfile-file-36781.jpg]
[C:/Users/peper/OneDrive/ドキュメント/柴原研究室/www.omu.ac.jp/eng/shibahara/assets/Image4-32-scaled.jpg]
[C:/Users/peper/OneDrive/ドキュメント/柴原研究室/www.omu.ac.jp/eng/shibahara/info/news/entry-44775.html]
[C:/Users/peper/OneDrive/ドキュメント/柴原研究室/www.omu.ac.jp/eng/shibahara/assets/attachmentfile/attachmentfile-file-37340.jpg]
[C:/Users/peper/OneDrive/ドキュメント/柴原研究室/www.omu.ac.jp/eng/shibahara/assets/03C2A501-702F-4A0F-96D9-20BC0BFC482B-2048x1536.jpg]
[C:/Users/peper/OneDrive/ドキュメント/柴原研究室/www.omu.ac.jp/eng/shibahara/assets/FD53FD85-32C1-4B7A-A62D-96DD43E84977-2048x1250.jpg]
[C:/Users/peper/OneDrive/ドキュメント/柴原研究室/www.omu.ac.jp/eng/shibahara/info/news/entry-45250.html]
[C:/Users/peper/OneDrive/ドキュメント/柴原研究室/www.omu.ac.jp/eng/shibahara/info/news/entry-79474.html]
[C:/Users/peper/OneDrive/ドキュメント/柴原研究室/www.omu.ac.jp/eng/shibahara/assets/attachmentfile/attachmentfile-file-37325.jpg]
[C:/Users/peper/OneDrive/ドキュメント/柴原研究室/www.omu.ac.jp/eng/shibahara/assets/Image4-53-2048x1621.jpg]
[C:/Users/peper/OneDrive/ドキュメント/柴原研究室/www.omu.ac.jp/eng/shibahara/assets/Image3-37-2048x1487.jpg]
[C:/Users/peper/OneDrive/ドキュメント/柴原研究室/www.omu.ac.jp/eng/shibahara/assets/Image2-68-2048x1466.jpg]
[C:/Users/peper/OneDrive/ドキュメント/柴原研究室/www.omu.ac.jp/eng/shibahara/assets/7593C6EA-2D04-4B20-8BA3-5A7274A63AC1-2048x1536.jpg]
[C:/Users/peper/OneDrive/ドキュメント/柴原研究室/www.omu.ac.jp/eng/shibahara/info/news/entry-45238.html]
[C:/Users/peper/OneDrive/ドキュメント/柴原研究室/www.omu.ac.jp/eng/shibahara/info/news/index95ba.html]
[C:/Users/peper/OneDrive/ドキュメント/柴原研究室/www.omu.ac.jp/eng/shibahara/assets/thumbnails/thumb-750xauto-105732-file.jpg]
[C:/Users/peper/OneDrive/ドキュメント/柴原研究室/www.omu.ac.jp/eng/shibahara/assets/thumbnails/thumb-750xauto-105726-file.jpg]
[C:/Users/peper/OneDrive/ドキュメント/柴原研究室/www.omu.ac.jp/eng/shibahara/assets/thumbnails/thumb-750xauto-105724-file.jpg]
[C:/Users/peper/OneDrive/ドキュメント/柴原研究室/www.omu.ac.jp/eng/shibahara/assets/thumbnails/thumb-750xauto-105720-file.jpg]
[C:/Users/peper/OneDrive/ドキュメント/柴原研究室/www.omu.ac.jp/eng/shibahara/assets/thumbnails/thumb-750xauto-105712-file.jpg]
[C:/Users/peper/OneDrive/ドキュメント/柴原研究室/www.omu.ac.jp/eng/shibahara/info/news/index61ac.html]
[C:/Users/peper/OneDrive/ドキュメント/柴原研究室/www.omu.ac.jp/eng/shibahara/assets/attachmentfile/attachmentfile-file-36766.jpg]
[C:/Users/peper/OneDrive/ドキュメント/柴原研究室/www.omu.ac.jp/eng/shibahara/info/news/entry-44704.html]
[C:/Users/peper/OneDrive/ドキュメント/柴原研究室/www.omu.ac.jp/eng/shibahara/assets/attachmentfile/attachmentfile-file-36765.jpg]
[C:/Users/peper/OneDrive/ドキュメント/柴原研究室/www.omu.ac.jp/eng/shibahara/info/news/entry-44702.html]
[C:/Users/peper/OneDrive/ドキュメント/柴原研究室/www.omu.ac.jp/eng/shibahara/assets/attachmentfile/attachmentfile-file-36761.jpg]
[C:/Users/peper/OneDrive/ドキュメント/柴原研究室/www.omu.ac.jp/eng/shibahara/assets/DSC_9841-2048x1367.jpg]
[C:/Users/peper/OneDrive/ドキュメント/柴原研究室/www.omu.ac.jp/eng/shibahara/assets/DSC_9923-2048x1367.jpg]
[C:/Users/peper/OneDrive/ドキュメント/柴原研究室/www.omu.ac.jp/eng/shibahara/assets/DSC_9913-1024x684.jpg]
[C:/Users/peper/OneDrive/ドキュメント/柴原研究室/www.omu.ac.jp/eng/shibahara/info/news/entry-44700.html]
[C:/Users/peper/OneDrive/ドキュメント/柴原研究室/www.omu.ac.jp/eng/shibahara/assets/attachmentfile/attachmentfile-file-36758.jpg]
[C:/Users/peper/OneDrive/ドキュメント/柴原研究室/www.omu.ac.jp/eng/shibahara/assets/DSC_9897-2048x1367.jpg]
[C:/Users/peper/OneDrive/ドキュメント/柴原研究室/www.omu.ac.jp/eng/shibahara/assets/DSC_9892-2048x1367.jpg]
[C:/Users/peper/OneDrive/ドキュメント/柴原研究室/www.omu.ac.jp/eng/shibahara/assets/DSC_9911-2048x1367.jpg]
[C:/Users/peper/OneDrive/ドキュメント/柴原研究室/www.omu.ac.jp/eng/shibahara/info/news/entry-44696.html]
[C:/Users/peper/OneDrive/ドキュメント/柴原研究室/www.omu.ac.jp/eng/shibahara/assets/attachmentfile/attachmentfile-file-36756.jpg]
[C:/Users/peper/OneDrive/ドキュメント/柴原研究室/www.omu.ac.jp/eng/shibahara/assets/DSC_9876-2048x1367.jpg]
[C:/Users/peper/OneDrive/ドキュメント/柴原研究室/www.omu.ac.jp/eng/shibahara/assets/IMG_1598-2048x1365.jpg]
[C:/Users/peper/OneDrive/ドキュメント/柴原研究室/www.omu.ac.jp/eng/shibahara/info/news/entry-44693.html]
[C:/Users/peper/OneDrive/ドキュメント/柴原研究室/www.omu.ac.jp/eng/shibahara/assets/attachmentfile/attachmentfile-file-36755.jpg]
[C:/Users/peper/OneDrive/ドキュメント/柴原研究室/www.omu.ac.jp/eng/shibahara/assets/DSC_9889-2048x1367.jpg]
[C:/Users/peper/OneDrive/ドキュメント/柴原研究室/www.omu.ac.jp/eng/shibahara/assets/DSC_9914-2048x1367.jpg]
[C:/Users/peper/OneDrive/ドキュメント/柴原研究室/www.omu.ac.jp/eng/shibahara/assets/DSC_9925-2048x1367.jpg]
[C:/Users/peper/OneDrive/ドキュメント/柴原研究室/www.omu.ac.jp/eng/shibahara/info/news/entry-44690.html]
[C:/Users/peper/OneDrive/ドキュメント/柴原研究室/www.omu.ac.jp/eng/shibahara/assets/attachmentfile/attachmentfile-file-36754.jpg]
[C:/Users/peper/OneDrive/ドキュメント/柴原研究室/www.omu.ac.jp/eng/shibahara/assets/DSC_9868-2048x1367.jpg]
[C:/Users/peper/OneDrive/ドキュメント/柴原研究室/www.omu.ac.jp/eng/shibahara/assets/DSC_9927-2048x1367.jpg]
[C:/Users/peper/OneDrive/ドキュメント/柴原研究室/www.omu.ac.jp/eng/shibahara/info/news/entry-44688.html]
[C:/Users/peper/OneDrive/ドキュメント/柴原研究室/www.omu.ac.jp/eng/shibahara/assets/attachmentfile/attachmentfile-file-36752.jpg]
[C:/Users/peper/OneDrive/ドキュメント/柴原研究室/www.omu.ac.jp/eng/shibahara/assets/Img_1290-2048x1365.jpg]
[C:/Users/peper/OneDrive/ドキュメント/柴原研究室/www.omu.ac.jp/eng/shibahara/info/news/entry-44686.html]
[C:/Users/peper/OneDrive/ドキュメント/柴原研究室/www.omu.ac.jp/eng/shibahara/assets/attachmentfile/attachmentfile-file-36780.jpg]
[C:/Users/peper/OneDrive/ドキュメント/柴原研究室/www.omu.ac.jp/eng/shibahara/assets/Image1-34-2048x1536.jpg]
[C:/Users/peper/OneDrive/ドキュメント/柴原研究室/www.omu.ac.jp/eng/shibahara/assets/Image5-26-2048x1616.jpg]
[C:/Users/peper/OneDrive/ドキュメント/柴原研究室/www.omu.ac.jp/eng/shibahara/info/news/entry-44774.html]
[C:/Users/peper/OneDrive/ドキュメント/柴原研究室/www.omu.ac.jp/eng/shibahara/assets/attachmentfile/attachmentfile-file-36749.jpg]
[C:/Users/peper/OneDrive/ドキュメント/柴原研究室/www.omu.ac.jp/eng/shibahara/assets/IMG_1219-2048x1365.jpg]
[C:/Users/peper/OneDrive/ドキュメント/柴原研究室/www.omu.ac.jp/eng/shibahara/info/news/entry-44684.html]
[C:/Users/peper/OneDrive/ドキュメント/柴原研究室/www.omu.ac.jp/eng/shibahara/assets/attachmentfile/attachmentfile-file-36753.jpg]
[C:/Users/peper/OneDrive/ドキュメント/柴原研究室/www.omu.ac.jp/eng/shibahara/assets/IMG_1277-2048x1365.jpg]
[C:/Users/peper/OneDrive/ドキュメント/柴原研究室/www.omu.ac.jp/eng/shibahara/info/news/entry-44687.html]
[C:/Users/peper/OneDrive/ドキュメント/柴原研究室/www.omu.ac.jp/eng/shibahara/assets/attachmentfile/attachmentfile-file-36748.jpg]
[C:/Users/peper/OneDrive/ドキュメント/柴原研究室/www.omu.ac.jp/eng/shibahara/assets/IMG_1129-2048x1365.jpg]
[C:/Users/peper/OneDrive/ドキュメント/柴原研究室/www.omu.ac.jp/eng/shibahara/info/news/entry-44683.html]
[C:/Users/peper/OneDrive/ドキュメント/柴原研究室/www.omu.ac.jp/eng/shibahara/info/news/index5071.html]
[C:/Users/peper/OneDrive/ドキュメント/柴原研究室/www.omu.ac.jp/eng/shibahara/assets/thumbnails/thumb-750xauto-105554-file.jpg]
[C:/Users/peper/OneDrive/ドキュメント/柴原研究室/www.omu.ac.jp/eng/shibahara/assets/thumbnails/thumb-750xauto-105547-file.jpg]
[C:/Users/peper/OneDrive/ドキュメント/柴原研究室/www.omu.ac.jp/eng/shibahara/assets/thumbnails/thumb-750xauto-105544-file.jpg]
[C:/Users/peper/OneDrive/ドキュメント/柴原研究室/www.omu.ac.jp/eng/shibahara/assets/thumbnails/thumb-750xauto-105543-file.jpg]
[C:/Users/peper/OneDrive/ドキュメント/柴原研究室/www.omu.ac.jp/eng/shibahara/assets/thumbnails/thumb-750xauto-105542-file.jpg]
[C:/Users/peper/OneDrive/ドキュメント/柴原研究室/www.omu.ac.jp/eng/shibahara/assets/thumbnails/thumb-750xauto-105541-file.jpg]
[C:/Users/peper/OneDrive/ドキュメント/柴原研究室/www.omu.ac.jp/eng/shibahara/info/news/indexa0a6.html]
[C:/Users/peper/OneDrive/ドキュメント/柴原研究室/www.omu.ac.jp/eng/shibahara/assets/attachmentfile/attachmentfile-file-36716.jpg]
[C:/Users/peper/OneDrive/ドキュメント/柴原研究室/www.omu.ac.jp/eng/shibahara/assets/Image5-11.jpg]
[C:/Users/peper/OneDrive/ドキュメント/柴原研究室/www.omu.ac.jp/eng/shibahara/assets/Image8-11.jpg]
[C:/Users/peper/OneDrive/ドキュメント/柴原研究室/www.omu.ac.jp/eng/shibahara/assets/Image4-11.jpg]
[C:/Users/peper/OneDrive/ドキュメント/柴原研究室/www.omu.ac.jp/eng/shibahara/info/news/entry-44664.html]
[C:/Users/peper/OneDrive/ドキュメント/柴原研究室/www.omu.ac.jp/eng/shibahara/assets/attachmentfile/attachmentfile-file-36705.jpg]
[C:/Users/peper/OneDrive/ドキュメント/柴原研究室/www.omu.ac.jp/eng/shibahara/assets/sdfe-2.jpg]
[C:/Users/peper/OneDrive/ドキュメント/柴原研究室/www.omu.ac.jp/eng/shibahara/assets/Image3-6.jpg]
[C:/Users/peper/OneDrive/ドキュメント/柴原研究室/www.omu.ac.jp/eng/shibahara/info/news/entry-44655.html]
[C:/Users/peper/OneDrive/ドキュメント/柴原研究室/www.omu.ac.jp/eng/shibahara/assets/attachmentfile/attachmentfile-file-36704.jpg]
[C:/Users/peper/OneDrive/ドキュメント/柴原研究室/www.omu.ac.jp/eng/shibahara/assets/Image12-4.jpg]
[C:/Users/peper/OneDrive/ドキュメント/柴原研究室/www.omu.ac.jp/eng/shibahara/assets/Image10-8.jpg]
[C:/Users/peper/OneDrive/ドキュメント/柴原研究室/www.omu.ac.jp/eng/shibahara/info/news/entry-44650.html]
[C:/Users/peper/OneDrive/ドキュメント/柴原研究室/www.omu.ac.jp/eng/shibahara/assets/attachmentfile/attachmentfile-file-36703.jpg]
[C:/Users/peper/OneDrive/ドキュメント/柴原研究室/www.omu.ac.jp/eng/shibahara/assets/sdfe-1024x835.jpg]
[C:/Users/peper/OneDrive/ドキュメント/柴原研究室/www.omu.ac.jp/eng/shibahara/info/news/entry-44646.html]
[C:/Users/peper/OneDrive/ドキュメント/柴原研究室/www.omu.ac.jp/eng/shibahara/assets/attachmentfile/attachmentfile-file-36702.jpg]
[C:/Users/peper/OneDrive/ドキュメント/柴原研究室/www.omu.ac.jp/eng/shibahara/assets/dddd-1024x775.jpg]
[C:/Users/peper/OneDrive/ドキュメント/柴原研究室/www.omu.ac.jp/eng/shibahara/info/news/entry-44641.html]
[C:/Users/peper/OneDrive/ドキュメント/柴原研究室/www.omu.ac.jp/eng/shibahara/assets/attachmentfile/attachmentfile-file-67826.jpg]
[C:/Users/peper/OneDrive/ドキュメント/柴原研究室/www.omu.ac.jp/eng/shibahara/info/news/entry-78746.html]
[C:/Users/peper/OneDrive/ドキュメント/柴原研究室/www.omu.ac.jp/eng/shibahara/assets/Image6-11-1024x767.jpg]
[C:/Users/peper/OneDrive/ドキュメント/柴原研究室/www.omu.ac.jp/eng/shibahara/info/news/entry-44637.html]
[C:/Users/peper/OneDrive/ドキュメント/柴原研究室/www.omu.ac.jp/eng/shibahara/assets/attachmentfile/attachmentfile-file-36701.jpg]
[C:/Users/peper/OneDrive/ドキュメント/柴原研究室/www.omu.ac.jp/eng/shibahara/assets/IMG_8553-1-1024x768.jpg]
[C:/Users/peper/OneDrive/ドキュメント/柴原研究室/www.omu.ac.jp/eng/shibahara/info/news/entry-44636.html]
[C:/Users/peper/OneDrive/ドキュメント/柴原研究室/www.omu.ac.jp/eng/shibahara/assets/attachmentfile/attachmentfile-file-36700.jpg]
[C:/Users/peper/OneDrive/ドキュメント/柴原研究室/www.omu.ac.jp/eng/shibahara/assets/IMG_37451-768x576.jpg]
[C:/Users/peper/OneDrive/ドキュメント/柴原研究室/www.omu.ac.jp/eng/shibahara/assets/IMG_3729-768x576.jpg]
[C:/Users/peper/OneDrive/ドキュメント/柴原研究室/www.omu.ac.jp/eng/shibahara/assets/IMG_37402-768x576.jpg]
[C:/Users/peper/OneDrive/ドキュメント/柴原研究室/www.omu.ac.jp/eng/shibahara/info/news/entry-44634.html]
[C:/Users/peper/OneDrive/ドキュメント/柴原研究室/www.omu.ac.jp/eng/shibahara/assets/DSC_4409-1-1024x683_1.jpg]
[C:/Users/peper/OneDrive/ドキュメント/柴原研究室/www.omu.ac.jp/eng/shibahara/info/news/entry-79483.html]
[C:/Users/peper/OneDrive/ドキュメント/柴原研究室/www.omu.ac.jp/eng/shibahara/assets/attachmentfile/attachmentfile-file-36692.jpg]
[C:/Users/peper/OneDrive/ドキュメント/柴原研究室/www.omu.ac.jp/eng/shibahara/assets/DSC_4409-1-1024x683.jpg]
[C:/Users/peper/OneDrive/ドキュメント/柴原研究室/www.omu.ac.jp/eng/shibahara/info/news/entry-44625.html]
[C:/Users/peper/OneDrive/ドキュメント/柴原研究室/www.omu.ac.jp/eng/shibahara/assets/attachmentfile/attachmentfile-file-36674.jpg]
[C:/Users/peper/OneDrive/ドキュメント/柴原研究室/www.omu.ac.jp/eng/shibahara/assets/IMG_7260-768x1024.jpg]
[C:/Users/peper/OneDrive/ドキュメント/柴原研究室/www.omu.ac.jp/eng/shibahara/assets/Image4-8.jpg]
[C:/Users/peper/OneDrive/ドキュメント/柴原研究室/www.omu.ac.jp/eng/shibahara/info/news/entry-44613.html]
[C:/Users/peper/OneDrive/ドキュメント/柴原研究室/www.omu.ac.jp/eng/shibahara/info/news/indexc560.html]
[C:/Users/peper/OneDrive/ドキュメント/柴原研究室/www.omu.ac.jp/eng/shibahara/assets/thumbnails/thumb-750xauto-195041-file.jpg]
[C:/Users/peper/OneDrive/ドキュメント/柴原研究室/www.omu.ac.jp/eng/shibahara/assets/thumbnails/thumb-750xauto-105482-file.jpg]
[C:/Users/peper/OneDrive/ドキュメント/柴原研究室/www.omu.ac.jp/eng/shibahara/assets/thumbnails/thumb-750xauto-195043-file.jpg]
[C:/Users/peper/OneDrive/ドキュメント/柴原研究室/www.omu.ac.jp/eng/shibahara/assets/thumbnails/thumb-750xauto-195046-file.jpg]
[C:/Users/peper/OneDrive/ドキュメント/柴原研究室/www.omu.ac.jp/eng/shibahara/assets/thumbnails/thumb-750xauto-105470-file.jpg]
[C:/Users/peper/OneDrive/ドキュメント/柴原研究室/www.omu.ac.jp/eng/shibahara/assets/thumbnails/thumb-750xauto-105466-file.jpg]
[C:/Users/peper/OneDrive/ドキュメント/柴原研究室/www.omu.ac.jp/eng/shibahara/assets/thumbnails/thumb-750xauto-105462-file.jpg]
[C:/Users/peper/OneDrive/ドキュメント/柴原研究室/www.omu.ac.jp/eng/shibahara/assets/thumbnails/thumb-750xauto-105459-file.jpg]
[C:/Users/peper/OneDrive/ドキュメント/柴原研究室/www.omu.ac.jp/eng/shibahara/assets/thumbnails/thumb-750xauto-105457-file.png]
[C:/Users/peper/OneDrive/ドキュメント/柴原研究室/www.omu.ac.jp/eng/shibahara/assets/thumbnails/thumb-750xauto-195045-file.jpg]
[C:/Users/peper/OneDrive/ドキュメント/柴原研究室/www.omu.ac.jp/eng/shibahara/assets/thumbnails/thumb-750xauto-105451-file.jpg]
[C:/Users/peper/OneDrive/ドキュメント/柴原研究室/www.omu.ac.jp/eng/shibahara/assets/thumbnails/thumb-750xauto-105450-file.jpg]
[C:/Users/peper/OneDrive/ドキュメント/柴原研究室/www.omu.ac.jp/eng/shibahara/info/news/index5780.html]
[C:/Users/peper/OneDrive/ドキュメント/柴原研究室/www.omu.ac.jp/eng/shibahara/assets/attachmentfile/attachmentfile-file-36654.jpg]
[C:/Users/peper/OneDrive/ドキュメント/柴原研究室/www.omu.ac.jp/eng/shibahara/assets/IMG_4937-1024x768.jpg]
[C:/Users/peper/OneDrive/ドキュメント/柴原研究室/www.omu.ac.jp/eng/shibahara/info/news/entry-44589.html]
[C:/Users/peper/OneDrive/ドキュメント/柴原研究室/www.omu.ac.jp/eng/shibahara/assets/attachmentfile/attachmentfile-file-36653.jpg]
[C:/Users/peper/OneDrive/ドキュメント/柴原研究室/www.omu.ac.jp/eng/shibahara/assets/IMG_4944-1024x768.jpg]
[C:/Users/peper/OneDrive/ドキュメント/柴原研究室/www.omu.ac.jp/eng/shibahara/info/news/entry-44587.html]
[C:/Users/peper/OneDrive/ドキュメント/柴原研究室/www.omu.ac.jp/eng/shibahara/assets/attachmentfile/attachmentfile-file-36650.jpg]
[C:/Users/peper/OneDrive/ドキュメント/柴原研究室/www.omu.ac.jp/eng/shibahara/assets/sdfasd-768x1024.jpg]
[C:/Users/peper/OneDrive/ドキュメント/柴原研究室/www.omu.ac.jp/eng/shibahara/info/news/entry-44585.html]
[C:/Users/peper/OneDrive/ドキュメント/柴原研究室/www.omu.ac.jp/eng/shibahara/assets/attachmentfile/attachmentfile-file-36646.jpg]
[C:/Users/peper/OneDrive/ドキュメント/柴原研究室/www.omu.ac.jp/eng/shibahara/assets/4594.jpg]
[C:/Users/peper/OneDrive/ドキュメント/柴原研究室/www.omu.ac.jp/eng/shibahara/assets/IMG_2506-1024x768.jpg]
[C:/Users/peper/OneDrive/ドキュメント/柴原研究室/www.omu.ac.jp/eng/shibahara/info/news/entry-44582.html]
[C:/Users/peper/OneDrive/ドキュメント/柴原研究室/www.omu.ac.jp/eng/shibahara/assets/attachmentfile/attachmentfile-file-36641.jpg]
[C:/Users/peper/OneDrive/ドキュメント/柴原研究室/www.omu.ac.jp/eng/shibahara/assets/555-1.jpg]
[C:/Users/peper/OneDrive/ドキュメント/柴原研究室/www.omu.ac.jp/eng/shibahara/assets/Dsc_00622-1024x683.jpg]
[C:/Users/peper/OneDrive/ドキュメント/柴原研究室/www.omu.ac.jp/eng/shibahara/assets/Dsc_00755-1024x683.jpg]
[C:/Users/peper/OneDrive/ドキュメント/柴原研究室/www.omu.ac.jp/eng/shibahara/info/news/entry-44578.html]
[C:/Users/peper/OneDrive/ドキュメント/柴原研究室/www.omu.ac.jp/eng/shibahara/assets/attachmentfile/attachmentfile-file-36629.jpg]
[C:/Users/peper/OneDrive/ドキュメント/柴原研究室/www.omu.ac.jp/eng/shibahara/assets/hegicnnggnmheepc.jpg]
[C:/Users/peper/OneDrive/ドキュメント/柴原研究室/www.omu.ac.jp/eng/shibahara/assets/%E3%82%B9%E3%82%AF%E3%83%AA%E3%83%BC%E3%83%B3%E3%82%B7%E3%83%A7%E3%83%83%E3%83%88 2024-01-23 110145.jpg]
[C:/Users/peper/OneDrive/ドキュメント/柴原研究室/www.omu.ac.jp/eng/shibahara/info/news/entry-44563.html]
[C:/Users/peper/OneDrive/ドキュメント/柴原研究室/www.omu.ac.jp/eng/shibahara/assets/attachmentfile/attachmentfile-file-36623.jpg]
[C:/Users/peper/OneDrive/ドキュメント/柴原研究室/www.omu.ac.jp/eng/shibahara/assets/IMG_8651.jpg]
[C:/Users/peper/OneDrive/ドキュメント/柴原研究室/www.omu.ac.jp/eng/shibahara/info/news/entry-44550.html]
[C:/Users/peper/OneDrive/ドキュメント/柴原研究室/www.omu.ac.jp/eng/shibahara/assets/attachmentfile/attachmentfile-file-36622.jpg]
[C:/Users/peper/OneDrive/ドキュメント/柴原研究室/www.omu.ac.jp/eng/shibahara/assets/%E4%BF%AE%E6%AD%A3%E3%82%B3%E3%83%B3%E3%82%BF%E3%83%BC%E6%B3%951-768x599.jpg]
[C:/Users/peper/OneDrive/ドキュメント/柴原研究室/www.omu.ac.jp/eng/shibahara/assets/%E4%BF%AE%E6%AD%A3%E3%82%B3%E3%83%B3%E3%82%BF%E3%83%BC%E6%B3%952-768x565.jpg]
[C:/Users/peper/OneDrive/ドキュメント/柴原研究室/www.omu.ac.jp/eng/shibahara/assets/%E7%B7%9A%E7%8A%B6%E5%8A%A0%E7%86%B11-768x574.jpg]
[C:/Users/peper/OneDrive/ドキュメント/柴原研究室/www.omu.ac.jp/eng/shibahara/assets/%E7%B7%9A%E7%8A%B6%E5%8A%A0%E7%86%B12-768x585.jpg]
[C:/Users/peper/OneDrive/ドキュメント/柴原研究室/www.omu.ac.jp/eng/shibahara/info/news/entry-44549.html]
[C:/Users/peper/OneDrive/ドキュメント/柴原研究室/www.omu.ac.jp/eng/shibahara/assets/attachmentfile/attachmentfile-file-36621.jpg]
[C:/Users/peper/OneDrive/ドキュメント/柴原研究室/www.omu.ac.jp/eng/shibahara/info/news/entry-44544.html]
[C:/Users/peper/OneDrive/ドキュメント/柴原研究室/www.omu.ac.jp/eng/shibahara/assets/attachmentfile/attachmentfile-file-36620.jpg]
[C:/Users/peper/OneDrive/ドキュメント/柴原研究室/www.omu.ac.jp/eng/shibahara/assets/Image4-2.jpg]
[C:/Users/peper/OneDrive/ドキュメント/柴原研究室/www.omu.ac.jp/eng/shibahara/assets/Image5-4.jpg]
[C:/Users/peper/OneDrive/ドキュメント/柴原研究室/www.omu.ac.jp/eng/shibahara/info/news/entry-44540.html]
[C:/Users/peper/OneDrive/ドキュメント/柴原研究室/www.omu.ac.jp/eng/shibahara/assets/attachmentfile/attachmentfile-file-36559.jpg]
[C:/Users/peper/OneDrive/ドキュメント/柴原研究室/www.omu.ac.jp/eng/shibahara/assets/Image12-2.jpg]
[C:/Users/peper/OneDrive/ドキュメント/柴原研究室/www.omu.ac.jp/eng/shibahara/assets/Lg008832.jpg]
[C:/Users/peper/OneDrive/ドキュメント/柴原研究室/www.omu.ac.jp/eng/shibahara/info/news/entry-44405.html]
[C:/Users/peper/OneDrive/ドキュメント/柴原研究室/www.omu.ac.jp/eng/shibahara/assets/attachmentfile/attachmentfile-file-36558.jpg]
[C:/Users/peper/OneDrive/ドキュメント/柴原研究室/www.omu.ac.jp/eng/shibahara/assets/2_1.jpg]
[C:/Users/peper/OneDrive/ドキュメント/柴原研究室/www.omu.ac.jp/eng/shibahara/info/news/entry-44404.html]
[C:/Users/peper/OneDrive/ドキュメント/柴原研究室/www.omu.ac.jp/eng/shibahara/info/news/indexdac7.html]
[C:/Users/peper/OneDrive/ドキュメント/柴原研究室/www.omu.ac.jp/eng/shibahara/assets/thumbnails/thumb-750xauto-105107-file.jpg]
[C:/Users/peper/OneDrive/ドキュメント/柴原研究室/www.omu.ac.jp/eng/shibahara/info/news/indexb830-2.html]
[C:/Users/peper/OneDrive/ドキュメント/柴原研究室/www.omu.ac.jp/eng/shibahara/assets/attachmentfile/attachmentfile-file-36556.jpg]
[C:/Users/peper/OneDrive/ドキュメント/柴原研究室/www.omu.ac.jp/eng/shibahara/assets/2323.jpg]
[C:/Users/peper/OneDrive/ドキュメント/柴原研究室/www.omu.ac.jp/eng/shibahara/info/news/entry-44402.html]
[C:/Users/peper/OneDrive/ドキュメント/柴原研究室/www.omu.ac.jp/eng/shibahara/assets/attachmentfile/attachmentfile-file-36555.jpg]
[C:/Users/peper/OneDrive/ドキュメント/柴原研究室/www.omu.ac.jp/eng/shibahara/assets/DSC_4422_00253-1024x683.jpg]
[C:/Users/peper/OneDrive/ドキュメント/柴原研究室/www.omu.ac.jp/eng/shibahara/assets/DSC_4419_00250-1024x683.jpg]
[C:/Users/peper/OneDrive/ドキュメント/柴原研究室/www.omu.ac.jp/eng/shibahara/info/news/entry-44401.html]
[C:/Users/peper/OneDrive/ドキュメント/柴原研究室/www.omu.ac.jp/eng/shibahara/assets/attachmentfile/attachmentfile-file-36554.jpg]
[C:/Users/peper/OneDrive/ドキュメント/柴原研究室/www.omu.ac.jp/eng/shibahara/assets/DSC_4385_00216-1024x683.jpg]
[C:/Users/peper/OneDrive/ドキュメント/柴原研究室/www.omu.ac.jp/eng/shibahara/info/news/entry-44400.html]
[C:/Users/peper/OneDrive/ドキュメント/柴原研究室/www.omu.ac.jp/eng/shibahara/assets/attachmentfile/attachmentfile-file-36553.jpg]
[C:/Users/peper/OneDrive/ドキュメント/柴原研究室/www.omu.ac.jp/eng/shibahara/assets/DSC_4377_00208-1024x683.jpg]
[C:/Users/peper/OneDrive/ドキュメント/柴原研究室/www.omu.ac.jp/eng/shibahara/info/news/entry-44399.html]
[C:/Users/peper/OneDrive/ドキュメント/柴原研究室/www.omu.ac.jp/eng/shibahara/assets/attachmentfile/attachmentfile-file-36552.jpg]
[C:/Users/peper/OneDrive/ドキュメント/柴原研究室/www.omu.ac.jp/eng/shibahara/assets/maeda105-1024x683.jpg]
[C:/Users/peper/OneDrive/ドキュメント/柴原研究室/www.omu.ac.jp/eng/shibahara/info/news/entry-44396.html]
[C:/Users/peper/OneDrive/ドキュメント/柴原研究室/www.omu.ac.jp/eng/shibahara/assets/attachmentfile/attachmentfile-file-36551.jpg]
[C:/Users/peper/OneDrive/ドキュメント/柴原研究室/www.omu.ac.jp/eng/shibahara/assets/Image57.jpg]
[C:/Users/peper/OneDrive/ドキュメント/柴原研究室/www.omu.ac.jp/eng/shibahara/info/news/entry-44394.html]
[C:/Users/peper/OneDrive/ドキュメント/柴原研究室/www.omu.ac.jp/eng/shibahara/assets/attachmentfile/attachmentfile-file-36550.jpg]
[C:/Users/peper/OneDrive/ドキュメント/柴原研究室/www.omu.ac.jp/eng/shibahara/assets/maeda026-1024x683.jpg]
[C:/Users/peper/OneDrive/ドキュメント/柴原研究室/www.omu.ac.jp/eng/shibahara/assets/maeda028-1024x683.jpg]
[C:/Users/peper/OneDrive/ドキュメント/柴原研究室/www.omu.ac.jp/eng/shibahara/info/news/entry-44393.html]
[C:/Users/peper/OneDrive/ドキュメント/柴原研究室/www.omu.ac.jp/eng/shibahara/assets/attachmentfile/attachmentfile-file-36549.jpg]
[C:/Users/peper/OneDrive/ドキュメント/柴原研究室/www.omu.ac.jp/eng/shibahara/assets/8888-1024x708.jpg]
[C:/Users/peper/OneDrive/ドキュメント/柴原研究室/www.omu.ac.jp/eng/shibahara/info/news/entry-44392.html]
[C:/Users/peper/OneDrive/ドキュメント/柴原研究室/www.omu.ac.jp/eng/shibahara/assets/attachmentfile/attachmentfile-file-36546.jpg]
[C:/Users/peper/OneDrive/ドキュメント/柴原研究室/www.omu.ac.jp/eng/shibahara/assets/DSC_3934_00240-1024x683.jpg]
[C:/Users/peper/OneDrive/ドキュメント/柴原研究室/www.omu.ac.jp/eng/shibahara/info/news/entry-44388.html]
[C:/Users/peper/OneDrive/ドキュメント/柴原研究室/www.omu.ac.jp/eng/shibahara/assets/attachmentfile/attachmentfile-file-36545.jpg]
[C:/Users/peper/OneDrive/ドキュメント/柴原研究室/www.omu.ac.jp/eng/shibahara/assets/3333-1024x647.jpg]
[C:/Users/peper/OneDrive/ドキュメント/柴原研究室/www.omu.ac.jp/eng/shibahara/assets/maeda-722x1024.jpg]
[C:/Users/peper/OneDrive/ドキュメント/柴原研究室/www.omu.ac.jp/eng/shibahara/assets/kitani-722x1024.jpg]
[C:/Users/peper/OneDrive/ドキュメント/柴原研究室/www.omu.ac.jp/eng/shibahara/assets/kawajiri-722x1024.jpg]
[C:/Users/peper/OneDrive/ドキュメント/柴原研究室/www.omu.ac.jp/eng/shibahara/info/news/entry-44387.html]
[C:/Users/peper/OneDrive/ドキュメント/柴原研究室/www.omu.ac.jp/eng/shibahara/assets/attachmentfile/attachmentfile-file-36544.jpg]
[C:/Users/peper/OneDrive/ドキュメント/柴原研究室/www.omu.ac.jp/eng/shibahara/assets/Image2-1024x716.jpg]
[C:/Users/peper/OneDrive/ドキュメント/柴原研究室/www.omu.ac.jp/eng/shibahara/assets/Image2-8.jpg]
[C:/Users/peper/OneDrive/ドキュメント/柴原研究室/www.omu.ac.jp/eng/shibahara/info/news/entry-44384.html]
[C:/Users/peper/OneDrive/ドキュメント/柴原研究室/www.omu.ac.jp/eng/shibahara/assets/attachmentfile/attachmentfile-file-36543.jpg]
[C:/Users/peper/OneDrive/ドキュメント/柴原研究室/www.omu.ac.jp/eng/shibahara/assets/44-2.jpg]
[C:/Users/peper/OneDrive/ドキュメント/柴原研究室/www.omu.ac.jp/eng/shibahara/info/news/entry-44383.html]
[C:/Users/peper/OneDrive/ドキュメント/柴原研究室/www.omu.ac.jp/eng/shibahara/info/news/index535b.html]
[C:/Users/peper/OneDrive/ドキュメント/柴原研究室/www.omu.ac.jp/eng/shibahara/assets/thumbnails/thumb-750xauto-105012-file.jpg]
[C:/Users/peper/OneDrive/ドキュメント/柴原研究室/www.omu.ac.jp/eng/shibahara/assets/thumbnails/thumb-750xauto-105006-file.jpg]
[C:/Users/peper/OneDrive/ドキュメント/柴原研究室/www.omu.ac.jp/eng/shibahara/assets/thumbnails/thumb-750xauto-104994-file.jpg]
[C:/Users/peper/OneDrive/ドキュメント/柴原研究室/www.omu.ac.jp/eng/shibahara/assets/thumbnails/thumb-750xauto-104989-file.jpg]
[C:/Users/peper/OneDrive/ドキュメント/柴原研究室/www.omu.ac.jp/eng/shibahara/assets/thumbnails/thumb-750xauto-104984-file.jpg]
[C:/Users/peper/OneDrive/ドキュメント/柴原研究室/www.omu.ac.jp/eng/shibahara/assets/thumbnails/thumb-750xauto-104974-file.jpg]
[C:/Users/peper/OneDrive/ドキュメント/柴原研究室/www.omu.ac.jp/eng/shibahara/assets/thumbnails/thumb-750xauto-104713-file.jpg]
[C:/Users/peper/OneDrive/ドキュメント/柴原研究室/www.omu.ac.jp/eng/shibahara/assets/thumbnails/thumb-750xauto-104711-file.jpg]
[C:/Users/peper/OneDrive/ドキュメント/柴原研究室/www.omu.ac.jp/eng/shibahara/assets/thumbnails/thumb-750xauto-104710-file.jpg]
[C:/Users/peper/OneDrive/ドキュメント/柴原研究室/www.omu.ac.jp/eng/shibahara/assets/thumbnails/thumb-750xauto-104709-file.jpg]
[C:/Users/peper/OneDrive/ドキュメント/柴原研究室/www.omu.ac.jp/eng/shibahara/info/news/indexfc9b.html]
[C:/Users/peper/OneDrive/ドキュメント/柴原研究室/www.omu.ac.jp/eng/shibahara/assets/attachmentfile/attachmentfile-file-36416.jpg]
[C:/Users/peper/OneDrive/ドキュメント/柴原研究室/www.omu.ac.jp/eng/shibahara/assets/DSC_3866-768x512.jpg]
[C:/Users/peper/OneDrive/ドキュメント/柴原研究室/www.omu.ac.jp/eng/shibahara/info/news/entry-44148.html]
[C:/Users/peper/OneDrive/ドキュメント/柴原研究室/www.omu.ac.jp/eng/shibahara/assets/DSC_3863-768x512.jpg]
[C:/Users/peper/OneDrive/ドキュメント/柴原研究室/www.omu.ac.jp/eng/shibahara/info/news/entry-44147.html]
[C:/Users/peper/OneDrive/ドキュメント/柴原研究室/www.omu.ac.jp/eng/shibahara/assets/attachmentfile/attachmentfile-file-36415.jpg]
[C:/Users/peper/OneDrive/ドキュメント/柴原研究室/www.omu.ac.jp/eng/shibahara/assets/CSC_0404-%E3%82%B3%E3%83%94%E3%83%BC-1024x609.jpg]
[C:/Users/peper/OneDrive/ドキュメント/柴原研究室/www.omu.ac.jp/eng/shibahara/assets/%E5%8E%9F%E7%94%B0%E6%BA%B6%E6%8E%A5%E5%AD%A6%E4%BC%9A%E5%A5%A8%E5%AD%A6%E8%B3%9E%E7%9B%BE-768x1024.jpg]
[C:/Users/peper/OneDrive/ドキュメント/柴原研究室/www.omu.ac.jp/eng/shibahara/info/news/entry-44146.html]
[C:/Users/peper/OneDrive/ドキュメント/柴原研究室/www.omu.ac.jp/eng/shibahara/assets/attachmentfile/attachmentfile-file-36413.jpg]
[C:/Users/peper/OneDrive/ドキュメント/柴原研究室/www.omu.ac.jp/eng/shibahara/assets/14.jpg]
[C:/Users/peper/OneDrive/ドキュメント/柴原研究室/www.omu.ac.jp/eng/shibahara/info/news/entry-44145.html]
[C:/Users/peper/OneDrive/ドキュメント/柴原研究室/www.omu.ac.jp/eng/shibahara/assets/attachmentfile/attachmentfile-file-36408.jpg]
[C:/Users/peper/OneDrive/ドキュメント/柴原研究室/www.omu.ac.jp/eng/shibahara/assets/11-679x1024.jpg]
[C:/Users/peper/OneDrive/ドキュメント/柴原研究室/www.omu.ac.jp/eng/shibahara/assets/12-768x1087.jpg]
[C:/Users/peper/OneDrive/ドキュメント/柴原研究室/www.omu.ac.jp/eng/shibahara/info/news/entry-44144.html]
[C:/Users/peper/OneDrive/ドキュメント/柴原研究室/www.omu.ac.jp/eng/shibahara/assets/attachmentfile/attachmentfile-file-36389.jpg]
[C:/Users/peper/OneDrive/ドキュメント/柴原研究室/www.omu.ac.jp/eng/shibahara/assets/Image9.jpg]
[C:/Users/peper/OneDrive/ドキュメント/柴原研究室/www.omu.ac.jp/eng/shibahara/info/news/entry-44108.html]
[C:/Users/peper/OneDrive/ドキュメント/柴原研究室/www.omu.ac.jp/eng/shibahara/assets/1IMG_6330-e1462528041376-300x209.jpg]
[C:/Users/peper/OneDrive/ドキュメント/柴原研究室/www.omu.ac.jp/eng/shibahara/info/news/entry-44122.html]
[C:/Users/peper/OneDrive/ドキュメント/柴原研究室/www.omu.ac.jp/eng/shibahara/assets/attachmentfile/attachmentfile-file-36384.png]
[C:/Users/peper/OneDrive/ドキュメント/柴原研究室/www.omu.ac.jp/eng/shibahara/assets/thumbnails/thumb-673xauto-104657-file.png]
[C:/Users/peper/OneDrive/ドキュメント/柴原研究室/www.omu.ac.jp/eng/shibahara/info/news/entry-44101.html]
[C:/Users/peper/OneDrive/ドキュメント/柴原研究室/www.omu.ac.jp/eng/shibahara/assets/16.jpg]
[C:/Users/peper/OneDrive/ドキュメント/柴原研究室/www.omu.ac.jp/eng/shibahara/info/news/entry-43971.html]
[C:/Users/peper/OneDrive/ドキュメント/柴原研究室/www.omu.ac.jp/eng/shibahara/assets/attachmentfile/attachmentfile-file-36243.jpg]
[C:/Users/peper/OneDrive/ドキュメント/柴原研究室/www.omu.ac.jp/eng/shibahara/assets/4695DDDA-CD8B-4701-B790-B1202A30C30C-1.jpg]
[C:/Users/peper/OneDrive/ドキュメント/柴原研究室/www.omu.ac.jp/eng/shibahara/info/news/entry-03488.html]
[C:/Users/peper/OneDrive/ドキュメント/柴原研究室/www.omu.ac.jp/eng/shibahara/info/news/list-news-tp1753f.html]
[C:/Users/peper/OneDrive/ドキュメント/柴原研究室/www.omu.ac.jp/eng/shibahara/info/news/list-news-tp13889.html]
[C:/Users/peper/OneDrive/ドキュメント/柴原研究室/www.omu.ac.jp/eng/shibahara/info/news/list-news-tp14942.html]
[C:/Users/peper/OneDrive/ドキュメント/柴原研究室/www.omu.ac.jp/eng/shibahara/info/news/list-news-tp1e271.html]
[C:/Users/peper/OneDrive/ドキュメント/柴原研究室/www.omu.ac.jp/eng/shibahara/info/news/list-news-tp10af0.html]
[C:/Users/peper/OneDrive/ドキュメント/柴原研究室/www.omu.ac.jp/eng/shibahara/info/news/list-news-tp2753f.html]
[C:/Users/peper/OneDrive/ドキュメント/柴原研究室/www.omu.ac.jp/eng/shibahara/info/news/list-news-tp23889.html]
[C:/Users/peper/OneDrive/ドキュメント/柴原研究室/www.omu.ac.jp/eng/shibahara/info/news/list-news-tp24942.html]
[C:/Users/peper/OneDrive/ドキュメント/柴原研究室/www.omu.ac.jp/eng/shibahara/info/news/list-news-tp2e271.html]
[C:/Users/peper/OneDrive/ドキュメント/柴原研究室/www.omu.ac.jp/eng/shibahara/info/news/list-news-tp20af0.html]
[C:/Users/peper/OneDrive/ドキュメント/柴原研究室/www.omu.ac.jp/eng/shibahara/info/news/list-news-tp3753f.html]
[C:/Users/peper/OneDrive/ドキュメント/柴原研究室/www.omu.ac.jp/eng/shibahara/info/news/list-news-tp33889.html]
[C:/Users/peper/OneDrive/ドキュメント/柴原研究室/www.omu.ac.jp/eng/shibahara/info/news/list-news-tp34942.html]
[C:/Users/peper/OneDrive/ドキュメント/柴原研究室/www.omu.ac.jp/eng/shibahara/info/news/list-news-tp4753f.html]
[C:/Users/peper/OneDrive/ドキュメント/柴原研究室/www.omu.ac.jp/eng/shibahara/info/news/list-news-tp43889.html]
[C:/Users/peper/OneDrive/ドキュメント/柴原研究室/www.omu.ac.jp/eng/shibahara/info/news/list-news-tp44942.html]
[C:/Users/peper/OneDrive/ドキュメント/柴原研究室/www.omu.ac.jp/eng/shibahara/assets/attachmentfile/attachmentfile-file-37355.jpg]
[C:/Users/peper/OneDrive/ドキュメント/柴原研究室/www.omu.ac.jp/eng/shibahara/assets/Image1-60-1024x769.jpg]
[C:/Users/peper/OneDrive/ドキュメント/柴原研究室/www.omu.ac.jp/eng/shibahara/info/news/entry-45266.html]
[C:/Users/peper/OneDrive/ドキュメント/柴原研究室/www.omu.ac.jp/eng/shibahara/assets/attachmentfile/attachmentfile-file-37062.jpg]
[C:/Users/peper/OneDrive/ドキュメント/柴原研究室/www.omu.ac.jp/eng/shibahara/assets/Image2-51-1024x772.jpg]
[C:/Users/peper/OneDrive/ドキュメント/柴原研究室/www.omu.ac.jp/eng/shibahara/info/news/entry-44988.html]
[C:/Users/peper/OneDrive/ドキュメント/柴原研究室/www.omu.ac.jp/eng/shibahara/assets/attachmentfile/attachmentfile-file-36417.jpg]
[C:/Users/peper/OneDrive/ドキュメント/柴原研究室/www.omu.ac.jp/eng/shibahara/assets/17.jpg]
[C:/Users/peper/OneDrive/ドキュメント/柴原研究室/www.omu.ac.jp/eng/shibahara/info/news/entry-44149.html]
[C:/Users/peper/OneDrive/ドキュメント/柴原研究室/www.omu.ac.jp/eng/shibahara/info/news/list-news-tp6753f.html]
[C:/Users/peper/OneDrive/ドキュメント/柴原研究室/www.omu.ac.jp/eng/shibahara/info/news/list-news-tp63889.html]
[C:/Users/peper/OneDrive/ドキュメント/柴原研究室/www.omu.ac.jp/eng/shibahara/info/news/list-news-tp64942.html]
[C:/Users/peper/OneDrive/ドキュメント/柴原研究室/www.omu.ac.jp/eng/shibahara/assets/thumbnails/thumb-750xauto-106760-file.jpg]
[C:/Users/peper/OneDrive/ドキュメント/柴原研究室/www.omu.ac.jp/eng/shibahara/info/news/list-news-tp6e271.html]
[C:/Users/peper/OneDrive/ドキュメント/柴原研究室/www.omu.ac.jp/eng/shibahara/info/news/index9789.html]
[C:/Users/peper/OneDrive/ドキュメント/柴原研究室/www.omu.ac.jp/eng/shibahara/info/news/indexa43c.html]
[C:/Users/peper/OneDrive/ドキュメント/柴原研究室/www.omu.ac.jp/eng/shibahara/info/news/indexce16.html]
[C:/Users/peper/OneDrive/ドキュメント/柴原研究室/www.omu.ac.jp/eng/shibahara/info/news/indexa0e2.html]
[C:/Users/peper/OneDrive/ドキュメント/柴原研究室/www.omu.ac.jp/eng/shibahara/assets/【HP用】溶接時の面外変形に及ぼす諸因子の影響に関する検討【動画】-2.mp4]
[C:/Users/peper/OneDrive/ドキュメント/柴原研究室/www.omu.ac.jp/eng/shibahara/assets/【HP用】液体窒素を用いた残留応力低減法の提案木谷.mp4]
[C:/Users/peper/OneDrive/ドキュメント/柴原研究室/www.omu.ac.jp/eng/shibahara/assets/【HP用】線状加熱における端部変形についての検討.mp4]
[C:/Users/peper/OneDrive/ドキュメント/柴原研究室/www.omu.ac.jp/eng/shibahara/assets/【その他】PWHTによる溶接継手の残留応力低減効果の解析木谷.mp4]
[C:/Users/peper/OneDrive/ドキュメント/柴原研究室/twitter.com/shareef69]
[C:/Users/peper/OneDrive/ドキュメント/柴原研究室/twitter.com/share3f37]
[C:/Users/peper/OneDrive/ドキュメント/柴原研究室/twitter.com/share30a7]
[C:/Users/peper/OneDrive/ドキュメント/柴原研究室/twitter.com/share1470]
[C:/Users/peper/OneDrive/ドキュメント/柴原研究室/twitter.com/share3859]
[C:/Users/peper/OneDrive/ドキュメント/柴原研究室/twitter.com/share3824]
[C:/Users/peper/OneDrive/ドキュメント/柴原研究室/twitter.com/share28cb]
[C:/Users/peper/OneDrive/ドキュメント/柴原研究室/twitter.com/share86df]
[C:/Users/peper/OneDrive/ドキュメント/柴原研究室/twitter.com/share814d]
[C:/Users/peper/OneDrive/ドキュメント/柴原研究室/twitter.com/share586b]
[C:/Users/peper/OneDrive/ドキュメント/柴原研究室/twitter.com/share16f3]
[C:/Users/peper/OneDrive/ドキュメント/柴原研究室/twitter.com/sharea07c]
[C:/Users/peper/OneDrive/ドキュメント/柴原研究室/twitter.com/share910e]
[C:/Users/peper/OneDrive/ドキュメント/柴原研究室/twitter.com/share2845]
[C:/Users/peper/OneDrive/ドキュメント/柴原研究室/twitter.com/share7441]
[C:/Users/peper/OneDrive/ドキュメント/柴原研究室/twitter.com/sharec8c8]
[C:/Users/peper/OneDrive/ドキュメント/柴原研究室/twitter.com/sharea116]
[C:/Users/peper/OneDrive/ドキュメント/柴原研究室/twitter.com/share58a5]
[C:/Users/peper/OneDrive/ドキュメント/柴原研究室/twitter.com/share8722]
[C:/Users/peper/OneDrive/ドキュメント/柴原研究室/twitter.com/share45ec]
[C:/Users/peper/OneDrive/ドキュメント/柴原研究室/twitter.com/sharea14a]
[C:/Users/peper/OneDrive/ドキュメント/柴原研究室/twitter.com/shareff96]
[C:/Users/peper/OneDrive/ドキュメント/柴原研究室/twitter.com/share3571]
[C:/Users/peper/OneDrive/ドキュメント/柴原研究室/twitter.com/share842a]
[C:/Users/peper/OneDrive/ドキュメント/柴原研究室/twitter.com/share5deb]
[C:/Users/peper/OneDrive/ドキュメント/柴原研究室/twitter.com/shareede8]
[C:/Users/peper/OneDrive/ドキュメント/柴原研究室/twitter.com/share1503]
[C:/Users/peper/OneDrive/ドキュメント/柴原研究室/twitter.com/sharee61d]
[C:/Users/peper/OneDrive/ドキュメント/柴原研究室/twitter.com/sharead5c]
[C:/Users/peper/OneDrive/ドキュメント/柴原研究室/twitter.com/sharee9cb]
[C:/Users/peper/OneDrive/ドキュメント/柴原研究室/twitter.com/share0e5e]
[C:/Users/peper/OneDrive/ドキュメント/柴原研究室/twitter.com/share33c2]
[C:/Users/peper/OneDrive/ドキュメント/柴原研究室/twitter.com/share2ede]
[C:/Users/peper/OneDrive/ドキュメント/柴原研究室/twitter.com/share07aa]
[C:/Users/peper/OneDrive/ドキュメント/柴原研究室/twitter.com/share7c36]
[C:/Users/peper/OneDrive/ドキュメント/柴原研究室/twitter.com/share1d9c]
[C:/Users/peper/OneDrive/ドキュメント/柴原研究室/twitter.com/share2936]
[C:/Users/peper/OneDrive/ドキュメント/柴原研究室/twitter.com/share50d3]
[C:/Users/peper/OneDrive/ドキュメント/柴原研究室/twitter.com/share5873]
[C:/Users/peper/OneDrive/ドキュメント/柴原研究室/twitter.com/share54eb]
[C:/Users/peper/OneDrive/ドキュメント/柴原研究室/twitter.com/share3b76]
[C:/Users/peper/OneDrive/ドキュメント/柴原研究室/twitter.com/share7557]
[C:/Users/peper/OneDrive/ドキュメント/柴原研究室/twitter.com/share4557]
[C:/Users/peper/OneDrive/ドキュメント/柴原研究室/twitter.com/sharec697]
[C:/Users/peper/OneDrive/ドキュメント/柴原研究室/twitter.com/sharec10b]
[C:/Users/peper/OneDrive/ドキュメント/柴原研究室/twitter.com/share3001]
[C:/Users/peper/OneDrive/ドキュメント/柴原研究室/twitter.com/share6a86]
[C:/Users/peper/OneDrive/ドキュメント/柴原研究室/twitter.com/shareabe5]
[C:/Users/peper/OneDrive/ドキュメント/柴原研究室/twitter.com/shareeb70]
[C:/Users/peper/OneDrive/ドキュメント/柴原研究室/twitter.com/shareb0f6]
[C:/Users/peper/OneDrive/ドキュメント/柴原研究室/twitter.com/sharef566]
[C:/Users/peper/OneDrive/ドキュメント/柴原研究室/twitter.com/share5115]
[C:/Users/peper/OneDrive/ドキュメント/柴原研究室/twitter.com/sharef904]
[C:/Users/peper/OneDrive/ドキュメント/柴原研究室/twitter.com/share4b86]
[C:/Users/peper/OneDrive/ドキュメント/柴原研究室/twitter.com/share2148]
[C:/Users/peper/OneDrive/ドキュメント/柴原研究室/twitter.com/share0e3f]
[C:/Users/peper/OneDrive/ドキュメント/柴原研究室/twitter.com/share62e4]
[C:/Users/peper/OneDrive/ドキュメント/柴原研究室/twitter.com/share2292]
[C:/Users/peper/OneDrive/ドキュメント/柴原研究室/twitter.com/share1e99]
[C:/Users/peper/OneDrive/ドキュメント/柴原研究室/twitter.com/share758a]
[C:/Users/peper/OneDrive/ドキュメント/柴原研究室/twitter.com/share8145]
[C:/Users/peper/OneDrive/ドキュメント/柴原研究室/twitter.com/sharec7d5]
[C:/Users/peper/OneDrive/ドキュメント/柴原研究室/twitter.com/shareacf6]
[C:/Users/peper/OneDrive/ドキュメント/柴原研究室/twitter.com/share9497]
[C:/Users/peper/OneDrive/ドキュメント/柴原研究室/twitter.com/share5480]
[C:/Users/peper/OneDrive/ドキュメント/柴原研究室/twitter.com/share60e7]
[C:/Users/peper/OneDrive/ドキュメント/柴原研究室/twitter.com/shareb19d]
[C:/Users/peper/OneDrive/ドキュメント/柴原研究室/twitter.com/share91c4]
[C:/Users/peper/OneDrive/ドキュメント/柴原研究室/twitter.com/sharec16a]
[C:/Users/peper/OneDrive/ドキュメント/柴原研究室/twitter.com/sharee9f9]
[C:/Users/peper/OneDrive/ドキュメント/柴原研究室/twitter.com/shareded8]
[C:/Users/peper/OneDrive/ドキュメント/柴原研究室/twitter.com/share52bd]
[C:/Users/peper/OneDrive/ドキュメント/柴原研究室/twitter.com/share5fca]
[C:/Users/peper/OneDrive/ドキュメント/柴原研究室/twitter.com/sharea339]
[C:/Users/peper/OneDrive/ドキュメント/柴原研究室/twitter.com/sharef5e3]
[C:/Users/peper/OneDrive/ドキュメント/柴原研究室/twitter.com/share30eb]
[C:/Users/peper/OneDrive/ドキュメント/柴原研究室/twitter.com/share9bfe]
[C:/Users/peper/OneDrive/ドキュメント/柴原研究室/twitter.com/shareb740]
[C:/Users/peper/OneDrive/ドキュメント/柴原研究室/twitter.com/sharea45e]
[C:/Users/peper/OneDrive/ドキュメント/柴原研究室/twitter.com/share1925]
[C:/Users/peper/OneDrive/ドキュメント/柴原研究室/twitter.com/share3999]
[C:/Users/peper/OneDrive/ドキュメント/柴原研究室/twitter.com/share3c38]
[C:/Users/peper/OneDrive/ドキュメント/柴原研究室/twitter.com/share3766]
[C:/Users/peper/OneDrive/ドキュメント/柴原研究室/twitter.com/sharea0b5]
[C:/Users/peper/OneDrive/ドキュメント/柴原研究室/twitter.com/share920e]
[C:/Users/peper/OneDrive/ドキュメント/柴原研究室/twitter.com/share6d3d]
[C:/Users/peper/OneDrive/ドキュメント/柴原研究室/twitter.com/share403d]
[C:/Users/peper/OneDrive/ドキュメント/柴原研究室/twitter.com/share44eb]
[C:/Users/peper/OneDrive/ドキュメント/柴原研究室/twitter.com/share1188]
[C:/Users/peper/OneDrive/ドキュメント/柴原研究室/twitter.com/share29fa]
[C:/Users/peper/OneDrive/ドキュメント/柴原研究室/twitter.com/share8d84]
[C:/Users/peper/OneDrive/ドキュメント/柴原研究室/twitter.com/share9e00]
[C:/Users/peper/OneDrive/ドキュメント/柴原研究室/twitter.com/share995f]
[C:/Users/peper/OneDrive/ドキュメント/柴原研究室/twitter.com/share95d3]
[C:/Users/peper/OneDrive/ドキュメント/柴原研究室/twitter.com/sharef1a6]
[C:/Users/peper/OneDrive/ドキュメント/柴原研究室/twitter.com/share21f2]
[C:/Users/peper/OneDrive/ドキュメント/柴原研究室/twitter.com/share65bd]
[C:/Users/peper/OneDrive/ドキュメント/柴原研究室/twitter.com/share221e]
[C:/Users/peper/OneDrive/ドキュメント/柴原研究室/twitter.com/share611d]
[C:/Users/peper/OneDrive/ドキュメント/柴原研究室/twitter.com/shareaa72]
[C:/Users/peper/OneDrive/ドキュメント/柴原研究室/twitter.com/share4fb6]
[C:/Users/peper/OneDrive/ドキュメント/柴原研究室/twitter.com/share6552]
[C:/Users/peper/OneDrive/ドキュメント/柴原研究室/twitter.com/share7013]
[C:/Users/peper/OneDrive/ドキュメント/柴原研究室/twitter.com/share79dc]
[C:/Users/peper/OneDrive/ドキュメント/柴原研究室/twitter.com/share705f]
[C:/Users/peper/OneDrive/ドキュメント/柴原研究室/twitter.com/share64c4]
[C:/Users/peper/OneDrive/ドキュメント/柴原研究室/twitter.com/share4f45]
[C:/Users/peper/OneDrive/ドキュメント/柴原研究室/twitter.com/share3496]
[C:/Users/peper/OneDrive/ドキュメント/柴原研究室/twitter.com/shareac98]
[C:/Users/peper/OneDrive/ドキュメント/柴原研究室/twitter.com/shared799]
[C:/Users/peper/OneDrive/ドキュメント/柴原研究室/twitter.com/share2c46]
[C:/Users/peper/OneDrive/ドキュメント/柴原研究室/twitter.com/share4006]
[C:/Users/peper/OneDrive/ドキュメント/柴原研究室/twitter.com/share1aa8]
[C:/Users/peper/OneDrive/ドキュメント/柴原研究室/twitter.com/share890a]
[C:/Users/peper/OneDrive/ドキュメント/柴原研究室/twitter.com/share3afb]
[C:/Users/peper/OneDrive/ドキュメント/柴原研究室/twitter.com/shareaaad]
[C:/Users/peper/OneDrive/ドキュメント/柴原研究室/twitter.com/share0c82]
[C:/Users/peper/OneDrive/ドキュメント/柴原研究室/twitter.com/share8aa8]
[C:/Users/peper/OneDrive/ドキュメント/柴原研究室/twitter.com/share4f39]
[C:/Users/peper/OneDrive/ドキュメント/柴原研究室/twitter.com/sharea926]
[C:/Users/peper/OneDrive/ドキュメント/柴原研究室/twitter.com/sharea7c2]
[C:/Users/peper/OneDrive/ドキュメント/柴原研究室/twitter.com/share4aba]
[C:/Users/peper/OneDrive/ドキュメント/柴原研究室/twitter.com/share121e]
[C:/Users/peper/OneDrive/ドキュメント/柴原研究室/twitter.com/share3c50]
[C:/Users/peper/OneDrive/ドキュメント/柴原研究室/twitter.com/share12c7]
[C:/Users/peper/OneDrive/ドキュメント/柴原研究室/twitter.com/share5cf5]
[C:/Users/peper/OneDrive/ドキュメント/柴原研究室/twitter.com/share9291]
[C:/Users/peper/OneDrive/ドキュメント/柴原研究室/www.omu.ac.jp/eng/shibahara/info/news/index6100.html]
[C:/Users/peper/OneDrive/ドキュメント/柴原研究室/www.omu.ac.jp/eng/shibahara/info/news/index83ad.html]
[C:/Users/peper/OneDrive/ドキュメント/柴原研究室/www.omu.ac.jp/eng/shibahara/info/news/indexa42d.html]
[C:/Users/peper/OneDrive/ドキュメント/柴原研究室/www.omu.ac.jp/eng/shibahara/info/news/index92d7.html]
[C:/Users/peper/OneDrive/ドキュメント/柴原研究室/www.omu.ac.jp/eng/shibahara/info/news/index3460.html]
[C:/Users/peper/OneDrive/ドキュメント/柴原研究室/www.omu.ac.jp/eng/shibahara/info/news/indexb4ab.html]
[C:/Users/peper/OneDrive/ドキュメント/柴原研究室/www.omu.ac.jp/eng/shibahara/info/news/index5e21.html]
[C:/Users/peper/OneDrive/ドキュメント/柴原研究室/www.omu.ac.jp/eng/shibahara/info/news/indexa1e2.html]
[C:/Users/peper/OneDrive/ドキュメント/柴原研究室/www.omu.ac.jp/eng/shibahara/info/news/indexec10.html]
[C:/Users/peper/OneDrive/ドキュメント/柴原研究室/www.omu.ac.jp/eng/shibahara/assets/thumbnails/thumb-750xauto-195034-file.jpg]
[C:/Users/peper/OneDrive/ドキュメント/柴原研究室/www.omu.ac.jp/eng/shibahara/info/news/index41dc.html]
[C:/Users/peper/OneDrive/ドキュメント/柴原研究室/www.omu.ac.jp/eng/shibahara/assets/thumbnails/thumb-750xauto-106773-file.jpg]
[C:/Users/peper/OneDrive/ドキュメント/柴原研究室/www.omu.ac.jp/eng/shibahara/assets/thumbnails/thumb-750xauto-106763-file.jpg]
[C:/Users/peper/OneDrive/ドキュメント/柴原研究室/www.omu.ac.jp/eng/shibahara/assets/thumbnails/thumb-750xauto-195036-file.jpg]
[C:/Users/peper/OneDrive/ドキュメント/柴原研究室/www.omu.ac.jp/eng/shibahara/assets/thumbnails/thumb-750xauto-106759-file.jpg]
[C:/Users/peper/OneDrive/ドキュメント/柴原研究室/www.omu.ac.jp/eng/shibahara/info/news/index34a7.html]
[C:/Users/peper/OneDrive/ドキュメント/柴原研究室/www.omu.ac.jp/eng/shibahara/assets/attachmentfile/attachmentfile-file-37329.jpg]
[C:/Users/peper/OneDrive/ドキュメント/柴原研究室/www.omu.ac.jp/eng/shibahara/info/news/entry-45241.html]
[C:/Users/peper/OneDrive/ドキュメント/柴原研究室/www.omu.ac.jp/eng/shibahara/assets/attachmentfile/attachmentfile-file-37290.jpg]
[C:/Users/peper/OneDrive/ドキュメント/柴原研究室/www.omu.ac.jp/eng/shibahara/assets/Image7-26.jpg]
[C:/Users/peper/OneDrive/ドキュメント/柴原研究室/www.omu.ac.jp/eng/shibahara/info/news/entry-45215.html]
[C:/Users/peper/OneDrive/ドキュメント/柴原研究室/www.omu.ac.jp/eng/shibahara/assets/attachmentfile/attachmentfile-file-68711.jpg]
[C:/Users/peper/OneDrive/ドキュメント/柴原研究室/www.omu.ac.jp/eng/shibahara/info/news/entry-79475.html]
[C:/Users/peper/OneDrive/ドキュメント/柴原研究室/www.omu.ac.jp/eng/shibahara/assets/attachmentfile/attachmentfile-file-37289.jpg]
[C:/Users/peper/OneDrive/ドキュメント/柴原研究室/www.omu.ac.jp/eng/shibahara/assets/Image11-18.jpg]
[C:/Users/peper/OneDrive/ドキュメント/柴原研究室/www.omu.ac.jp/eng/shibahara/info/news/entry-45213.html]
[C:/Users/peper/OneDrive/ドキュメント/柴原研究室/www.omu.ac.jp/eng/shibahara/assets/attachmentfile/attachmentfile-file-37288.jpg]
[C:/Users/peper/OneDrive/ドキュメント/柴原研究室/www.omu.ac.jp/eng/shibahara/assets/Image2-66.jpg]
[C:/Users/peper/OneDrive/ドキュメント/柴原研究室/www.omu.ac.jp/eng/shibahara/assets/LINE_ALBUM_%E5%86%AC%E5%AD%A3%E4%B8%AD%E9%96%93%E7%99%BA%E8%A1%A8_221230_3.jpg]
[C:/Users/peper/OneDrive/ドキュメント/柴原研究室/www.omu.ac.jp/eng/shibahara/assets/LINE_ALBUM_%E5%86%AC%E5%AD%A3%E4%B8%AD%E9%96%93%E7%99%BA%E8%A1%A8_221230.jpg]
[C:/Users/peper/OneDrive/ドキュメント/柴原研究室/www.omu.ac.jp/eng/shibahara/assets/LINE_ALBUM_%E5%86%AC%E5%AD%A3%E4%B8%AD%E9%96%93%E7%99%BA%E8%A1%A8_221230_0.jpg]
[C:/Users/peper/OneDrive/ドキュメント/柴原研究室/www.omu.ac.jp/eng/shibahara/info/news/entry-45212.html]
[C:/Users/peper/OneDrive/ドキュメント/柴原研究室/www.omu.ac.jp/eng/shibahara/assets/attachmentfile/attachmentfile-file-37287.jpg]
[C:/Users/peper/OneDrive/ドキュメント/柴原研究室/www.omu.ac.jp/eng/shibahara/assets/Image4-49-2048x1421.jpg]
[C:/Users/peper/OneDrive/ドキュメント/柴原研究室/www.omu.ac.jp/eng/shibahara/assets/2123.jpg]
[C:/Users/peper/OneDrive/ドキュメント/柴原研究室/www.omu.ac.jp/eng/shibahara/assets/Image3-34.jpg]
[C:/Users/peper/OneDrive/ドキュメント/柴原研究室/www.omu.ac.jp/eng/shibahara/assets/Image16-12-2048x1537.jpg]
[C:/Users/peper/OneDrive/ドキュメント/柴原研究室/www.omu.ac.jp/eng/shibahara/assets/Image8-24-2048x1532.jpg]
[C:/Users/peper/OneDrive/ドキュメント/柴原研究室/www.omu.ac.jp/eng/shibahara/assets/Image10-18-2048x1537.jpg]
[C:/Users/peper/OneDrive/ドキュメント/柴原研究室/www.omu.ac.jp/eng/shibahara/assets/Image12-17-2048x1537.jpg]
[C:/Users/peper/OneDrive/ドキュメント/柴原研究室/www.omu.ac.jp/eng/shibahara/assets/Image14-18-2048x1537.jpg]
[C:/Users/peper/OneDrive/ドキュメント/柴原研究室/www.omu.ac.jp/eng/shibahara/info/news/entry-45211.html]
[C:/Users/peper/OneDrive/ドキュメント/柴原研究室/www.omu.ac.jp/eng/shibahara/assets/Image2-63.jpg]
[C:/Users/peper/OneDrive/ドキュメント/柴原研究室/www.omu.ac.jp/eng/shibahara/assets/Image3-33.jpg]
[C:/Users/peper/OneDrive/ドキュメント/柴原研究室/www.omu.ac.jp/eng/shibahara/info/news/entry-45204.html]
[C:/Users/peper/OneDrive/ドキュメント/柴原研究室/www.omu.ac.jp/eng/shibahara/assets/attachmentfile/attachmentfile-file-37243.jpg]
[C:/Users/peper/OneDrive/ドキュメント/柴原研究室/www.omu.ac.jp/eng/shibahara/assets/IMG_5402-2048x1365.jpg]
[C:/Users/peper/OneDrive/ドキュメント/柴原研究室/www.omu.ac.jp/eng/shibahara/assets/IMG_5403_%E5%8F%97%E8%B3%9E%E8%80%851-2048x1365.jpg]
[C:/Users/peper/OneDrive/ドキュメント/柴原研究室/www.omu.ac.jp/eng/shibahara/assets/IMG_5401-2048x1365.jpg]
[C:/Users/peper/OneDrive/ドキュメント/柴原研究室/www.omu.ac.jp/eng/shibahara/assets/11-6-scaled.jpg]
[C:/Users/peper/OneDrive/ドキュメント/柴原研究室/www.omu.ac.jp/eng/shibahara/assets/IMG_5806-scaled.jpg]
[C:/Users/peper/OneDrive/ドキュメント/柴原研究室/www.omu.ac.jp/eng/shibahara/info/news/entry-45203.html]
[C:/Users/peper/OneDrive/ドキュメント/柴原研究室/www.omu.ac.jp/eng/shibahara/assets/attachmentfile/attachmentfile-file-37234.jpg]
[C:/Users/peper/OneDrive/ドキュメント/柴原研究室/www.omu.ac.jp/eng/shibahara/assets/IMG_5376_%E7%AC%AC2%E4%BC%9A%E5%A0%B4-4-2048x1365.jpg]
[C:/Users/peper/OneDrive/ドキュメント/柴原研究室/www.omu.ac.jp/eng/shibahara/info/news/entry-45202.html]
[C:/Users/peper/OneDrive/ドキュメント/柴原研究室/www.omu.ac.jp/eng/shibahara/assets/attachmentfile/attachmentfile-file-37231.jpg]
[C:/Users/peper/OneDrive/ドキュメント/柴原研究室/www.omu.ac.jp/eng/shibahara/assets/Image15-13-2048x1062.jpg]
[C:/Users/peper/OneDrive/ドキュメント/柴原研究室/www.omu.ac.jp/eng/shibahara/assets/Image17-9.jpg]
[C:/Users/peper/OneDrive/ドキュメント/柴原研究室/www.omu.ac.jp/eng/shibahara/info/news/entry-45201.html]
[C:/Users/peper/OneDrive/ドキュメント/柴原研究室/www.omu.ac.jp/eng/shibahara/assets/attachmentfile/attachmentfile-file-37117.jpg]
[C:/Users/peper/OneDrive/ドキュメント/柴原研究室/www.omu.ac.jp/eng/shibahara/assets/Image5-39.jpg]
[C:/Users/peper/OneDrive/ドキュメント/柴原研究室/www.omu.ac.jp/eng/shibahara/assets/Image9-19-2048x1447.jpg]
[C:/Users/peper/OneDrive/ドキュメント/柴原研究室/www.omu.ac.jp/eng/shibahara/assets/Image7-25-2048x1763.jpg]
[C:/Users/peper/OneDrive/ドキュメント/柴原研究室/www.omu.ac.jp/eng/shibahara/info/news/entry-45029.html]
[C:/Users/peper/OneDrive/ドキュメント/柴原研究室/www.omu.ac.jp/eng/shibahara/assets/attachmentfile/attachmentfile-file-37116.jpg]
[C:/Users/peper/OneDrive/ドキュメント/柴原研究室/www.omu.ac.jp/eng/shibahara/assets/sdfe-3-2048x1528.jpg]
[C:/Users/peper/OneDrive/ドキュメント/柴原研究室/www.omu.ac.jp/eng/shibahara/assets/Image12-16-2048x1413.jpg]
[C:/Users/peper/OneDrive/ドキュメント/柴原研究室/www.omu.ac.jp/eng/shibahara/assets/sde-2048x1527.jpg]
[C:/Users/peper/OneDrive/ドキュメント/柴原研究室/www.omu.ac.jp/eng/shibahara/assets/dd-2-2048x1532.jpg]
[C:/Users/peper/OneDrive/ドキュメント/柴原研究室/www.omu.ac.jp/eng/shibahara/assets/Image7-23-2048x1534.jpg]
[C:/Users/peper/OneDrive/ドキュメント/柴原研究室/www.omu.ac.jp/eng/shibahara/assets/s-2048x1522.jpg]
[C:/Users/peper/OneDrive/ドキュメント/柴原研究室/www.omu.ac.jp/eng/shibahara/info/news/entry-45026.html]
[C:/Users/peper/OneDrive/ドキュメント/柴原研究室/www.omu.ac.jp/eng/shibahara/assets/attachmentfile/attachmentfile-file-37115.jpg]
[C:/Users/peper/OneDrive/ドキュメント/柴原研究室/www.omu.ac.jp/eng/shibahara/assets/Image2-60-2048x1064.jpg]
[C:/Users/peper/OneDrive/ドキュメント/柴原研究室/www.omu.ac.jp/eng/shibahara/assets/IMG_9813_edited-2048x1126.jpg]
[C:/Users/peper/OneDrive/ドキュメント/柴原研究室/www.omu.ac.jp/eng/shibahara/assets/LINE_ALBUM_%E7%A0%94%E7%A9%B6%E5%AE%A4%E6%97%85%E8%A1%8C2022_221209_5.jpg]
[C:/Users/peper/OneDrive/ドキュメント/柴原研究室/www.omu.ac.jp/eng/shibahara/assets/LINE_ALBUM_%E7%A0%94%E7%A9%B6%E5%AE%A4%E6%97%85%E8%A1%8C2022_221209_44.jpg]
[C:/Users/peper/OneDrive/ドキュメント/柴原研究室/www.omu.ac.jp/eng/shibahara/assets/LINE_ALBUM_%E7%A0%94%E7%A9%B6%E5%AE%A4%E6%97%85%E8%A1%8C2022_221209_82.jpg]
[C:/Users/peper/OneDrive/ドキュメント/柴原研究室/www.omu.ac.jp/eng/shibahara/info/news/entry-45025.html]
[C:/Users/peper/OneDrive/ドキュメント/柴原研究室/www.omu.ac.jp/eng/shibahara/assets/attachmentfile/attachmentfile-file-37114.jpg]
[C:/Users/peper/OneDrive/ドキュメント/柴原研究室/www.omu.ac.jp/eng/shibahara/assets/Image4-45.jpg]
[C:/Users/peper/OneDrive/ドキュメント/柴原研究室/www.omu.ac.jp/eng/shibahara/info/news/entry-45023.html]
[C:/Users/peper/OneDrive/ドキュメント/柴原研究室/www.omu.ac.jp/eng/shibahara/assets/attachmentfile/attachmentfile-file-37113.jpg]
[C:/Users/peper/OneDrive/ドキュメント/柴原研究室/www.omu.ac.jp/eng/shibahara/assets/Image2-58-2048x1270.jpg]
[C:/Users/peper/OneDrive/ドキュメント/柴原研究室/www.omu.ac.jp/eng/shibahara/assets/Image8-22.jpg]
[C:/Users/peper/OneDrive/ドキュメント/柴原研究室/www.omu.ac.jp/eng/shibahara/info/news/entry-45022.html]
[C:/Users/peper/OneDrive/ドキュメント/柴原研究室/www.omu.ac.jp/eng/shibahara/assets/attachmentfile/attachmentfile-file-37112.jpg]
[C:/Users/peper/OneDrive/ドキュメント/柴原研究室/www.omu.ac.jp/eng/shibahara/assets/Image8-23.jpg]
[C:/Users/peper/OneDrive/ドキュメント/柴原研究室/www.omu.ac.jp/eng/shibahara/info/news/entry-45020.html]
[C:/Users/peper/OneDrive/ドキュメント/柴原研究室/www.omu.ac.jp/eng/shibahara/assets/attachmentfile/attachmentfile-file-37101.jpg]
[C:/Users/peper/OneDrive/ドキュメント/柴原研究室/www.omu.ac.jp/eng/shibahara/assets/Image2-54.jpg]
[C:/Users/peper/OneDrive/ドキュメント/柴原研究室/www.omu.ac.jp/eng/shibahara/assets/F9E800C6-0A4A-40E9-A7A1-4571912B3176-2048x1536.jpg]
[C:/Users/peper/OneDrive/ドキュメント/柴原研究室/www.omu.ac.jp/eng/shibahara/info/news/entry-45001.html]
[C:/Users/peper/OneDrive/ドキュメント/柴原研究室/www.omu.ac.jp/eng/shibahara/assets/attachmentfile/attachmentfile-file-37111.jpg]
[C:/Users/peper/OneDrive/ドキュメント/柴原研究室/www.omu.ac.jp/eng/shibahara/assets/S__14745788.jpg]
[C:/Users/peper/OneDrive/ドキュメント/柴原研究室/www.omu.ac.jp/eng/shibahara/info/news/entry-45017.html]
[C:/Users/peper/OneDrive/ドキュメント/柴原研究室/www.omu.ac.jp/eng/shibahara/emoji/v2/72x72/2757.png]
[C:/Users/peper/OneDrive/ドキュメント/柴原研究室/www.omu.ac.jp/eng/shibahara/emoji/v2/72x72/1f440.png]
[C:/Users/peper/OneDrive/ドキュメント/柴原研究室/www.omu.ac.jp/eng/shibahara/emoji/v2/72x72/1f64c-1f3fb.png]
[C:/Users/peper/OneDrive/ドキュメント/柴原研究室/www.omu.ac.jp/eng/shibahara/omu-content/uploads/sites/1156/FcyQ9JJacAc_qCK.jpg]
[C:/Users/peper/OneDrive/ドキュメント/柴原研究室/www.omu.ac.jp/eng/shibahara/omu-content/uploads/sites/1156/8E7424C5-2048-49B6-BE0E-8913C313E8F1-scaled.jpg]
[C:/Users/peper/OneDrive/ドキュメント/柴原研究室/www.omu.ac.jp/eng/shibahara/omu-content/uploads/sites/1156/FcyQ9JCacAA-Fsv.jpg]
[C:/Users/peper/OneDrive/ドキュメント/柴原研究室/www.omu.ac.jp/eng/shibahara/omu-content/uploads/sites/1156/8D460F37-3726-43D6-9D7B-E51C75C157B1-scaled.jpg]
[C:/Users/peper/OneDrive/ドキュメント/柴原研究室/www.omu.ac.jp/eng/shibahara/omu-content/uploads/sites/1156/B00DAAD5-AC92-44A8-B330-21EDE3C4A839-scaled.jpg]
[C:/Users/peper/OneDrive/ドキュメント/柴原研究室/www.omu.ac.jp/eng/shibahara/omu-content/uploads/sites/1156/FcyQ9JHaEAgltz-.jpg]
[C:/Users/peper/OneDrive/ドキュメント/柴原研究室/www.omu.ac.jp/eng/shibahara/omu-content/uploads/sites/1156/FcyQ9JEacAoXCut.jpg]
[C:/Users/peper/OneDrive/ドキュメント/柴原研究室/www.omu.ac.jp/eng/shibahara/info/news/entry-79480.html]
[C:/Users/peper/OneDrive/ドキュメント/柴原研究室/www.omu.ac.jp/eng/shibahara/assets/attachmentfile/attachmentfile-file-37098.jpg]
[C:/Users/peper/OneDrive/ドキュメント/柴原研究室/www.omu.ac.jp/eng/shibahara/assets/LINE_ALBUM_2022%E6%BA%B6%E6%8E%A5%E5%AD%A6%E4%BC%9A%E7%A7%8B_220915_1.jpg]
[C:/Users/peper/OneDrive/ドキュメント/柴原研究室/www.omu.ac.jp/eng/shibahara/assets/LINE_ALBUM_2022%E6%BA%B6%E6%8E%A5%E5%AD%A6%E4%BC%9A%E7%A7%8B_220915_4.jpg]
[C:/Users/peper/OneDrive/ドキュメント/柴原研究室/www.omu.ac.jp/eng/shibahara/assets/LINE_ALBUM_2022%E6%BA%B6%E6%8E%A5%E5%AD%A6%E4%BC%9A%E7%A7%8B_220915-8.jpg]
[C:/Users/peper/OneDrive/ドキュメント/柴原研究室/www.omu.ac.jp/eng/shibahara/info/news/entry-44999.html]
[C:/Users/peper/OneDrive/ドキュメント/柴原研究室/www.omu.ac.jp/eng/shibahara/assets/attachmentfile/attachmentfile-file-37096.jpg]
[C:/Users/peper/OneDrive/ドキュメント/柴原研究室/www.omu.ac.jp/eng/shibahara/assets/S__24412181.jpg]
[C:/Users/peper/OneDrive/ドキュメント/柴原研究室/www.omu.ac.jp/eng/shibahara/assets/S__89866283.jpg]
[C:/Users/peper/OneDrive/ドキュメント/柴原研究室/www.omu.ac.jp/eng/shibahara/assets/S__24420360.jpg]
[C:/Users/peper/OneDrive/ドキュメント/柴原研究室/www.omu.ac.jp/eng/shibahara/info/news/entry-44998.html]
[C:/Users/peper/OneDrive/ドキュメント/柴原研究室/www.omu.ac.jp/eng/shibahara/assets/attachmentfile/attachmentfile-file-37093.jpg]
[C:/Users/peper/OneDrive/ドキュメント/柴原研究室/www.omu.ac.jp/eng/shibahara/assets/3-22-2048x1531.jpg]
[C:/Users/peper/OneDrive/ドキュメント/柴原研究室/www.omu.ac.jp/eng/shibahara/assets/4-21-2048x1535.jpg]
[C:/Users/peper/OneDrive/ドキュメント/柴原研究室/www.omu.ac.jp/eng/shibahara/assets/6-17-2048x1533.jpg]
[C:/Users/peper/OneDrive/ドキュメント/柴原研究室/www.omu.ac.jp/eng/shibahara/info/news/entry-44995.html]
[C:/Users/peper/OneDrive/ドキュメント/柴原研究室/www.omu.ac.jp/eng/shibahara/assets/attachmentfile/attachmentfile-file-37092.jpg]
[C:/Users/peper/OneDrive/ドキュメント/柴原研究室/www.omu.ac.jp/eng/shibahara/assets/Image2-52-2048x820.jpg]
[C:/Users/peper/OneDrive/ドキュメント/柴原研究室/www.omu.ac.jp/eng/shibahara/assets/Image1-46-2048x1747.jpg]
[C:/Users/peper/OneDrive/ドキュメント/柴原研究室/www.omu.ac.jp/eng/shibahara/assets/836508DA-85AA-4531-BC14-CD85014B3D6D-scaled.jpg]
[C:/Users/peper/OneDrive/ドキュメント/柴原研究室/www.omu.ac.jp/eng/shibahara/info/news/entry-44994.html]
[C:/Users/peper/OneDrive/ドキュメント/柴原研究室/www.omu.ac.jp/eng/shibahara/assets/attachmentfile/attachmentfile-file-37091.jpg]
[C:/Users/peper/OneDrive/ドキュメント/柴原研究室/www.omu.ac.jp/eng/shibahara/assets/F289B322-93E6-4354-B9D8-307617DA884D-2048x1536.jpg]
[C:/Users/peper/OneDrive/ドキュメント/柴原研究室/www.omu.ac.jp/eng/shibahara/assets/22E70CE6-2199-44AF-B6C2-4A6B848BD3A3-2048x1536.jpg]
[C:/Users/peper/OneDrive/ドキュメント/柴原研究室/www.omu.ac.jp/eng/shibahara/info/news/entry-44993.html]
[C:/Users/peper/OneDrive/ドキュメント/柴原研究室/www.omu.ac.jp/eng/shibahara/assets/attachmentfile/attachmentfile-file-37063.jpg]
[C:/Users/peper/OneDrive/ドキュメント/柴原研究室/www.omu.ac.jp/eng/shibahara/assets/%E4%BF%9D%E5%85%A8%E5%AD%A6%E7%A7%91_%E5%B9%85%E7%94%B0%E7%9C%9F%E5%8F%B2_%E8%A1%A8%E5%BD%B0%E7%8A%B6-scaled.jpg]
[C:/Users/peper/OneDrive/ドキュメント/柴原研究室/www.omu.ac.jp/eng/shibahara/info/news/entry-44991.html]
[C:/Users/peper/OneDrive/ドキュメント/柴原研究室/www.omu.ac.jp/eng/shibahara/assets/attachmentfile/attachmentfile-file-37061.jpg]
[C:/Users/peper/OneDrive/ドキュメント/柴原研究室/www.omu.ac.jp/eng/shibahara/assets/Image2-50-2048x1539.jpg]
[C:/Users/peper/OneDrive/ドキュメント/柴原研究室/www.omu.ac.jp/eng/shibahara/assets/Image1-42-2048x1636.jpg]
[C:/Users/peper/OneDrive/ドキュメント/柴原研究室/www.omu.ac.jp/eng/shibahara/info/news/entry-44985.html]
[C:/Users/peper/OneDrive/ドキュメント/柴原研究室/www.omu.ac.jp/eng/shibahara/assets/attachmentfile/attachmentfile-file-37060.jpg]
[C:/Users/peper/OneDrive/ドキュメント/柴原研究室/www.omu.ac.jp/eng/shibahara/assets/best-0G9A8609-2048x1365.jpg]
[C:/Users/peper/OneDrive/ドキュメント/柴原研究室/www.omu.ac.jp/eng/shibahara/assets/Image4-35.jpg]
[C:/Users/peper/OneDrive/ドキュメント/柴原研究室/www.omu.ac.jp/eng/shibahara/info/news/entry-44981.html]
[C:/Users/peper/OneDrive/ドキュメント/柴原研究室/www.omu.ac.jp/eng/shibahara/assets/attachmentfile/attachmentfile-file-37058.jpg]
[C:/Users/peper/OneDrive/ドキュメント/柴原研究室/www.omu.ac.jp/eng/shibahara/assets/Image8-17-2048x1535.jpg]
[C:/Users/peper/OneDrive/ドキュメント/柴原研究室/www.omu.ac.jp/eng/shibahara/info/news/entry-44977.html]
[C:/Users/peper/OneDrive/ドキュメント/柴原研究室/www.omu.ac.jp/eng/shibahara/assets/attachmentfile/attachmentfile-file-37057.jpg]
[C:/Users/peper/OneDrive/ドキュメント/柴原研究室/www.omu.ac.jp/eng/shibahara/assets/Image2-44-2048x1533.jpg]
[C:/Users/peper/OneDrive/ドキュメント/柴原研究室/www.omu.ac.jp/eng/shibahara/info/news/entry-44976.html]
[C:/Users/peper/OneDrive/ドキュメント/柴原研究室/www.omu.ac.jp/eng/shibahara/assets/attachmentfile/attachmentfile-file-37059.jpg]
[C:/Users/peper/OneDrive/ドキュメント/柴原研究室/www.omu.ac.jp/eng/shibahara/assets/Image1-37.jpg]
[C:/Users/peper/OneDrive/ドキュメント/柴原研究室/www.omu.ac.jp/eng/shibahara/info/news/entry-44979.html]
[C:/Users/peper/OneDrive/ドキュメント/柴原研究室/www.omu.ac.jp/eng/shibahara/assets/attachmentfile/attachmentfile-file-37056.jpg]
[C:/Users/peper/OneDrive/ドキュメント/柴原研究室/www.omu.ac.jp/eng/shibahara/assets/%E5%89%8D%E7%94%B0%E6%96%B0%E5%A4%AA%E9%83%8E-scaled.jpg]
[C:/Users/peper/OneDrive/ドキュメント/柴原研究室/www.omu.ac.jp/eng/shibahara/info/news/entry-44975.html]
[C:/Users/peper/OneDrive/ドキュメント/柴原研究室/www.omu.ac.jp/omu-content/uploads/sites/1156/320A7950-scaled.html]
[C:/Users/peper/OneDrive/ドキュメント/柴原研究室/www.omu.ac.jp/eng/shibahara/assets/attachmentfile/attachmentfile-file-36779.jpg]
[C:/Users/peper/OneDrive/ドキュメント/柴原研究室/www.omu.ac.jp/eng/shibahara/assets/Image1-32-scaled.jpg]
[C:/Users/peper/OneDrive/ドキュメント/柴原研究室/www.omu.ac.jp/eng/shibahara/info/news/entry-44773.html]
[C:/Users/peper/OneDrive/ドキュメント/柴原研究室/www.omu.ac.jp/eng/shibahara/assets/attachmentfile/attachmentfile-file-36778.jpg]
[C:/Users/peper/OneDrive/ドキュメント/柴原研究室/www.omu.ac.jp/eng/shibahara/assets/Image3-16-2048x1629.jpg]
[C:/Users/peper/OneDrive/ドキュメント/柴原研究室/www.omu.ac.jp/eng/shibahara/info/news/entry-44772.html]
[C:/Users/peper/OneDrive/ドキュメント/柴原研究室/www.omu.ac.jp/eng/shibahara/assets/attachmentfile/attachmentfile-file-36777.jpg]
[C:/Users/peper/OneDrive/ドキュメント/柴原研究室/www.omu.ac.jp/eng/shibahara/assets/Image3-14-2048x1553.jpg]
[C:/Users/peper/OneDrive/ドキュメント/柴原研究室/www.omu.ac.jp/eng/shibahara/info/news/entry-44771.html]
[C:/Users/peper/OneDrive/ドキュメント/柴原研究室/www.omu.ac.jp/eng/shibahara/assets/attachmentfile/attachmentfile-file-36776.jpg]
[C:/Users/peper/OneDrive/ドキュメント/柴原研究室/www.omu.ac.jp/eng/shibahara/assets/IMG_1724-2048x1365.jpg]
[C:/Users/peper/OneDrive/ドキュメント/柴原研究室/www.omu.ac.jp/eng/shibahara/assets/IMG_1718-2-2048x1365_1.jpg]
[C:/Users/peper/OneDrive/ドキュメント/柴原研究室/www.omu.ac.jp/eng/shibahara/info/news/entry-44770.html]
[C:/Users/peper/OneDrive/ドキュメント/柴原研究室/www.omu.ac.jp/eng/shibahara/assets/attachmentfile/attachmentfile-file-36775.jpg]
[C:/Users/peper/OneDrive/ドキュメント/柴原研究室/www.omu.ac.jp/eng/shibahara/assets/S__27451424-2048x1037.jpg]
[C:/Users/peper/OneDrive/ドキュメント/柴原研究室/www.omu.ac.jp/eng/shibahara/assets/S__27451423.jpg]
[C:/Users/peper/OneDrive/ドキュメント/柴原研究室/www.omu.ac.jp/eng/shibahara/info/news/entry-44769.html]
[C:/Users/peper/OneDrive/ドキュメント/柴原研究室/www.omu.ac.jp/omu-content/uploads/sites/1156/S__27189558-scaled.html]
[C:/Users/peper/OneDrive/ドキュメント/柴原研究室/www.omu.ac.jp/eng/shibahara/assets/attachmentfile/attachmentfile-file-36745.jpg]
[C:/Users/peper/OneDrive/ドキュメント/柴原研究室/www.omu.ac.jp/eng/shibahara/assets/Image2-23-2048x1536.jpg]
[C:/Users/peper/OneDrive/ドキュメント/柴原研究室/www.omu.ac.jp/eng/shibahara/assets/Image17-4-2048x1539.jpg]
[C:/Users/peper/OneDrive/ドキュメント/柴原研究室/www.omu.ac.jp/eng/shibahara/assets/Image20-2-2048x1530.jpg]
[C:/Users/peper/OneDrive/ドキュメント/柴原研究室/www.omu.ac.jp/eng/shibahara/assets/Image23-2-2048x1537.jpg]
[C:/Users/peper/OneDrive/ドキュメント/柴原研究室/www.omu.ac.jp/eng/shibahara/info/news/entry-44681.html]
[C:/Users/peper/OneDrive/ドキュメント/柴原研究室/www.omu.ac.jp/eng/shibahara/assets/attachmentfile/attachmentfile-file-36740.jpg]
[C:/Users/peper/OneDrive/ドキュメント/柴原研究室/www.omu.ac.jp/eng/shibahara/assets/IMG_0910-2048x1365.jpg]
[C:/Users/peper/OneDrive/ドキュメント/柴原研究室/www.omu.ac.jp/eng/shibahara/assets/IMG_0916-1-scaled.jpg]
[C:/Users/peper/OneDrive/ドキュメント/柴原研究室/www.omu.ac.jp/eng/shibahara/info/news/entry-44677.html]
[C:/Users/peper/OneDrive/ドキュメント/柴原研究室/www.omu.ac.jp/eng/shibahara/assets/attachmentfile/attachmentfile-file-36731.jpg]
[C:/Users/peper/OneDrive/ドキュメント/柴原研究室/www.omu.ac.jp/eng/shibahara/assets/Image3-10.jpg]
[C:/Users/peper/OneDrive/ドキュメント/柴原研究室/www.omu.ac.jp/eng/shibahara/info/news/entry-44672.html]
[C:/Users/peper/OneDrive/ドキュメント/柴原研究室/www.omu.ac.jp/eng/shibahara/assets/attachmentfile/attachmentfile-file-36726.jpg]
[C:/Users/peper/OneDrive/ドキュメント/柴原研究室/www.omu.ac.jp/eng/shibahara/assets/Image2-16.jpg]
[C:/Users/peper/OneDrive/ドキュメント/柴原研究室/www.omu.ac.jp/eng/shibahara/info/news/entry-44669.html]
[C:/Users/peper/OneDrive/ドキュメント/柴原研究室/www.omu.ac.jp/eng/shibahara/assets/attachmentfile/attachmentfile-file-36725.jpg]
[C:/Users/peper/OneDrive/ドキュメント/柴原研究室/www.omu.ac.jp/eng/shibahara/info/news/entry-44668.html]
[C:/Users/peper/OneDrive/ドキュメント/柴原研究室/www.omu.ac.jp/eng/shibahara/assets/attachmentfile/attachmentfile-file-36721.jpg]
[C:/Users/peper/OneDrive/ドキュメント/柴原研究室/www.omu.ac.jp/eng/shibahara/assets/3F859DD1-F299-4988-8974-307C1B25A514-768x1024.jpg]
[C:/Users/peper/OneDrive/ドキュメント/柴原研究室/www.omu.ac.jp/eng/shibahara/info/news/entry-44667.html]
[C:/Users/peper/OneDrive/ドキュメント/柴原研究室/www.omu.ac.jp/eng/shibahara/omu-content/uploads/sites/1156/9-5.jpg]
[C:/Users/peper/OneDrive/ドキュメント/柴原研究室/yumenavi.info/img/Lg008832.jpg]
[C:/Users/peper/OneDrive/ドキュメント/柴原研究室/www.omu.ac.jp/eng/shibahara/info/news/entry-79482.html]
[C:/Users/peper/OneDrive/ドキュメント/柴原研究室/www.omu.ac.jp/eng/shibahara/assets/attachmentfile/attachmentfile-file-36669.jpg]
[C:/Users/peper/OneDrive/ドキュメント/柴原研究室/www.omu.ac.jp/eng/shibahara/assets/Image9-6.jpg]
[C:/Users/peper/OneDrive/ドキュメント/柴原研究室/www.omu.ac.jp/eng/shibahara/assets/Image8-9.jpg]
[C:/Users/peper/OneDrive/ドキュメント/柴原研究室/www.omu.ac.jp/eng/shibahara/assets/e-1024x776.jpg]
[C:/Users/peper/OneDrive/ドキュメント/柴原研究室/www.omu.ac.jp/eng/shibahara/assets/19.09.18-%E5%8C%96%E5%AD%A6%E5%B7%A5%E6%A5%AD%E6%97%A5%E5%A0%B1%E6%9C%9D%E5%88%8A7%E9%9D%A2-1024x780.jpg]
[C:/Users/peper/OneDrive/ドキュメント/柴原研究室/www.omu.ac.jp/eng/shibahara/assets/19.09.18-%E9%9B%BB%E6%B0%97%E6%96%B0%E8%81%9E%E6%9C%9D%E5%88%8A1%E9%9D%A2-596x1024.jpg]
[C:/Users/peper/OneDrive/ドキュメント/柴原研究室/www.omu.ac.jp/eng/shibahara/info/news/entry-44610.html]
[C:/Users/peper/OneDrive/ドキュメント/柴原研究室/www.omu.ac.jp/eng/shibahara/omu-content/uploads/sites/1156/Image6-9.jpg]
[C:/Users/peper/OneDrive/ドキュメント/柴原研究室/www.omu.ac.jp/eng/shibahara/info/news/entry-79481.html]
[C:/Users/peper/OneDrive/ドキュメント/柴原研究室/www.omu.ac.jp/eng/shibahara/assets/attachmentfile/attachmentfile-file-67827.jpg]
[C:/Users/peper/OneDrive/ドキュメント/柴原研究室/www.omu.ac.jp/eng/shibahara/info/news/entry-78747.html]
[C:/Users/peper/OneDrive/ドキュメント/柴原研究室/www.omu.ac.jp/eng/shibahara/assets/attachmentfile/attachmentfile-file-36666.jpg]
[C:/Users/peper/OneDrive/ドキュメント/柴原研究室/www.omu.ac.jp/eng/shibahara/info/news/entry-44607.html]
[C:/Users/peper/OneDrive/ドキュメント/柴原研究室/www.omu.ac.jp/eng/shibahara/assets/attachmentfile/attachmentfile-file-36665.jpg]
[C:/Users/peper/OneDrive/ドキュメント/柴原研究室/www.omu.ac.jp/eng/shibahara/info/news/entry-44604.html]
[C:/Users/peper/OneDrive/ドキュメント/柴原研究室/www.omu.ac.jp/eng/shibahara/assets/attachmentfile/attachmentfile-file-36664.jpg]
[C:/Users/peper/OneDrive/ドキュメント/柴原研究室/www.omu.ac.jp/eng/shibahara/assets/Image2-11.jpg]
[C:/Users/peper/OneDrive/ドキュメント/柴原研究室/www.omu.ac.jp/eng/shibahara/assets/Image4-5.jpg]
[C:/Users/peper/OneDrive/ドキュメント/柴原研究室/www.omu.ac.jp/eng/shibahara/assets/Image6-8.jpg]
[C:/Users/peper/OneDrive/ドキュメント/柴原研究室/www.omu.ac.jp/eng/shibahara/info/news/entry-44602.html]
[C:/Users/peper/OneDrive/ドキュメント/柴原研究室/www.omu.ac.jp/eng/shibahara/assets/attachmentfile/attachmentfile-file-36661.jpg]
[C:/Users/peper/OneDrive/ドキュメント/柴原研究室/www.omu.ac.jp/eng/shibahara/assets/%E5%8F%97%E8%B3%9E%E8%80%85%E5%85%A8%E5%93%A1%E5%86%99%E7%9C%9F2-1024x768.jpg]
[C:/Users/peper/OneDrive/ドキュメント/柴原研究室/www.omu.ac.jp/eng/shibahara/assets/Image1-9.jpg]
[C:/Users/peper/OneDrive/ドキュメント/柴原研究室/www.omu.ac.jp/eng/shibahara/info/news/entry-44599.html]
[C:/Users/peper/OneDrive/ドキュメント/柴原研究室/www.omu.ac.jp/eng/shibahara/assets/attachmentfile/attachmentfile-file-36660.png]
[C:/Users/peper/OneDrive/ドキュメント/柴原研究室/www.omu.ac.jp/eng/shibahara/assets/Image10-4.jpg]
[C:/Users/peper/OneDrive/ドキュメント/柴原研究室/www.omu.ac.jp/eng/shibahara/assets/100892737.png]
[C:/Users/peper/OneDrive/ドキュメント/柴原研究室/www.omu.ac.jp/eng/shibahara/info/news/entry-44597.html]
[C:/Users/peper/OneDrive/ドキュメント/柴原研究室/www.omu.ac.jp/eng/shibahara/info/news/entry-44596.html]
[C:/Users/peper/OneDrive/ドキュメント/柴原研究室/www.omu.ac.jp/eng/shibahara/assets/attachmentfile/attachmentfile-file-36656.jpg]
[C:/Users/peper/OneDrive/ドキュメント/柴原研究室/www.omu.ac.jp/eng/shibahara/assets/dfede-768x1743.jpg]
[C:/Users/peper/OneDrive/ドキュメント/柴原研究室/www.omu.ac.jp/eng/shibahara/assets/Image6-4.jpg]
[C:/Users/peper/OneDrive/ドキュメント/柴原研究室/www.omu.ac.jp/eng/shibahara/assets/Image12-3.jpg]
[C:/Users/peper/OneDrive/ドキュメント/柴原研究室/www.omu.ac.jp/eng/shibahara/info/news/entry-44591.html]
[C:/Users/peper/OneDrive/ドキュメント/柴原研究室/www.omu.ac.jp/eng/shibahara/assets/attachmentfile/attachmentfile-file-36655.jpg]
[C:/Users/peper/OneDrive/ドキュメント/柴原研究室/www.omu.ac.jp/eng/shibahara/assets/Image5-6-768x334.jpg]
[C:/Users/peper/OneDrive/ドキュメント/柴原研究室/www.omu.ac.jp/eng/shibahara/info/news/entry-44590.html]
[C:/Users/peper/OneDrive/ドキュメント/柴原研究室/www.omu.ac.jp/eng/shibahara/assets/attachmentfile/attachmentfile-file-36557.jpg]
[C:/Users/peper/OneDrive/ドキュメント/柴原研究室/www.omu.ac.jp/eng/shibahara/assets/333-6-1024x823.jpg]
[C:/Users/peper/OneDrive/ドキュメント/柴原研究室/www.omu.ac.jp/eng/shibahara/assets/DSC_4549_00025-1024x683.jpg]
[C:/Users/peper/OneDrive/ドキュメント/柴原研究室/www.omu.ac.jp/eng/shibahara/info/news/entry-44403.html]
[C:/Users/peper/OneDrive/ドキュメント/柴原研究室/www.omu.ac.jp/eng/shibahara/assets/attachmentfile/attachmentfile-file-36542.jpg]
[C:/Users/peper/OneDrive/ドキュメント/柴原研究室/www.omu.ac.jp/eng/shibahara/assets/111-749x1024.jpg]
[C:/Users/peper/OneDrive/ドキュメント/柴原研究室/www.omu.ac.jp/eng/shibahara/info/news/entry-44382.html]
[C:/Users/peper/OneDrive/ドキュメント/柴原研究室/www.omu.ac.jp/eng/shibahara/assets/attachmentfile/attachmentfile-file-36540.jpg]
[C:/Users/peper/OneDrive/ドキュメント/柴原研究室/www.omu.ac.jp/eng/shibahara/assets/IMG_2610-1.jpg]
[C:/Users/peper/OneDrive/ドキュメント/柴原研究室/www.omu.ac.jp/eng/shibahara/info/news/entry-44375.html]
[C:/Users/peper/OneDrive/ドキュメント/柴原研究室/www.omu.ac.jp/eng/shibahara/assets/attachmentfile/attachmentfile-file-36538.jpg]
[C:/Users/peper/OneDrive/ドキュメント/柴原研究室/www.omu.ac.jp/eng/shibahara/info/news/entry-44372.html]
[C:/Users/peper/OneDrive/ドキュメント/柴原研究室/www.omu.ac.jp/eng/shibahara/assets/170804.jpg]
[C:/Users/peper/OneDrive/ドキュメント/柴原研究室/www.omu.ac.jp/eng/shibahara/info/news/entry-44369.html]
[C:/Users/peper/OneDrive/ドキュメント/柴原研究室/www.omu.ac.jp/eng/shibahara/assets/Image15-215x300.jpg]
[C:/Users/peper/OneDrive/ドキュメント/柴原研究室/www.omu.ac.jp/eng/shibahara/assets/Image16.jpg]
[C:/Users/peper/OneDrive/ドキュメント/柴原研究室/www.omu.ac.jp/eng/shibahara/info/news/entry-44366.html]
[C:/Users/peper/OneDrive/ドキュメント/柴原研究室/www.omu.ac.jp/eng/shibahara/assets/S__4874300-768x1024.jpg]
[C:/Users/peper/OneDrive/ドキュメント/柴原研究室/www.omu.ac.jp/eng/shibahara/info/news/entry-44354.html]
[C:/Users/peper/OneDrive/ドキュメント/柴原研究室/www.omu.ac.jp/eng/shibahara/assets/attachmentfile/attachmentfile-file-36421.jpg]
[C:/Users/peper/OneDrive/ドキュメント/柴原研究室/www.omu.ac.jp/eng/shibahara/assets/5-2-768x731.jpg]
[C:/Users/peper/OneDrive/ドキュメント/柴原研究室/www.omu.ac.jp/eng/shibahara/info/news/entry-44154.html]
[C:/Users/peper/OneDrive/ドキュメント/柴原研究室/www.omu.ac.jp/eng/shibahara/assets/attachmentfile/attachmentfile-file-36420.jpg]
[C:/Users/peper/OneDrive/ドキュメント/柴原研究室/www.omu.ac.jp/eng/shibahara/assets/22.jpg]
[C:/Users/peper/OneDrive/ドキュメント/柴原研究室/www.omu.ac.jp/eng/shibahara/assets/21.jpg]
[C:/Users/peper/OneDrive/ドキュメント/柴原研究室/www.omu.ac.jp/eng/shibahara/info/news/entry-44152.html]
[C:/Users/peper/OneDrive/ドキュメント/柴原研究室/www.omu.ac.jp/eng/shibahara/assets/attachmentfile/attachmentfile-file-36419.jpg]
[C:/Users/peper/OneDrive/ドキュメント/柴原研究室/www.omu.ac.jp/eng/shibahara/assets/Image5.jpg]
[C:/Users/peper/OneDrive/ドキュメント/柴原研究室/www.omu.ac.jp/eng/shibahara/info/news/entry-44151.html]
[C:/Users/peper/OneDrive/ドキュメント/柴原研究室/www.omu.ac.jp/eng/shibahara/assets/attachmentfile/attachmentfile-file-36418.jpg]
[C:/Users/peper/OneDrive/ドキュメント/柴原研究室/www.omu.ac.jp/eng/shibahara/assets/Image18-1.jpg]
[C:/Users/peper/OneDrive/ドキュメント/柴原研究室/www.omu.ac.jp/eng/shibahara/info/news/entry-44150.html]
[C:/Users/peper/OneDrive/ドキュメント/柴原研究室/michitake.osakafu-u.ac.jp/osakafu-content/uploads/sites/235/2016/05/3IMG_6250-e1505200604168.html]
[C:/Users/peper/OneDrive/ドキュメント/柴原研究室/michitake.osakafu-u.ac.jp/osakafu-content/uploads/sites/235/2016/05/4IMG_6254-e1505200490662.html]
[C:/Users/peper/OneDrive/ドキュメント/柴原研究室/michitake.osakafu-u.ac.jp/osakafu-content/uploads/sites/235/2016/05/4IMG_6254-300x200.html]
[C:/Users/peper/OneDrive/ドキュメント/柴原研究室/michitake.osakafu-u.ac.jp/osakafu-content/uploads/sites/235/2016/05/5-300x225.html]
[C:/Users/peper/OneDrive/ドキュメント/柴原研究室/www.omu.ac.jp/eng/shibahara/info/news/list-news-tp19789.html]
[C:/Users/peper/OneDrive/ドキュメント/柴原研究室/www.omu.ac.jp/eng/shibahara/info/news/list-news-tp1a43c.html]
[C:/Users/peper/OneDrive/ドキュメント/柴原研究室/www.omu.ac.jp/eng/shibahara/info/news/list-news-tp1ce16.html]
[C:/Users/peper/OneDrive/ドキュメント/柴原研究室/www.omu.ac.jp/eng/shibahara/info/news/list-news-tp1a0e2.html]
[C:/Users/peper/OneDrive/ドキュメント/柴原研究室/www.omu.ac.jp/eng/shibahara/info/news/list-news-tp29789.html]
[C:/Users/peper/OneDrive/ドキュメント/柴原研究室/www.omu.ac.jp/eng/shibahara/info/news/list-news-tp2a43c.html]
[C:/Users/peper/OneDrive/ドキュメント/柴原研究室/www.omu.ac.jp/eng/shibahara/info/news/list-news-tp2ce16.html]
[C:/Users/peper/OneDrive/ドキュメント/柴原研究室/www.omu.ac.jp/eng/shibahara/info/news/list-news-tp2a0e2.html]
[C:/Users/peper/OneDrive/ドキュメント/柴原研究室/www.omu.ac.jp/eng/shibahara/assets/attachmentfile/attachmentfile-file-37353.jpg]
[C:/Users/peper/OneDrive/ドキュメント/柴原研究室/www.omu.ac.jp/eng/shibahara/assets/Image2-83-2048x1535.jpg]
[C:/Users/peper/OneDrive/ドキュメント/柴原研究室/www.omu.ac.jp/eng/shibahara/assets/Image8-17-scaled.jpg]
[C:/Users/peper/OneDrive/ドキュメント/柴原研究室/www.omu.ac.jp/eng/shibahara/assets/Image2-44-scaled.jpg]
[C:/Users/peper/OneDrive/ドキュメント/柴原研究室/www.omu.ac.jp/eng/shibahara/info/news/entry-45264.html]
[C:/Users/peper/OneDrive/ドキュメント/柴原研究室/www.omu.ac.jp/eng/shibahara/info/news/indexf6d0.html]
[C:/Users/peper/OneDrive/ドキュメント/柴原研究室/www.omu.ac.jp/eng/shibahara/info/news/index77fe.html]
[C:/Users/peper/OneDrive/ドキュメント/柴原研究室/www.omu.ac.jp/eng/shibahara/info/news/index2dac.html]
[C:/Users/peper/OneDrive/ドキュメント/柴原研究室/www.omu.ac.jp/eng/shibahara/info/news/indexaa93.html]
[C:/Users/peper/OneDrive/ドキュメント/柴原研究室/www.omu.ac.jp/eng/shibahara/info/news/index611f.html]
[C:/Users/peper/OneDrive/ドキュメント/柴原研究室/www.omu.ac.jp/eng/shibahara/omu-content/uploads/sites/1156/Image9-24.jpg]
[C:/Users/peper/OneDrive/ドキュメント/柴原研究室/www.omu.ac.jp/eng/shibahara/info/news/entry-79477.html]
[C:/Users/peper/OneDrive/ドキュメント/柴原研究室/www.omu.ac.jp/eng/shibahara/assets/attachmentfile/attachmentfile-file-37356.jpg]
[C:/Users/peper/OneDrive/ドキュメント/柴原研究室/www.omu.ac.jp/eng/shibahara/assets/S__36003847.jpg]
[C:/Users/peper/OneDrive/ドキュメント/柴原研究室/www.omu.ac.jp/eng/shibahara/assets/Image2-85_1.jpg]
[C:/Users/peper/OneDrive/ドキュメント/柴原研究室/www.omu.ac.jp/eng/shibahara/assets/S__36003844.jpg]
[C:/Users/peper/OneDrive/ドキュメント/柴原研究室/www.omu.ac.jp/eng/shibahara/assets/S__36003849.jpg]
[C:/Users/peper/OneDrive/ドキュメント/柴原研究室/www.omu.ac.jp/eng/shibahara/assets/S__36003842.jpg]
[C:/Users/peper/OneDrive/ドキュメント/柴原研究室/www.omu.ac.jp/eng/shibahara/assets/S__36003848.jpg]
[C:/Users/peper/OneDrive/ドキュメント/柴原研究室/www.omu.ac.jp/eng/shibahara/assets/S__36003845.jpg]
[C:/Users/peper/OneDrive/ドキュメント/柴原研究室/www.omu.ac.jp/eng/shibahara/info/news/entry-45267.html]
[C:/Users/peper/OneDrive/ドキュメント/柴原研究室/www.omu.ac.jp/eng/shibahara/assets/attachmentfile/attachmentfile-file-37354.jpg]
[C:/Users/peper/OneDrive/ドキュメント/柴原研究室/www.omu.ac.jp/eng/shibahara/assets/Image18-16-2048x1530.jpg]
[C:/Users/peper/OneDrive/ドキュメント/柴原研究室/www.omu.ac.jp/eng/shibahara/assets/Image14-23-2048x1538.jpg]
[C:/Users/peper/OneDrive/ドキュメント/柴原研究室/www.omu.ac.jp/eng/shibahara/assets/Image16-16-2048x1535.jpg]
[C:/Users/peper/OneDrive/ドキュメント/柴原研究室/www.omu.ac.jp/eng/shibahara/assets/Image7-32-2048x1541.jpg]
[C:/Users/peper/OneDrive/ドキュメント/柴原研究室/www.omu.ac.jp/eng/shibahara/assets/Image8-29-2048x1536.jpg]
[C:/Users/peper/OneDrive/ドキュメント/柴原研究室/www.omu.ac.jp/eng/shibahara/assets/Image9-23-2048x1538_1.jpg]
[C:/Users/peper/OneDrive/ドキュメント/柴原研究室/www.omu.ac.jp/eng/shibahara/assets/Image21-13-2048x1535.jpg]
[C:/Users/peper/OneDrive/ドキュメント/柴原研究室/www.omu.ac.jp/eng/shibahara/assets/Image6-41-2048x1426.jpg]
[C:/Users/peper/OneDrive/ドキュメント/柴原研究室/www.omu.ac.jp/eng/shibahara/info/news/entry-45265.html]
[C:/Users/peper/OneDrive/ドキュメント/柴原研究室/www.omu.ac.jp/eng/shibahara/omu-content/uploads/sites/1156/S__35831873.jpg]
[C:/Users/peper/OneDrive/ドキュメント/柴原研究室/www.omu.ac.jp/eng/shibahara/info/news/entry-79476.html]
[C:/Users/peper/OneDrive/ドキュメント/柴原研究室/www.omu.ac.jp/eng/shibahara/assets/attachmentfile/attachmentfile-file-37352.jpg]
[C:/Users/peper/OneDrive/ドキュメント/柴原研究室/www.omu.ac.jp/eng/shibahara/assets/Image3-47-2048x1163.jpg]
[C:/Users/peper/OneDrive/ドキュメント/柴原研究室/www.omu.ac.jp/eng/shibahara/assets/Img_0680-2048x1365.jpg]
[C:/Users/peper/OneDrive/ドキュメント/柴原研究室/www.omu.ac.jp/eng/shibahara/assets/Img_0687-2048x1365.jpg]
[C:/Users/peper/OneDrive/ドキュメント/柴原研究室/www.omu.ac.jp/eng/shibahara/assets/Img_0635-2048x1365.jpg]
[C:/Users/peper/OneDrive/ドキュメント/柴原研究室/www.omu.ac.jp/eng/shibahara/assets/Img_0649-2048x1365.jpg]
[C:/Users/peper/OneDrive/ドキュメント/柴原研究室/www.omu.ac.jp/eng/shibahara/info/news/entry-45263.html]
[C:/Users/peper/OneDrive/ドキュメント/柴原研究室/www.omu.ac.jp/omu-content/uploads/sites/1156/Image11-12-scaled.jpg]
[C:/Users/peper/OneDrive/ドキュメント/柴原研究室/cms.omu.ac.jp/omu-content/uploads/sites/1156/Image11-12-scaled.jpg]
[C:/Users/peper/OneDrive/ドキュメント/柴原研究室/www.facebook.com/sharer/sharerc8ae.php]
[C:/Users/peper/OneDrive/ドキュメント/柴原研究室/social-plugins.line.me/lineit/share9a3d]
[C:/Users/peper/OneDrive/ドキュメント/柴原研究室/www.omu.ac.jp/omu-content/uploads/sites/1156/Image24-3-scaled.html]
[C:/Users/peper/OneDrive/ドキュメント/柴原研究室/www.omu.ac.jp/eng/shibahara/info/news/list-news-tp1f6d0.html]
[C:/Users/peper/OneDrive/ドキュメント/柴原研究室/www.omu.ac.jp/eng/shibahara/info/news/list-news-tp177fe.html]
[C:/Users/peper/OneDrive/ドキュメント/柴原研究室/www.omu.ac.jp/eng/shibahara/info/news/list-news-tp12dac.html]
[C:/Users/peper/OneDrive/ドキュメント/柴原研究室/www.omu.ac.jp/eng/shibahara/info/news/list-news-tp1aa93.html]
[C:/Users/peper/OneDrive/ドキュメント/柴原研究室/www.omu.ac.jp/eng/shibahara/info/news/list-news-tp2f6d0.html]
[C:/Users/peper/OneDrive/ドキュメント/柴原研究室/www.omu.ac.jp/eng/shibahara/info/news/index87b5.html]
[C:/Users/peper/OneDrive/ドキュメント/柴原研究室/www.omu.ac.jp/eng/shibahara/info/news/indexf291.html]
[C:/Users/peper/OneDrive/ドキュメント/柴原研究室/www.omu.ac.jp/eng/shibahara/info/news/index947e.html]
[C:/Users/peper/OneDrive/ドキュメント/柴原研究室/www.omu.ac.jp/eng/shibahara/info/news/indexe594.html]
[C:/Users/peper/OneDrive/ドキュメント/柴原研究室/twitter.com/sharefa59]
[C:/Users/peper/OneDrive/ドキュメント/柴原研究室/twitter.com/share08e8]
[C:/Users/peper/OneDrive/ドキュメント/柴原研究室/twitter.com/share5809]
[C:/Users/peper/OneDrive/ドキュメント/柴原研究室/twitter.com/sharef379]
[C:/Users/peper/OneDrive/ドキュメント/柴原研究室/twitter.com/share71ee]
[C:/Users/peper/OneDrive/ドキュメント/柴原研究室/twitter.com/share5135]
[C:/Users/peper/OneDrive/ドキュメント/柴原研究室/twitter.com/share992f]
[C:/Users/peper/OneDrive/ドキュメント/柴原研究室/twitter.com/share3cb5]
[C:/Users/peper/OneDrive/ドキュメント/柴原研究室/twitter.com/sharea396]
[C:/Users/peper/OneDrive/ドキュメント/柴原研究室/twitter.com/share36ca]
[C:/Users/peper/OneDrive/ドキュメント/柴原研究室/twitter.com/share4870]
[C:/Users/peper/OneDrive/ドキュメント/柴原研究室/twitter.com/share9282]
[C:/Users/peper/OneDrive/ドキュメント/柴原研究室/twitter.com/share9da4]
[C:/Users/peper/OneDrive/ドキュメント/柴原研究室/twitter.com/share697e]
[C:/Users/peper/OneDrive/ドキュメント/柴原研究室/twitter.com/sharea58a]
[C:/Users/peper/OneDrive/ドキュメント/柴原研究室/twitter.com/share8ae8]
[C:/Users/peper/OneDrive/ドキュメント/柴原研究室/twitter.com/share9a3d]
[C:/Users/peper/OneDrive/ドキュメント/柴原研究室/twitter.com/sharee864]
[C:/Users/peper/OneDrive/ドキュメント/柴原研究室/twitter.com/shared318]
[C:/Users/peper/OneDrive/ドキュメント/柴原研究室/twitter.com/share080f]
[C:/Users/peper/OneDrive/ドキュメント/柴原研究室/twitter.com/sharea380]
[C:/Users/peper/OneDrive/ドキュメント/柴原研究室/twitter.com/share23be]
[C:/Users/peper/OneDrive/ドキュメント/柴原研究室/twitter.com/share22f4]
[C:/Users/peper/OneDrive/ドキュメント/柴原研究室/twitter.com/share9ee8]
[C:/Users/peper/OneDrive/ドキュメント/柴原研究室/twitter.com/share5bd3]
[C:/Users/peper/OneDrive/ドキュメント/柴原研究室/twitter.com/sharef825]
[C:/Users/peper/OneDrive/ドキュメント/柴原研究室/twitter.com/share849b]
[C:/Users/peper/OneDrive/ドキュメント/柴原研究室/twitter.com/share951b]
[C:/Users/peper/OneDrive/ドキュメント/柴原研究室/twitter.com/sharef10a]
[C:/Users/peper/OneDrive/ドキュメント/柴原研究室/twitter.com/shareb384]
[C:/Users/peper/OneDrive/ドキュメント/柴原研究室/twitter.com/shared3f6]
[C:/Users/peper/OneDrive/ドキュメント/柴原研究室/twitter.com/sharedc3d]
[C:/Users/peper/OneDrive/ドキュメント/柴原研究室/twitter.com/share5129]
[C:/Users/peper/OneDrive/ドキュメント/柴原研究室/twitter.com/share169b]
[C:/Users/peper/OneDrive/ドキュメント/柴原研究室/twitter.com/sharea247]
[C:/Users/peper/OneDrive/ドキュメント/柴原研究室/twitter.com/share3e5f]
[C:/Users/peper/OneDrive/ドキュメント/柴原研究室/twitter.com/share29bb]
[C:/Users/peper/OneDrive/ドキュメント/柴原研究室/twitter.com/sharece2d]
[C:/Users/peper/OneDrive/ドキュメント/柴原研究室/twitter.com/share05d5]
[C:/Users/peper/OneDrive/ドキュメント/柴原研究室/twitter.com/share79d7]
[C:/Users/peper/OneDrive/ドキュメント/柴原研究室/twitter.com/sharebf00]
[C:/Users/peper/OneDrive/ドキュメント/柴原研究室/twitter.com/sharecc31]
[C:/Users/peper/OneDrive/ドキュメント/柴原研究室/twitter.com/share4483]
[C:/Users/peper/OneDrive/ドキュメント/柴原研究室/twitter.com/share94cb]
[C:/Users/peper/OneDrive/ドキュメント/柴原研究室/twitter.com/share87e6]
[C:/Users/peper/OneDrive/ドキュメント/柴原研究室/twitter.com/share0aa2]
[C:/Users/peper/OneDrive/ドキュメント/柴原研究室/twitter.com/shareb277]
[C:/Users/peper/OneDrive/ドキュメント/柴原研究室/twitter.com/share229d]
[C:/Users/peper/OneDrive/ドキュメント/柴原研究室/twitter.com/share7cb6]
[C:/Users/peper/OneDrive/ドキュメント/柴原研究室/twitter.com/shareea59]
[C:/Users/peper/OneDrive/ドキュメント/柴原研究室/twitter.com/share56fa]
[C:/Users/peper/OneDrive/ドキュメント/柴原研究室/twitter.com/share0099]
[C:/Users/peper/OneDrive/ドキュメント/柴原研究室/twitter.com/share8c42]
[C:/Users/peper/OneDrive/ドキュメント/柴原研究室/twitter.com/share6d3b]
[C:/Users/peper/OneDrive/ドキュメント/柴原研究室/twitter.com/shareb666]
[C:/Users/peper/OneDrive/ドキュメント/柴原研究室/twitter.com/shared971]
[C:/Users/peper/OneDrive/ドキュメント/柴原研究室/twitter.com/share4281]
[C:/Users/peper/OneDrive/ドキュメント/柴原研究室/twitter.com/sharecf49]
[C:/Users/peper/OneDrive/ドキュメント/柴原研究室/twitter.com/share3040]
[C:/Users/peper/OneDrive/ドキュメント/柴原研究室/twitter.com/share62ac]
[C:/Users/peper/OneDrive/ドキュメント/柴原研究室/twitter.com/share614b]
[C:/Users/peper/OneDrive/ドキュメント/柴原研究室/twitter.com/share8137]
[C:/Users/peper/OneDrive/ドキュメント/柴原研究室/twitter.com/share2b8f]
[C:/Users/peper/OneDrive/ドキュメント/柴原研究室/twitter.com/share5a7d]
[C:/Users/peper/OneDrive/ドキュメント/柴原研究室/twitter.com/sharea21e]
[C:/Users/peper/OneDrive/ドキュメント/柴原研究室/twitter.com/share36a3]
[C:/Users/peper/OneDrive/ドキュメント/柴原研究室/twitter.com/sharec375]
[C:/Users/peper/OneDrive/ドキュメント/柴原研究室/twitter.com/share8b1b]
[C:/Users/peper/OneDrive/ドキュメント/柴原研究室/twitter.com/sharee047]
[C:/Users/peper/OneDrive/ドキュメント/柴原研究室/twitter.com/shareaefa]
[C:/Users/peper/OneDrive/ドキュメント/柴原研究室/twitter.com/share89a2]
[C:/Users/peper/OneDrive/ドキュメント/柴原研究室/twitter.com/share4f92]
[C:/Users/peper/OneDrive/ドキュメント/柴原研究室/twitter.com/sharef5c3]
[C:/Users/peper/OneDrive/ドキュメント/柴原研究室/twitter.com/share1d25]
[C:/Users/peper/OneDrive/ドキュメント/柴原研究室/twitter.com/share40c9]
[C:/Users/peper/OneDrive/ドキュメント/柴原研究室/www.omu.ac.jp/eng/shibahara/info/news/list-news-tp187b5.html]
[C:/Users/peper/OneDrive/ドキュメント/柴原研究室/www.omu.ac.jp/eng/shibahara/info/news/list-news-tp1f291.html]
[C:/Users/peper/OneDrive/ドキュメント/柴原研究室/www.omu.ac.jp/eng/shibahara/info/news/list-news-tp1947e.html]
[C:/Users/peper/OneDrive/ドキュメント/柴原研究室/www.omu.ac.jp/eng/shibahara/info/news/list-news-tp1e594.html]
[C:/Users/peper/OneDrive/ドキュメント/柴原研究室/twitter.com/share05ce]
[C:/Users/peper/OneDrive/ドキュメント/柴原研究室/twitter.com/share8e12]
[C:/Users/peper/OneDrive/ドキュメント/柴原研究室/twitter.com/sharede1d]
[C:/Users/peper/OneDrive/ドキュメント/柴原研究室/www.omu.ac.jp/eng/shibahara/info/news/indexcdde.html]
[C:/Users/peper/OneDrive/ドキュメント/柴原研究室/www.omu.ac.jp/eng/shibahara/info/news/indexbf21.html]
[C:/Users/peper/OneDrive/ドキュメント/柴原研究室/www.omu.ac.jp/eng/shibahara/info/news/index12c3.html]
[C:/Users/peper/OneDrive/ドキュメント/柴原研究室/www.omu.ac.jp/eng/shibahara/info/news/index743d.html]
[C:/Users/peper/OneDrive/ドキュメント/柴原研究室/twitter.com/share0be0]
[C:/Users/peper/OneDrive/ドキュメント/柴原研究室/twitter.com/share0c78]
[C:/Users/peper/OneDrive/ドキュメント/柴原研究室/twitter.com/shared210]
[C:/Users/peper/OneDrive/ドキュメント/柴原研究室/twitter.com/share18c0]
[C:/Users/peper/OneDrive/ドキュメント/柴原研究室/twitter.com/share42fe]
[C:/Users/peper/OneDrive/ドキュメント/柴原研究室/twitter.com/share3dba]
[C:/Users/peper/OneDrive/ドキュメント/柴原研究室/twitter.com/share61e3]
[C:/Users/peper/OneDrive/ドキュメント/柴原研究室/twitter.com/share6cb3]
[C:/Users/peper/OneDrive/ドキュメント/柴原研究室/twitter.com/share70e8]
[C:/Users/peper/OneDrive/ドキュメント/柴原研究室/twitter.com/shareada6]
[C:/Users/peper/OneDrive/ドキュメント/柴原研究室/twitter.com/sharedbbc]
[C:/Users/peper/OneDrive/ドキュメント/柴原研究室/twitter.com/sharef8f6]
[C:/Users/peper/OneDrive/ドキュメント/柴原研究室/twitter.com/sharef775]
[C:/Users/peper/OneDrive/ドキュメント/柴原研究室/twitter.com/shared345]
[C:/Users/peper/OneDrive/ドキュメント/柴原研究室/twitter.com/share8a83]
[C:/Users/peper/OneDrive/ドキュメント/柴原研究室/twitter.com/share50ad]
[C:/Users/peper/OneDrive/ドキュメント/柴原研究室/twitter.com/share85ff]
[C:/Users/peper/OneDrive/ドキュメント/柴原研究室/twitter.com/share70a2]
[C:/Users/peper/OneDrive/ドキュメント/柴原研究室/twitter.com/share1756]
[C:/Users/peper/OneDrive/ドキュメント/柴原研究室/twitter.com/shareaa46]
[C:/Users/peper/OneDrive/ドキュメント/柴原研究室/twitter.com/shareb633]
[C:/Users/peper/OneDrive/ドキュメント/柴原研究室/twitter.com/share49c4]
[C:/Users/peper/OneDrive/ドキュメント/柴原研究室/twitter.com/share9e36]
[C:/Users/peper/OneDrive/ドキュメント/柴原研究室/twitter.com/share8431]
[C:/Users/peper/OneDrive/ドキュメント/柴原研究室/twitter.com/sharea8b4]
[C:/Users/peper/OneDrive/ドキュメント/柴原研究室/twitter.com/share8a52]
[C:/Users/peper/OneDrive/ドキュメント/柴原研究室/twitter.com/share1094]
[C:/Users/peper/OneDrive/ドキュメント/柴原研究室/twitter.com/share48c9]
[C:/Users/peper/OneDrive/ドキュメント/柴原研究室/twitter.com/sharee5a3]
[C:/Users/peper/OneDrive/ドキュメント/柴原研究室/twitter.com/sharefcd6]
[C:/Users/peper/OneDrive/ドキュメント/柴原研究室/twitter.com/share3f14]
[C:/Users/peper/OneDrive/ドキュメント/柴原研究室/twitter.com/share99d1]
[C:/Users/peper/OneDrive/ドキュメント/柴原研究室/twitter.com/sharecbe9]
[C:/Users/peper/OneDrive/ドキュメント/柴原研究室/twitter.com/share39d9]
[C:/Users/peper/OneDrive/ドキュメント/柴原研究室/twitter.com/sharef510]
[C:/Users/peper/OneDrive/ドキュメント/柴原研究室/twitter.com/sharec5e3]
[C:/Users/peper/OneDrive/ドキュメント/柴原研究室/twitter.com/sharea5e4]
[C:/Users/peper/OneDrive/ドキュメント/柴原研究室/twitter.com/share04a4]
[C:/Users/peper/OneDrive/ドキュメント/柴原研究室/twitter.com/share5e76]
[C:/Users/peper/OneDrive/ドキュメント/柴原研究室/twitter.com/share9dce]
[C:/Users/peper/OneDrive/ドキュメント/柴原研究室/twitter.com/share346e]
[C:/Users/peper/OneDrive/ドキュメント/柴原研究室/twitter.com/share0571]
[C:/Users/peper/OneDrive/ドキュメント/柴原研究室/twitter.com/share6c8b]
[C:/Users/peper/OneDrive/ドキュメント/柴原研究室/twitter.com/share1843]
[C:/Users/peper/OneDrive/ドキュメント/柴原研究室/twitter.com/share04fe]
[C:/Users/peper/OneDrive/ドキュメント/柴原研究室/twitter.com/share74eb]
[C:/Users/peper/OneDrive/ドキュメント/柴原研究室/twitter.com/share4f5f]
[C:/Users/peper/OneDrive/ドキュメント/柴原研究室/twitter.com/share1768]
[C:/Users/peper/OneDrive/ドキュメント/柴原研究室/twitter.com/share9d12]
[C:/Users/peper/OneDrive/ドキュメント/柴原研究室/twitter.com/share8ee9]
[C:/Users/peper/OneDrive/ドキュメント/柴原研究室/twitter.com/share6e16]
[C:/Users/peper/OneDrive/ドキュメント/柴原研究室/twitter.com/share0cd9]
[C:/Users/peper/OneDrive/ドキュメント/柴原研究室/twitter.com/share24be]
[C:/Users/peper/OneDrive/ドキュメント/柴原研究室/twitter.com/shareff27]
[C:/Users/peper/OneDrive/ドキュメント/柴原研究室/twitter.com/share2878]
[C:/Users/peper/OneDrive/ドキュメント/柴原研究室/twitter.com/shareb3e7]
[C:/Users/peper/OneDrive/ドキュメント/柴原研究室/twitter.com/shareaf23]
[C:/Users/peper/OneDrive/ドキュメント/柴原研究室/twitter.com/share95dd]
[C:/Users/peper/OneDrive/ドキュメント/柴原研究室/twitter.com/shareb725]
[C:/Users/peper/OneDrive/ドキュメント/柴原研究室/www.omu.ac.jp/eng/shibahara/info/news/list-news-tp1cdde.html]
[C:/Users/peper/OneDrive/ドキュメント/柴原研究室/www.omu.ac.jp/eng/shibahara/info/news/list-news-tp1bf21.html]
[C:/Users/peper/OneDrive/ドキュメント/柴原研究室/twitter.com/sharedd80]
[C:/Users/peper/OneDrive/ドキュメント/柴原研究室/www.omu.ac.jp/eng/shibahara/info/news/index7fc1.html]
[C:/Users/peper/OneDrive/ドキュメント/柴原研究室/www.omu.ac.jp/eng/shibahara/info/news/index5ed1.html]
[C:/Users/peper/OneDrive/ドキュメント/柴原研究室/www.omu.ac.jp/eng/shibahara/info/news/index5035.html]
[C:/Users/peper/OneDrive/ドキュメント/柴原研究室/www.omu.ac.jp/eng/shibahara/info/news/index6c31.html]
[C:/Users/peper/OneDrive/ドキュメント/柴原研究室/twitter.com/sharee0e5]
[C:/Users/peper/OneDrive/ドキュメント/柴原研究室/twitter.com/share899d]
[C:/Users/peper/OneDrive/ドキュメント/柴原研究室/twitter.com/sharef448]
[C:/Users/peper/OneDrive/ドキュメント/柴原研究室/www.omu.ac.jp/eng/shibahara/info/news/index9480.html]
[C:/Users/peper/OneDrive/ドキュメント/柴原研究室/www.omu.ac.jp/eng/shibahara/info/news/index6207.html]
[C:/Users/peper/OneDrive/ドキュメント/柴原研究室/www.omu.ac.jp/eng/shibahara/info/news/index90fb.html]
[C:/Users/peper/OneDrive/ドキュメント/柴原研究室/www.omu.ac.jp/eng/shibahara/info/news/index1c9a.html]
[C:/Users/peper/OneDrive/ドキュメント/柴原研究室/www.omu.ac.jp/eng/shibahara/info/news/indexea27.html]
[C:/Users/peper/OneDrive/ドキュメント/柴原研究室/www.omu.ac.jp/eng/shibahara/info/news/indexb3e9.html]
[C:/Users/peper/OneDrive/ドキュメント/柴原研究室/www.omu.ac.jp/eng/shibahara/info/news/indexfa64.html]
[C:/Users/peper/OneDrive/ドキュメント/柴原研究室/www.omu.ac.jp/eng/shibahara/info/news/index2c2a.html]
[C:/Users/peper/OneDrive/ドキュメント/柴原研究室/www.omu.ac.jp/eng/shibahara/info/news/index04c4.html]
[C:/Users/peper/OneDrive/ドキュメント/柴原研究室/www.omu.ac.jp/eng/shibahara/info/news/indexc9a2.html]
[C:/Users/peper/OneDrive/ドキュメント/柴原研究室/www.omu.ac.jp/eng/shibahara/info/news/indexbd8a.html]
[C:/Users/peper/OneDrive/ドキュメント/柴原研究室/www.omu.ac.jp/eng/shibahara/info/news/index486e.html]
[C:/Users/peper/OneDrive/ドキュメント/柴原研究室/www.omu.ac.jp/eng/shibahara/info/news/index6c06.html]
